sale_id,sale_date,region,dealer,customer_name,model,category,sale_type,finance_type,sale_price,status,sale_year,sale_month,sale_quarter,month_label,year_quarter,revenue_tier
SAL-0003,2023-10-12,British Columbia,Westcoast Dealership,James Brown,Ix,Ev,New,Finance,100185.7,Completed,2023,10,4,2023-10,2023-Q4,Premium (90–120K)
SAL-0004,2024-04-15,Manitoba,Prairie Motors,Karen Martinez,7 Series,Sedan,New,Finance,116815.32,Completed,2024,4,2,2024-04,2024-Q2,Premium (90–120K)
SAL-0005,2023-03-13,Alberta,Rocky Mountain Motors,Jane Doe,X7,Suv,Pre-Owned,Cash,96386.22,Completed,2023,3,1,2023-03,2023-Q1,Premium (90–120K)
SAL-0006,2024-01-09,Quebec,Quebec City Motors,Patricia Davis,I7,Ev,Certified Pre-Owned,Finance,127569.48,Completed,2024,1,1,2024-01,2024-Q1,Ultra (>120K)
SAL-0010,2023-05-22,Manitoba,Prairie Motors,Charles Garcia,4 Series,Coupe,Certified Pre-Owned,Cash,64064.08,Completed,2023,5,2,2023-05,2023-Q2,Mid (60–90K)
SAL-0011,2024-01-26,Quebec,Laval Premium Cars,Lisa Clark,5 Series,Sedan,Certified Pre-Owned,Lease,62783.96,Completed,2024,1,1,2024-01,2024-Q1,Mid (60–90K)
SAL-0012,2023-10-28,Ontario,Lakeview Cars,Jessica Harris,4 Series,Coupe,New,Finance,69994.58,Completed,2023,10,4,2023-10,2023-Q4,Mid (60–90K)
SAL-0013,2023-11-02,Manitoba,Winnipeg Auto Centre,Charles Garcia,7 Series,Sedan,Pre-Owned,Cash,127172.79,Completed,2023,11,4,2023-11,2023-Q4,Ultra (>120K)
SAL-0014,2023-01-20,Manitoba,Winnipeg Auto Centre,Mary Williams,8 Series,Coupe,Certified Pre-Owned,Finance,119246.78,Completed,2023,1,1,2023-01,2023-Q1,Premium (90–120K)
SAL-0016,2023-11-16,British Columbia,Westcoast Dealership,Joseph White,X7,Suv,Pre-Owned,Lease,101674.82,Completed,2023,11,4,2023-11,2023-Q4,Premium (90–120K)
SAL-0017,2024-08-25,British Columbia,Pacific Auto Centre,Karen Martinez,4 Series,Coupe,New,Lease,62563.47,Completed,2024,8,3,2024-08,2024-Q3,Mid (60–90K)
SAL-0020,2023-12-14,Ontario,Downtown Auto Group,Mary Williams,5 Series,Sedan,New,Cash,69015.0,Completed,2023,12,4,2023-12,2023-Q4,Mid (60–90K)
SAL-0022,2024-05-07,British Columbia,Pacific Auto Centre,Michael Wilson,Ix,Ev,Certified Pre-Owned,Cash,86693.35,Completed,2024,5,2,2024-05,2024-Q2,Mid (60–90K)
SAL-0023,2024-07-23,Quebec,Quebec City Motors,Sarah Thompson,I7,Ev,New,Cash,130510.32,Completed,2024,7,3,2024-07,2024-Q3,Ultra (>120K)
SAL-0024,2024-08-21,Ontario,Lakeview Cars,Sarah Thompson,3 Series,Sedan,Pre-Owned,Lease,50888.13,Completed,2024,8,3,2024-08,2024-Q3,Entry (<60K)
SAL-0027,2024-07-30,Ontario,Downtown Auto Group,Mary Williams,I7,Ev,New,Lease,128512.95,Completed,2024,7,3,2024-07,2024-Q3,Ultra (>120K)
SAL-0028,2023-06-11,Ontario,Northside Motors,Thomas Martin,8 Series,Coupe,Pre-Owned,Lease,125284.69,Completed,2023,6,2,2023-06,2023-Q2,Ultra (>120K)
SAL-0032,2024-08-19,British Columbia,Westcoast Dealership,Karen Martinez,5 Series,Sedan,New,Finance,64415.3,Completed,2024,8,3,2024-08,2024-Q3,Mid (60–90K)
SAL-0036,2023-12-03,British Columbia,Pacific Auto Centre,David Taylor,X5,Suv,New,Finance,85941.24,Completed,2023,12,4,2023-12,2023-Q4,Mid (60–90K)
SAL-0037,2023-09-25,Manitoba,Prairie Motors,Patricia Davis,3 Series,Sedan,Pre-Owned,Finance,50374.39,Completed,2023,9,3,2023-09,2023-Q3,Entry (<60K)
SAL-0039,2024-11-11,British Columbia,Vancouver Motors,Richard Thomas,I4,Ev,Pre-Owned,Finance,77828.48,Completed,2024,11,4,2024-11,2024-Q4,Mid (60–90K)
SAL-0041,2024-07-15,British Columbia,Westcoast Dealership,John Smith,8 Series,Coupe,Certified Pre-Owned,Finance,117440.76,Completed,2024,7,3,2024-07,2024-Q3,Premium (90–120K)
SAL-0042,2023-08-07,Quebec,Quebec City Motors,Charles Garcia,I7,Ev,Certified Pre-Owned,Lease,134895.82,Completed,2023,8,3,2023-08,2023-Q3,Ultra (>120K)
SAL-0043,2024-11-19,Manitoba,Prairie Motors,Barbara Anderson,3 Series,Sedan,New,Cash,52583.16,Completed,2024,11,4,2024-11,2024-Q4,Entry (<60K)
SAL-0047,2024-10-03,Alberta,Calgary Auto Hub,Linda Moore,8 Series,Coupe,Certified Pre-Owned,Finance,127295.93,Completed,2024,10,4,2024-10,2024-Q4,Ultra (>120K)
SAL-0048,2023-08-25,Manitoba,Winnipeg Auto Centre,Joseph White,X3,Suv,Pre-Owned,Cash,58186.23,Completed,2023,8,3,2023-08,2023-Q3,Entry (<60K)
SAL-0049,2024-02-03,Quebec,Montreal Auto Group,Daniel Robinson,X5,Suv,Pre-Owned,Cash,78582.94,Completed,2024,2,1,2024-02,2024-Q1,Mid (60–90K)
SAL-0050,2023-08-13,Quebec,Quebec City Motors,David Taylor,X5,Suv,Certified Pre-Owned,Finance,74066.98,Completed,2023,8,3,2023-08,2023-Q3,Mid (60–90K)
SAL-0052,2024-01-24,Quebec,Montreal Auto Group,Richard Thomas,5 Series,Sedan,New,Finance,70993.45,Completed,2024,1,1,2024-01,2024-Q1,Mid (60–90K)
SAL-0053,2023-01-20,Quebec,Quebec City Motors,Karen Martinez,5 Series,Sedan,New,Finance,72781.75,Completed,2023,1,1,2023-01,2023-Q1,Mid (60–90K)
SAL-0055,2024-09-13,Alberta,Edmonton Premier Cars,Mary Williams,X7,Suv,New,Finance,103597.73,Completed,2024,9,3,2024-09,2024-Q3,Premium (90–120K)
SAL-0056,2024-08-29,Quebec,Quebec City Motors,Linda Moore,X3,Suv,New,Lease,61914.99,Completed,2024,8,3,2024-08,2024-Q3,Mid (60–90K)
SAL-0057,2024-11-08,Manitoba,Winnipeg Auto Centre,Susan Jackson,8 Series,Coupe,New,Lease,125838.02,Completed,2024,11,4,2024-11,2024-Q4,Ultra (>120K)
SAL-0059,2024-08-29,Manitoba,Prairie Motors,David Taylor,Ix,Ev,Certified Pre-Owned,Cash,85305.75,Completed,2024,8,3,2024-08,2024-Q3,Mid (60–90K)
SAL-0060,2024-05-21,Manitoba,Prairie Motors,Richard Thomas,4 Series,Coupe,New,Finance,60267.28,Completed,2024,5,2,2024-05,2024-Q2,Mid (60–90K)
SAL-0062,2023-10-29,Quebec,Quebec City Motors,Linda Moore,3 Series,Sedan,Certified Pre-Owned,Lease,52602.51,Completed,2023,10,4,2023-10,2023-Q4,Entry (<60K)
SAL-0065,2023-10-31,Manitoba,Prairie Motors,Linda Moore,3 Series,Sedan,Certified Pre-Owned,Cash,52583.16,Completed,2023,10,4,2023-10,2023-Q4,Entry (<60K)
SAL-0066,2024-05-17,Ontario,Lakeview Cars,Mary Williams,X7,Suv,New,Lease,102696.8,Completed,2024,5,2,2024-05,2024-Q2,Premium (90–120K)
SAL-0070,2023-09-03,British Columbia,Vancouver Motors,Patricia Davis,3 Series,Sedan,Pre-Owned,Cash,52583.16,Completed,2023,9,3,2023-09,2023-Q3,Entry (<60K)
SAL-0071,2024-12-24,Alberta,Calgary Auto Hub,Barbara Anderson,X5,Suv,Pre-Owned,Finance,85467.5,Completed,2024,12,4,2024-12,2024-Q4,Mid (60–90K)
SAL-0072,2024-07-11,Manitoba,Winnipeg Auto Centre,Linda Moore,I4,Ev,Pre-Owned,Cash,68529.2,Completed,2024,7,3,2024-07,2024-Q3,Mid (60–90K)
SAL-0074,2023-11-27,Ontario,Downtown Auto Group,Lisa Clark,I7,Ev,Certified Pre-Owned,Cash,148904.67,Completed,2023,11,4,2023-11,2023-Q4,Ultra (>120K)
SAL-0076,2024-02-23,Quebec,Montreal Auto Group,Richard Thomas,Ix,Ev,Certified Pre-Owned,Lease,95370.99,Completed,2024,2,1,2024-02,2024-Q1,Premium (90–120K)
SAL-0077,2023-02-07,Alberta,Rocky Mountain Motors,Thomas Martin,I7,Ev,New,Finance,140859.44,Completed,2023,2,1,2023-02,2023-Q1,Ultra (>120K)
SAL-0080,2023-04-27,Ontario,Oakville Premium,Thomas Martin,3 Series,Sedan,New,Lease,48804.03,Completed,2023,4,2,2023-04,2023-Q2,Entry (<60K)
SAL-0082,2023-12-15,British Columbia,Pacific Auto Centre,Charles Garcia,8 Series,Coupe,Certified Pre-Owned,Cash,133839.26,Completed,2023,12,4,2023-12,2023-Q4,Ultra (>120K)
SAL-0087,2024-07-08,Manitoba,Prairie Motors,Jane Doe,8 Series,Coupe,Pre-Owned,Cash,129592.12,Completed,2024,7,3,2024-07,2024-Q3,Ultra (>120K)
SAL-0088,2024-12-21,Ontario,Oakville Premium,Mary Williams,7 Series,Sedan,Certified Pre-Owned,Cash,123407.61,Completed,2024,12,4,2024-12,2024-Q4,Ultra (>120K)
SAL-0090,2024-08-20,Manitoba,Prairie Motors,James Brown,X5,Suv,New,Finance,77653.24,Completed,2024,8,3,2024-08,2024-Q3,Mid (60–90K)
SAL-0092,2024-01-26,Quebec,Quebec City Motors,Daniel Robinson,3 Series,Sedan,Certified Pre-Owned,Lease,53774.2,Completed,2024,1,1,2024-01,2024-Q1,Entry (<60K)
SAL-0094,2024-10-13,British Columbia,Westcoast Dealership,Michael Wilson,4 Series,Coupe,Pre-Owned,Finance,65738.26,Completed,2024,10,4,2024-10,2024-Q4,Mid (60–90K)
SAL-0095,2024-01-09,Alberta,Edmonton Premier Cars,James Brown,7 Series,Sedan,New,Finance,119985.8,Completed,2024,1,1,2024-01,2024-Q1,Premium (90–120K)
SAL-0096,2023-09-21,Manitoba,Prairie Motors,Sarah Thompson,4 Series,Coupe,Certified Pre-Owned,Lease,61938.45,Completed,2023,9,3,2023-09,2023-Q3,Mid (60–90K)
SAL-0097,2024-01-10,British Columbia,Westcoast Dealership,Robert Johnson,I7,Ev,Certified Pre-Owned,Cash,135491.03,Completed,2024,1,1,2024-01,2024-Q1,Ultra (>120K)
SAL-0099,2024-04-20,Manitoba,Winnipeg Auto Centre,Barbara Anderson,7 Series,Sedan,Pre-Owned,Finance,106267.71,Completed,2024,4,2,2024-04,2024-Q2,Premium (90–120K)
SAL-0100,2024-07-04,Quebec,Montreal Auto Group,James Brown,3 Series,Sedan,Certified Pre-Owned,Finance,48737.66,Completed,2024,7,3,2024-07,2024-Q3,Entry (<60K)
SAL-0104,2024-07-21,British Columbia,Westcoast Dealership,Michael Wilson,X3,Suv,Pre-Owned,Cash,58079.54,Completed,2024,7,3,2024-07,2024-Q3,Entry (<60K)
SAL-0105,2024-07-07,Ontario,Lakeview Cars,David Taylor,X3,Suv,New,Cash,61782.22,Completed,2024,7,3,2024-07,2024-Q3,Mid (60–90K)
SAL-0108,2023-04-21,Quebec,Quebec City Motors,Sarah Thompson,I7,Ev,Pre-Owned,Finance,140519.9,Completed,2023,4,2,2023-04,2023-Q2,Ultra (>120K)
SAL-0111,2024-04-30,Alberta,Edmonton Premier Cars,Robert Johnson,X7,Suv,New,Cash,98568.74,Completed,2024,4,2,2024-04,2024-Q2,Premium (90–120K)
SAL-0112,2024-07-29,British Columbia,Westcoast Dealership,Karen Martinez,7 Series,Sedan,Certified Pre-Owned,Lease,108766.47,Completed,2024,7,3,2024-07,2024-Q3,Premium (90–120K)
SAL-0115,2023-07-04,Manitoba,Winnipeg Auto Centre,David Taylor,4 Series,Coupe,Pre-Owned,Finance,63323.37,Completed,2023,7,3,2023-07,2023-Q3,Mid (60–90K)
SAL-0117,2023-02-23,Alberta,Edmonton Premier Cars,James Brown,4 Series,Coupe,New,Lease,65012.43,Completed,2023,2,1,2023-02,2023-Q1,Mid (60–90K)
SAL-0118,2023-10-07,Quebec,Laval Premium Cars,Michael Wilson,Ix,Ev,Pre-Owned,Cash,91755.63,Completed,2023,10,4,2023-10,2023-Q4,Premium (90–120K)
SAL-0119,2023-08-14,Quebec,Laval Premium Cars,Joseph White,4 Series,Coupe,Pre-Owned,Cash,65894.19,Completed,2023,8,3,2023-08,2023-Q3,Mid (60–90K)
SAL-0120,2023-01-08,Alberta,Edmonton Premier Cars,Sarah Thompson,4 Series,Coupe,Pre-Owned,Finance,62390.28,Completed,2023,1,1,2023-01,2023-Q1,Mid (60–90K)
SAL-0121,2023-02-13,Manitoba,Prairie Motors,Jessica Harris,5 Series,Sedan,New,Finance,71344.95,Completed,2023,2,1,2023-02,2023-Q1,Mid (60–90K)
SAL-0123,2024-02-15,Ontario,Northside Motors,Charles Garcia,I7,Ev,New,Finance,131068.88,Completed,2024,2,1,2024-02,2024-Q1,Ultra (>120K)
SAL-0124,2023-12-26,Ontario,Downtown Auto Group,James Brown,X5,Suv,New,Cash,76790.12,Completed,2023,12,4,2023-12,2023-Q4,Mid (60–90K)
SAL-0126,2024-04-25,Alberta,Calgary Auto Hub,Thomas Martin,I4,Ev,Pre-Owned,Finance,71160.28,Completed,2024,4,2,2024-04,2024-Q2,Mid (60–90K)
SAL-0127,2024-01-13,Quebec,Quebec City Motors,Barbara Anderson,3 Series,Sedan,New,Lease,54645.88,Completed,2024,1,1,2024-01,2024-Q1,Entry (<60K)
SAL-0130,2024-02-23,Alberta,Edmonton Premier Cars,Richard Thomas,8 Series,Coupe,Pre-Owned,Lease,125214.95,Completed,2024,2,1,2024-02,2024-Q1,Ultra (>120K)
SAL-0131,2024-11-03,Ontario,Oakville Premium,Lisa Clark,8 Series,Coupe,New,Finance,129515.63,Completed,2024,11,4,2024-11,2024-Q4,Ultra (>120K)
SAL-0132,2024-07-26,Quebec,Montreal Auto Group,Joseph White,5 Series,Sedan,Pre-Owned,Finance,64976.53,Completed,2024,7,3,2024-07,2024-Q3,Mid (60–90K)
SAL-0133,2024-01-06,Manitoba,Winnipeg Auto Centre,John Smith,I7,Ev,Certified Pre-Owned,Finance,126789.09,Completed,2024,1,1,2024-01,2024-Q1,Ultra (>120K)
SAL-0136,2024-09-17,Quebec,Quebec City Motors,Barbara Anderson,X5,Suv,Pre-Owned,Finance,75793.57,Completed,2024,9,3,2024-09,2024-Q3,Mid (60–90K)
SAL-0138,2024-10-18,Manitoba,Winnipeg Auto Centre,Sarah Thompson,4 Series,Coupe,Certified Pre-Owned,Lease,67214.65,Completed,2024,10,4,2024-10,2024-Q4,Mid (60–90K)
SAL-0139,2024-06-09,Ontario,Northside Motors,James Brown,8 Series,Coupe,Certified Pre-Owned,Cash,122272.59,Completed,2024,6,2,2024-06,2024-Q2,Ultra (>120K)
SAL-0140,2024-01-18,Quebec,Montreal Auto Group,Linda Moore,I7,Ev,Certified Pre-Owned,Cash,145190.49,Completed,2024,1,1,2024-01,2024-Q1,Ultra (>120K)
SAL-0141,2023-10-21,Alberta,Calgary Auto Hub,Sarah Thompson,X3,Suv,Pre-Owned,Cash,65406.09,Completed,2023,10,4,2023-10,2023-Q4,Mid (60–90K)
SAL-0142,2024-09-15,Alberta,Calgary Auto Hub,Charles Garcia,X7,Suv,Certified Pre-Owned,Cash,97949.09,Completed,2024,9,3,2024-09,2024-Q3,Premium (90–120K)
SAL-0144,2024-03-02,Ontario,Lakeview Cars,Patricia Davis,X7,Suv,Pre-Owned,Lease,98750.33,Completed,2024,3,1,2024-03,2024-Q1,Premium (90–120K)
SAL-0145,2023-02-14,Manitoba,Winnipeg Auto Centre,Joseph White,Ix,Ev,Certified Pre-Owned,Finance,88832.85,Completed,2023,2,1,2023-02,2023-Q1,Mid (60–90K)
SAL-0146,2023-12-27,Ontario,Lakeview Cars,Karen Martinez,X3,Suv,Certified Pre-Owned,Lease,56387.43,Completed,2023,12,4,2023-12,2023-Q4,Entry (<60K)
SAL-0147,2023-03-06,Quebec,Laval Premium Cars,Thomas Martin,X3,Suv,New,Finance,59016.76,Completed,2023,3,1,2023-03,2023-Q1,Entry (<60K)
SAL-0148,2024-04-29,Alberta,Rocky Mountain Motors,David Taylor,I7,Ev,New,Lease,135057.87,Completed,2024,4,2,2024-04,2024-Q2,Ultra (>120K)
SAL-0150,2024-03-10,Alberta,Rocky Mountain Motors,Robert Johnson,4 Series,Coupe,Certified Pre-Owned,Lease,59804.17,Completed,2024,3,1,2024-03,2024-Q1,Entry (<60K)
SAL-0151,2024-03-12,Alberta,Edmonton Premier Cars,Patricia Davis,I7,Ev,Pre-Owned,Finance,143818.54,Completed,2024,3,1,2024-03,2024-Q1,Ultra (>120K)
SAL-0152,2023-03-18,Manitoba,Prairie Motors,Joseph White,4 Series,Coupe,Certified Pre-Owned,Lease,59416.45,Completed,2023,3,1,2023-03,2023-Q1,Entry (<60K)
SAL-0155,2024-02-01,Ontario,Northside Motors,Karen Martinez,I7,Ev,New,Finance,145490.05,Completed,2024,2,1,2024-02,2024-Q1,Ultra (>120K)
SAL-0157,2024-07-17,Alberta,Rocky Mountain Motors,Karen Martinez,4 Series,Coupe,Certified Pre-Owned,Finance,63707.58,Completed,2024,7,3,2024-07,2024-Q3,Mid (60–90K)
SAL-0158,2023-07-25,Alberta,Rocky Mountain Motors,James Brown,X3,Suv,New,Finance,60427.83,Completed,2023,7,3,2023-07,2023-Q3,Mid (60–90K)
SAL-0160,2024-04-05,Ontario,Northside Motors,Thomas Martin,4 Series,Coupe,Pre-Owned,Lease,64263.91,Completed,2024,4,2,2024-04,2024-Q2,Mid (60–90K)
SAL-0161,2024-05-29,Manitoba,Winnipeg Auto Centre,Jane Doe,X5,Suv,New,Lease,76349.93,Completed,2024,5,2,2024-05,2024-Q2,Mid (60–90K)
SAL-0162,2023-09-14,British Columbia,Vancouver Motors,Michael Wilson,4 Series,Coupe,Pre-Owned,Lease,63312.47,Completed,2023,9,3,2023-09,2023-Q3,Mid (60–90K)
SAL-0163,2024-11-05,Manitoba,Winnipeg Auto Centre,Lisa Clark,X3,Suv,Pre-Owned,Lease,62201.11,Completed,2024,11,4,2024-11,2024-Q4,Mid (60–90K)
SAL-0165,2023-09-08,Manitoba,Prairie Motors,Joseph White,8 Series,Coupe,Certified Pre-Owned,Finance,116805.8,Completed,2023,9,3,2023-09,2023-Q3,Premium (90–120K)
SAL-0167,2023-10-01,Alberta,Calgary Auto Hub,Thomas Martin,I4,Ev,New,Cash,73432.16,Completed,2023,10,4,2023-10,2023-Q4,Mid (60–90K)
SAL-0170,2024-03-17,Quebec,Quebec City Motors,James Brown,3 Series,Sedan,Certified Pre-Owned,Lease,52756.23,Completed,2024,3,1,2024-03,2024-Q1,Entry (<60K)
SAL-0172,2024-01-18,Ontario,Northside Motors,Richard Thomas,5 Series,Sedan,Pre-Owned,Finance,62740.48,Completed,2024,1,1,2024-01,2024-Q1,Mid (60–90K)
SAL-0173,2023-12-08,Ontario,Downtown Auto Group,Sarah Thompson,X7,Suv,Pre-Owned,Finance,107307.23,Completed,2023,12,4,2023-12,2023-Q4,Premium (90–120K)
SAL-0175,2023-12-06,Alberta,Edmonton Premier Cars,Mary Williams,5 Series,Sedan,Certified Pre-Owned,Lease,73058.45,Completed,2023,12,4,2023-12,2023-Q4,Mid (60–90K)
SAL-0179,2023-12-17,Alberta,Calgary Auto Hub,Karen Martinez,I7,Ev,Certified Pre-Owned,Lease,151655.04,Completed,2023,12,4,2023-12,2023-Q4,Ultra (>120K)
SAL-0181,2024-11-23,Alberta,Edmonton Premier Cars,Karen Martinez,7 Series,Sedan,Certified Pre-Owned,Finance,117679.4,Completed,2024,11,4,2024-11,2024-Q4,Premium (90–120K)
SAL-0182,2024-03-28,Alberta,Rocky Mountain Motors,David Taylor,5 Series,Sedan,Pre-Owned,Finance,63794.59,Completed,2024,3,1,2024-03,2024-Q1,Mid (60–90K)
SAL-0184,2024-11-28,Alberta,Rocky Mountain Motors,James Brown,I4,Ev,New,Lease,80164.3,Completed,2024,11,4,2024-11,2024-Q4,Mid (60–90K)
SAL-0185,2023-11-25,Quebec,Laval Premium Cars,Barbara Anderson,X5,Suv,Pre-Owned,Cash,78728.07,Completed,2023,11,4,2023-11,2023-Q4,Mid (60–90K)
SAL-0186,2023-02-07,Ontario,Northside Motors,Joseph White,I4,Ev,Certified Pre-Owned,Cash,73843.02,Completed,2023,2,1,2023-02,2023-Q1,Mid (60–90K)
SAL-0187,2024-10-18,Ontario,Lakeview Cars,Karen Martinez,8 Series,Coupe,Pre-Owned,Finance,137911.67,Completed,2024,10,4,2024-10,2024-Q4,Ultra (>120K)
SAL-0188,2024-04-14,Ontario,Lakeview Cars,David Taylor,X7,Suv,Pre-Owned,Cash,102900.88,Completed,2024,4,2,2024-04,2024-Q2,Premium (90–120K)
SAL-0189,2024-06-11,British Columbia,Pacific Auto Centre,Richard Thomas,Ix,Ev,New,Finance,92436.46,Completed,2024,6,2,2024-06,2024-Q2,Premium (90–120K)
SAL-0190,2023-08-30,British Columbia,Pacific Auto Centre,Thomas Martin,8 Series,Coupe,Certified Pre-Owned,Finance,119837.05,Completed,2023,8,3,2023-08,2023-Q3,Premium (90–120K)
SAL-0191,2024-11-14,Alberta,Rocky Mountain Motors,Mary Williams,X3,Suv,Certified Pre-Owned,Finance,56935.19,Completed,2024,11,4,2024-11,2024-Q4,Entry (<60K)
SAL-0192,2023-10-30,Alberta,Rocky Mountain Motors,Susan Jackson,7 Series,Sedan,Pre-Owned,Cash,128424.21,Completed,2023,10,4,2023-10,2023-Q4,Ultra (>120K)
SAL-0193,2024-07-16,Manitoba,Prairie Motors,Sarah Thompson,I7,Ev,Pre-Owned,Lease,143649.03,Completed,2024,7,3,2024-07,2024-Q3,Ultra (>120K)
SAL-0196,2024-04-18,Quebec,Quebec City Motors,Barbara Anderson,7 Series,Sedan,Pre-Owned,Cash,112225.46,Completed,2024,4,2,2024-04,2024-Q2,Premium (90–120K)
SAL-0197,2024-12-18,Ontario,Downtown Auto Group,Robert Johnson,Ix,Ev,Pre-Owned,Cash,100092.37,Completed,2024,12,4,2024-12,2024-Q4,Premium (90–120K)
SAL-0198,2024-01-27,British Columbia,Pacific Auto Centre,Thomas Martin,Ix,Ev,Certified Pre-Owned,Finance,97845.46,Completed,2024,1,1,2024-01,2024-Q1,Premium (90–120K)
SAL-0199,2024-02-07,Alberta,Calgary Auto Hub,Charles Garcia,X7,Suv,New,Lease,108317.25,Completed,2024,2,1,2024-02,2024-Q1,Premium (90–120K)
SAL-0200,2024-01-24,Quebec,Laval Premium Cars,Linda Moore,I7,Ev,New,Finance,141045.31,Completed,2024,1,1,2024-01,2024-Q1,Ultra (>120K)
SAL-0201,2023-01-17,Ontario,Downtown Auto Group,Linda Moore,I7,Ev,New,Cash,138067.88,Completed,2023,1,1,2023-01,2023-Q1,Ultra (>120K)
SAL-0202,2024-03-25,Ontario,Northside Motors,Linda Moore,5 Series,Sedan,Pre-Owned,Cash,63475.44,Completed,2024,3,1,2024-03,2024-Q1,Mid (60–90K)
SAL-0203,2023-11-06,Manitoba,Prairie Motors,James Brown,4 Series,Coupe,Pre-Owned,Lease,61575.52,Completed,2023,11,4,2023-11,2023-Q4,Mid (60–90K)
SAL-0205,2024-07-04,British Columbia,Vancouver Motors,Sarah Thompson,I4,Ev,New,Cash,73226.06,Completed,2024,7,3,2024-07,2024-Q3,Mid (60–90K)
SAL-0206,2024-06-26,Ontario,Oakville Premium,James Brown,I7,Ev,Certified Pre-Owned,Cash,124398.66,Completed,2024,6,2,2024-06,2024-Q2,Ultra (>120K)
SAL-0208,2023-12-07,Manitoba,Winnipeg Auto Centre,Barbara Anderson,I4,Ev,New,Cash,77577.72,Completed,2023,12,4,2023-12,2023-Q4,Mid (60–90K)
SAL-0210,2023-04-11,Alberta,Rocky Mountain Motors,Sarah Thompson,Ix,Ev,Certified Pre-Owned,Cash,87007.09,Completed,2023,4,2,2023-04,2023-Q2,Mid (60–90K)
SAL-0211,2023-10-30,British Columbia,Pacific Auto Centre,James Brown,8 Series,Coupe,New,Finance,132273.41,Completed,2023,10,4,2023-10,2023-Q4,Ultra (>120K)
SAL-0212,2024-10-19,Alberta,Edmonton Premier Cars,Sarah Thompson,I7,Ev,Certified Pre-Owned,Cash,146102.18,Completed,2024,10,4,2024-10,2024-Q4,Ultra (>120K)
SAL-0213,2024-11-15,Manitoba,Winnipeg Auto Centre,Jane Doe,3 Series,Sedan,New,Finance,55927.53,Completed,2024,11,4,2024-11,2024-Q4,Entry (<60K)
SAL-0215,2024-06-26,Manitoba,Prairie Motors,David Taylor,3 Series,Sedan,Pre-Owned,Finance,53765.33,Completed,2024,6,2,2024-06,2024-Q2,Entry (<60K)
SAL-0217,2024-08-01,Ontario,Lakeview Cars,Linda Moore,Ix,Ev,Pre-Owned,Cash,89429.88,Completed,2024,8,3,2024-08,2024-Q3,Mid (60–90K)
SAL-0218,2024-01-22,Ontario,Downtown Auto Group,Karen Martinez,Ix,Ev,Certified Pre-Owned,Cash,95628.35,Completed,2024,1,1,2024-01,2024-Q1,Premium (90–120K)
SAL-0220,2023-11-19,Alberta,Rocky Mountain Motors,John Smith,3 Series,Sedan,New,Lease,57650.82,Completed,2023,11,4,2023-11,2023-Q4,Entry (<60K)
SAL-0225,2023-01-06,Alberta,Edmonton Premier Cars,Barbara Anderson,3 Series,Sedan,Certified Pre-Owned,Finance,50046.48,Completed,2023,1,1,2023-01,2023-Q1,Entry (<60K)
SAL-0227,2024-07-26,Alberta,Edmonton Premier Cars,Linda Moore,I4,Ev,Pre-Owned,Lease,77449.08,Completed,2024,7,3,2024-07,2024-Q3,Mid (60–90K)
SAL-0228,2023-06-21,Alberta,Edmonton Premier Cars,Jessica Harris,X3,Suv,Certified Pre-Owned,Finance,57007.95,Completed,2023,6,2,2023-06,2023-Q2,Entry (<60K)
SAL-0229,2024-09-23,British Columbia,Westcoast Dealership,Michael Wilson,I7,Ev,Certified Pre-Owned,Cash,143468.21,Completed,2024,9,3,2024-09,2024-Q3,Ultra (>120K)
SAL-0230,2023-12-09,Manitoba,Prairie Motors,Jessica Harris,8 Series,Coupe,Pre-Owned,Lease,134003.91,Completed,2023,12,4,2023-12,2023-Q4,Ultra (>120K)
SAL-0232,2024-07-31,Alberta,Edmonton Premier Cars,Michael Wilson,4 Series,Coupe,Pre-Owned,Lease,62026.16,Completed,2024,7,3,2024-07,2024-Q3,Mid (60–90K)
SAL-0235,2024-12-19,Quebec,Laval Premium Cars,Karen Martinez,5 Series,Sedan,Pre-Owned,Lease,67918.46,Completed,2024,12,4,2024-12,2024-Q4,Mid (60–90K)
SAL-0236,2024-10-22,British Columbia,Westcoast Dealership,Joseph White,7 Series,Sedan,Certified Pre-Owned,Finance,116609.96,Completed,2024,10,4,2024-10,2024-Q4,Premium (90–120K)
SAL-0239,2023-03-10,Ontario,Oakville Premium,Barbara Anderson,Ix,Ev,New,Lease,93746.64,Completed,2023,3,1,2023-03,2023-Q1,Premium (90–120K)
SAL-0241,2023-01-30,British Columbia,Pacific Auto Centre,Lisa Clark,Ix,Ev,New,Finance,98483.55,Completed,2023,1,1,2023-01,2023-Q1,Premium (90–120K)
SAL-0242,2023-04-15,Alberta,Rocky Mountain Motors,Karen Martinez,7 Series,Sedan,New,Finance,123352.29,Completed,2023,4,2,2023-04,2023-Q2,Ultra (>120K)
SAL-0243,2024-09-17,Quebec,Laval Premium Cars,Joseph White,8 Series,Coupe,Pre-Owned,Cash,133297.29,Completed,2024,9,3,2024-09,2024-Q3,Ultra (>120K)
SAL-0244,2023-05-18,Alberta,Rocky Mountain Motors,Richard Thomas,7 Series,Sedan,New,Cash,112610.92,Completed,2023,5,2,2023-05,2023-Q2,Premium (90–120K)
SAL-0248,2023-02-03,Ontario,Downtown Auto Group,David Taylor,X5,Suv,New,Lease,83823.85,Completed,2023,2,1,2023-02,2023-Q1,Mid (60–90K)
SAL-0252,2024-09-03,British Columbia,Pacific Auto Centre,Karen Martinez,8 Series,Coupe,New,Finance,122701.95,Completed,2024,9,3,2024-09,2024-Q3,Ultra (>120K)
SAL-0253,2023-10-11,Ontario,Northside Motors,James Brown,I4,Ev,Pre-Owned,Cash,79847.35,Completed,2023,10,4,2023-10,2023-Q4,Mid (60–90K)
SAL-0255,2024-04-10,Ontario,Oakville Premium,Sarah Thompson,8 Series,Coupe,Certified Pre-Owned,Lease,118389.85,Completed,2024,4,2,2024-04,2024-Q2,Premium (90–120K)
SAL-0256,2024-07-01,Quebec,Laval Premium Cars,Joseph White,4 Series,Coupe,New,Finance,62563.47,Completed,2024,7,3,2024-07,2024-Q3,Mid (60–90K)
SAL-0258,2024-12-06,Quebec,Montreal Auto Group,James Brown,I4,Ev,Pre-Owned,Finance,77971.18,Completed,2024,12,4,2024-12,2024-Q4,Mid (60–90K)
SAL-0259,2024-11-11,Alberta,Edmonton Premier Cars,Patricia Davis,5 Series,Sedan,New,Finance,72200.38,Completed,2024,11,4,2024-11,2024-Q4,Mid (60–90K)
SAL-0260,2024-05-03,Ontario,Downtown Auto Group,Robert Johnson,3 Series,Sedan,New,Finance,48648.51,Completed,2024,5,2,2024-05,2024-Q2,Entry (<60K)
SAL-0263,2024-09-22,British Columbia,Westcoast Dealership,Thomas Martin,X5,Suv,New,Cash,73508.25,Completed,2024,9,3,2024-09,2024-Q3,Mid (60–90K)
SAL-0264,2023-09-11,Alberta,Edmonton Premier Cars,David Taylor,4 Series,Coupe,Pre-Owned,Cash,62181.83,Completed,2023,9,3,2023-09,2023-Q3,Mid (60–90K)
SAL-0266,2023-09-04,British Columbia,Vancouver Motors,Sarah Thompson,I4,Ev,Pre-Owned,Lease,74773.65,Completed,2023,9,3,2023-09,2023-Q3,Mid (60–90K)
SAL-0267,2024-03-06,Alberta,Calgary Auto Hub,Susan Jackson,I7,Ev,Pre-Owned,Lease,139255.54,Completed,2024,3,1,2024-03,2024-Q1,Ultra (>120K)
SAL-0269,2024-10-17,Quebec,Laval Premium Cars,Karen Martinez,I4,Ev,Pre-Owned,Lease,73900.4,Completed,2024,10,4,2024-10,2024-Q4,Mid (60–90K)
SAL-0271,2024-09-18,Ontario,Oakville Premium,Lisa Clark,5 Series,Sedan,New,Finance,71365.85,Completed,2024,9,3,2024-09,2024-Q3,Mid (60–90K)
SAL-0272,2023-06-20,British Columbia,Vancouver Motors,Susan Jackson,8 Series,Coupe,New,Lease,131202.27,Completed,2023,6,2,2023-06,2023-Q2,Ultra (>120K)
SAL-0274,2023-09-19,Manitoba,Winnipeg Auto Centre,Mary Williams,4 Series,Coupe,Pre-Owned,Lease,66099.35,Completed,2023,9,3,2023-09,2023-Q3,Mid (60–90K)
SAL-0275,2024-01-08,Ontario,Northside Motors,Joseph White,5 Series,Sedan,New,Cash,68123.41,Completed,2024,1,1,2024-01,2024-Q1,Mid (60–90K)
SAL-0277,2023-03-12,British Columbia,Pacific Auto Centre,Thomas Martin,5 Series,Sedan,Certified Pre-Owned,Finance,71245.45,Completed,2023,3,1,2023-03,2023-Q1,Mid (60–90K)
SAL-0278,2024-04-20,Alberta,Rocky Mountain Motors,Susan Jackson,4 Series,Coupe,Pre-Owned,Finance,63487.64,Completed,2024,4,2,2024-04,2024-Q2,Mid (60–90K)
SAL-0279,2023-08-27,British Columbia,Pacific Auto Centre,Karen Martinez,I4,Ev,Certified Pre-Owned,Lease,74326.66,Completed,2023,8,3,2023-08,2023-Q3,Mid (60–90K)
SAL-0280,2023-09-01,Alberta,Calgary Auto Hub,Jessica Harris,X7,Suv,Certified Pre-Owned,Cash,106827.34,Completed,2023,9,3,2023-09,2023-Q3,Premium (90–120K)
SAL-0281,2023-03-28,Manitoba,Prairie Motors,Daniel Robinson,8 Series,Coupe,New,Lease,132800.11,Completed,2023,3,1,2023-03,2023-Q1,Ultra (>120K)
SAL-0282,2023-10-26,Ontario,Oakville Premium,David Taylor,X3,Suv,Certified Pre-Owned,Finance,59321.42,Completed,2023,10,4,2023-10,2023-Q4,Entry (<60K)
SAL-0283,2023-04-19,British Columbia,Pacific Auto Centre,Patricia Davis,3 Series,Sedan,Certified Pre-Owned,Finance,50964.85,Completed,2023,4,2,2023-04,2023-Q2,Entry (<60K)
SAL-0284,2023-09-29,British Columbia,Vancouver Motors,Mary Williams,8 Series,Coupe,New,Cash,116879.64,Completed,2023,9,3,2023-09,2023-Q3,Premium (90–120K)
SAL-0285,2023-09-12,Alberta,Calgary Auto Hub,Susan Jackson,7 Series,Sedan,Certified Pre-Owned,Lease,116440.35,Completed,2023,9,3,2023-09,2023-Q3,Premium (90–120K)
SAL-0286,2024-07-17,Ontario,Oakville Premium,Linda Moore,I7,Ev,New,Finance,124976.35,Completed,2024,7,3,2024-07,2024-Q3,Ultra (>120K)
SAL-0287,2024-01-17,British Columbia,Pacific Auto Centre,Robert Johnson,X5,Suv,Pre-Owned,Lease,77570.66,Completed,2024,1,1,2024-01,2024-Q1,Mid (60–90K)
SAL-0289,2024-11-30,Quebec,Quebec City Motors,Jessica Harris,5 Series,Sedan,New,Finance,68961.45,Completed,2024,11,4,2024-11,2024-Q4,Mid (60–90K)
SAL-0291,2024-07-10,British Columbia,Westcoast Dealership,John Smith,X7,Suv,Certified Pre-Owned,Lease,94337.76,Completed,2024,7,3,2024-07,2024-Q3,Premium (90–120K)
SAL-0292,2023-07-04,Manitoba,Prairie Motors,John Smith,Ix,Ev,Certified Pre-Owned,Lease,93746.64,Completed,2023,7,3,2023-07,2023-Q3,Premium (90–120K)
SAL-0293,2023-06-13,Quebec,Laval Premium Cars,Mary Williams,4 Series,Coupe,New,Lease,65200.2,Completed,2023,6,2,2023-06,2023-Q2,Mid (60–90K)
SAL-0294,2023-06-27,Ontario,Northside Motors,Patricia Davis,Ix,Ev,New,Lease,89942.01,Completed,2023,6,2,2023-06,2023-Q2,Mid (60–90K)
SAL-0295,2023-07-12,Ontario,Lakeview Cars,Sarah Thompson,X7,Suv,Pre-Owned,Finance,95913.63,Completed,2023,7,3,2023-07,2023-Q3,Premium (90–120K)
SAL-0296,2023-12-06,British Columbia,Pacific Auto Centre,Lisa Clark,I4,Ev,New,Cash,75869.05,Completed,2023,12,4,2023-12,2023-Q4,Mid (60–90K)
SAL-0297,2024-08-23,Alberta,Calgary Auto Hub,James Brown,3 Series,Sedan,New,Lease,54246.35,Completed,2024,8,3,2024-08,2024-Q3,Entry (<60K)
SAL-0299,2024-11-12,British Columbia,Westcoast Dealership,Daniel Robinson,4 Series,Coupe,New,Finance,66380.03,Completed,2024,11,4,2024-11,2024-Q4,Mid (60–90K)
SAL-0301,2023-06-21,Ontario,Northside Motors,Robert Johnson,8 Series,Coupe,Pre-Owned,Lease,116033.63,Completed,2023,6,2,2023-06,2023-Q2,Premium (90–120K)
SAL-0303,2024-05-05,Quebec,Quebec City Motors,Daniel Robinson,I4,Ev,Pre-Owned,Lease,72468.12,Completed,2024,5,2,2024-05,2024-Q2,Mid (60–90K)
SAL-0306,2024-07-21,British Columbia,Pacific Auto Centre,Karen Martinez,I7,Ev,Certified Pre-Owned,Lease,145278.4,Completed,2024,7,3,2024-07,2024-Q3,Ultra (>120K)
SAL-0307,2024-01-05,Manitoba,Prairie Motors,John Smith,X3,Suv,Certified Pre-Owned,Cash,58151.27,Completed,2024,1,1,2024-01,2024-Q1,Entry (<60K)
SAL-0308,2024-10-15,Ontario,Downtown Auto Group,Barbara Anderson,X3,Suv,New,Finance,59174.89,Completed,2024,10,4,2024-10,2024-Q4,Entry (<60K)
SAL-0310,2024-12-14,Alberta,Rocky Mountain Motors,Mary Williams,3 Series,Sedan,New,Lease,52597.99,Completed,2024,12,4,2024-12,2024-Q4,Entry (<60K)
SAL-0317,2024-02-10,Quebec,Montreal Auto Group,Richard Thomas,I4,Ev,Pre-Owned,Cash,70951.14,Completed,2024,2,1,2024-02,2024-Q1,Mid (60–90K)
SAL-0318,2023-10-15,Ontario,Lakeview Cars,Sarah Thompson,8 Series,Coupe,Pre-Owned,Lease,124389.18,Completed,2023,10,4,2023-10,2023-Q4,Ultra (>120K)
SAL-0319,2024-09-11,Quebec,Quebec City Motors,Robert Johnson,8 Series,Coupe,New,Finance,118128.74,Completed,2024,9,3,2024-09,2024-Q3,Premium (90–120K)
SAL-0325,2023-06-27,Ontario,Oakville Premium,Lisa Clark,X7,Suv,New,Cash,109423.4,Completed,2023,6,2,2023-06,2023-Q2,Premium (90–120K)
SAL-0326,2024-04-15,Alberta,Edmonton Premier Cars,David Taylor,Ix,Ev,New,Finance,95501.84,Completed,2024,4,2,2024-04,2024-Q2,Premium (90–120K)
SAL-0327,2023-11-02,Ontario,Downtown Auto Group,Mary Williams,8 Series,Coupe,Certified Pre-Owned,Cash,132391.44,Completed,2023,11,4,2023-11,2023-Q4,Ultra (>120K)
SAL-0329,2024-03-04,Ontario,Oakville Premium,Joseph White,8 Series,Coupe,Certified Pre-Owned,Lease,123392.0,Completed,2024,3,1,2024-03,2024-Q1,Ultra (>120K)
SAL-0333,2023-02-24,Alberta,Edmonton Premier Cars,Daniel Robinson,5 Series,Sedan,Pre-Owned,Lease,62716.6,Completed,2023,2,1,2023-02,2023-Q1,Mid (60–90K)
SAL-0334,2023-02-25,Quebec,Laval Premium Cars,James Brown,8 Series,Coupe,New,Cash,117321.45,Completed,2023,2,1,2023-02,2023-Q1,Premium (90–120K)
SAL-0335,2023-03-24,Quebec,Montreal Auto Group,Sarah Thompson,4 Series,Coupe,Certified Pre-Owned,Lease,57496.35,Completed,2023,3,1,2023-03,2023-Q1,Entry (<60K)
SAL-0337,2023-11-26,Ontario,Northside Motors,Charles Garcia,4 Series,Coupe,New,Cash,68802.48,Completed,2023,11,4,2023-11,2023-Q4,Mid (60–90K)
SAL-0338,2024-01-28,Alberta,Edmonton Premier Cars,Charles Garcia,X3,Suv,Pre-Owned,Finance,59889.94,Completed,2024,1,1,2024-01,2024-Q1,Entry (<60K)
SAL-0339,2024-12-04,Quebec,Laval Premium Cars,James Brown,8 Series,Coupe,Certified Pre-Owned,Finance,130707.65,Completed,2024,12,4,2024-12,2024-Q4,Ultra (>120K)
SAL-0341,2024-08-31,Ontario,Oakville Premium,Jane Doe,4 Series,Coupe,Pre-Owned,Cash,61916.83,Completed,2024,8,3,2024-08,2024-Q3,Mid (60–90K)
SAL-0342,2023-06-06,Ontario,Lakeview Cars,Michael Wilson,I7,Ev,Pre-Owned,Lease,134426.99,Completed,2023,6,2,2023-06,2023-Q2,Ultra (>120K)
SAL-0343,2023-04-18,Alberta,Rocky Mountain Motors,Charles Garcia,X5,Suv,Pre-Owned,Lease,73921.56,Completed,2023,4,2,2023-04,2023-Q2,Mid (60–90K)
SAL-0344,2024-01-02,Manitoba,Winnipeg Auto Centre,Jessica Harris,4 Series,Coupe,Certified Pre-Owned,Cash,61343.81,Completed,2024,1,1,2024-01,2024-Q1,Mid (60–90K)
SAL-0346,2023-10-31,Ontario,Lakeview Cars,David Taylor,X5,Suv,Certified Pre-Owned,Cash,83418.1,Completed,2023,10,4,2023-10,2023-Q4,Mid (60–90K)
SAL-0347,2023-04-29,Alberta,Rocky Mountain Motors,Mary Williams,8 Series,Coupe,New,Cash,127701.87,Completed,2023,4,2,2023-04,2023-Q2,Ultra (>120K)
SAL-0350,2024-09-18,Quebec,Montreal Auto Group,John Smith,Ix,Ev,Pre-Owned,Lease,93852.66,Completed,2024,9,3,2024-09,2024-Q3,Premium (90–120K)
SAL-0353,2023-06-10,Manitoba,Winnipeg Auto Centre,Charles Garcia,7 Series,Sedan,Certified Pre-Owned,Finance,117919.96,Completed,2023,6,2,2023-06,2023-Q2,Premium (90–120K)
SAL-0354,2024-10-20,Alberta,Calgary Auto Hub,Joseph White,X7,Suv,Certified Pre-Owned,Cash,101324.04,Completed,2024,10,4,2024-10,2024-Q4,Premium (90–120K)
SAL-0356,2024-11-18,Manitoba,Prairie Motors,Thomas Martin,X7,Suv,Certified Pre-Owned,Finance,109540.5,Completed,2024,11,4,2024-11,2024-Q4,Premium (90–120K)
SAL-0357,2023-04-27,Manitoba,Prairie Motors,Mary Williams,8 Series,Coupe,Pre-Owned,Cash,115530.23,Completed,2023,4,2,2023-04,2023-Q2,Premium (90–120K)
SAL-0362,2024-02-12,Quebec,Laval Premium Cars,Richard Thomas,X5,Suv,Certified Pre-Owned,Finance,79788.24,Completed,2024,2,1,2024-02,2024-Q1,Mid (60–90K)
SAL-0363,2023-07-25,Manitoba,Prairie Motors,Michael Wilson,4 Series,Coupe,Pre-Owned,Lease,61585.87,Completed,2023,7,3,2023-07,2023-Q3,Mid (60–90K)
SAL-0365,2024-06-19,Manitoba,Prairie Motors,Mary Williams,I4,Ev,New,Finance,77085.67,Completed,2024,6,2,2024-06,2024-Q2,Mid (60–90K)
SAL-0366,2023-03-05,British Columbia,Vancouver Motors,Barbara Anderson,4 Series,Coupe,New,Lease,60870.14,Completed,2023,3,1,2023-03,2023-Q1,Mid (60–90K)
SAL-0367,2024-06-07,Manitoba,Winnipeg Auto Centre,Barbara Anderson,I4,Ev,Pre-Owned,Lease,77312.92,Completed,2024,6,2,2024-06,2024-Q2,Mid (60–90K)
SAL-0368,2023-09-15,Alberta,Rocky Mountain Motors,Michael Wilson,3 Series,Sedan,Pre-Owned,Finance,55372.52,Completed,2023,9,3,2023-09,2023-Q3,Entry (<60K)
SAL-0369,2024-04-04,Manitoba,Winnipeg Auto Centre,Patricia Davis,X5,Suv,Pre-Owned,Cash,74203.47,Completed,2024,4,2,2024-04,2024-Q2,Mid (60–90K)
SAL-0370,2023-05-14,Ontario,Oakville Premium,Patricia Davis,8 Series,Coupe,Pre-Owned,Finance,116387.23,Completed,2023,5,2,2023-05,2023-Q2,Premium (90–120K)
SAL-0374,2024-09-20,Alberta,Edmonton Premier Cars,Lisa Clark,X7,Suv,New,Cash,104986.67,Completed,2024,9,3,2024-09,2024-Q3,Premium (90–120K)
SAL-0376,2023-06-21,Alberta,Rocky Mountain Motors,Karen Martinez,3 Series,Sedan,Pre-Owned,Cash,50493.88,Completed,2023,6,2,2023-06,2023-Q2,Entry (<60K)
SAL-0377,2024-12-20,Quebec,Montreal Auto Group,Jessica Harris,X7,Suv,Pre-Owned,Cash,102696.8,Completed,2024,12,4,2024-12,2024-Q4,Premium (90–120K)
SAL-0378,2024-07-25,Ontario,Downtown Auto Group,Robert Johnson,X5,Suv,Pre-Owned,Cash,72050.43,Completed,2024,7,3,2024-07,2024-Q3,Mid (60–90K)
SAL-0380,2024-12-03,Ontario,Lakeview Cars,Barbara Anderson,5 Series,Sedan,Pre-Owned,Cash,68907.91,Completed,2024,12,4,2024-12,2024-Q4,Mid (60–90K)
SAL-0383,2024-06-08,Alberta,Calgary Auto Hub,James Brown,I7,Ev,New,Cash,137785.17,Completed,2024,6,2,2024-06,2024-Q2,Ultra (>120K)
SAL-0384,2024-07-16,Manitoba,Winnipeg Auto Centre,Robert Johnson,I7,Ev,Certified Pre-Owned,Lease,143153.4,Completed,2024,7,3,2024-07,2024-Q3,Ultra (>120K)
SAL-0388,2023-05-24,British Columbia,Westcoast Dealership,Karen Martinez,5 Series,Sedan,New,Finance,64490.54,Completed,2023,5,2,2023-05,2023-Q2,Mid (60–90K)
SAL-0390,2024-05-28,Manitoba,Prairie Motors,Charles Garcia,X5,Suv,New,Finance,81829.3,Completed,2024,5,2,2024-05,2024-Q2,Mid (60–90K)
SAL-0391,2023-06-13,Manitoba,Winnipeg Auto Centre,Patricia Davis,X5,Suv,Pre-Owned,Lease,84121.5,Completed,2023,6,2,2023-06,2023-Q2,Mid (60–90K)
SAL-0392,2023-09-28,British Columbia,Vancouver Motors,Susan Jackson,X3,Suv,New,Cash,57189.09,Completed,2023,9,3,2023-09,2023-Q3,Entry (<60K)
SAL-0393,2023-11-28,Quebec,Montreal Auto Group,Mary Williams,7 Series,Sedan,Pre-Owned,Lease,118277.39,Completed,2023,11,4,2023-11,2023-Q4,Premium (90–120K)
SAL-0395,2023-01-07,Alberta,Edmonton Premier Cars,Charles Garcia,I7,Ev,New,Finance,131561.36,Completed,2023,1,1,2023-01,2023-Q1,Ultra (>120K)
SAL-0397,2023-06-15,Quebec,Quebec City Motors,Jessica Harris,X7,Suv,New,Cash,107849.3,Completed,2023,6,2,2023-06,2023-Q2,Premium (90–120K)
SAL-0399,2024-09-13,Alberta,Calgary Auto Hub,Sarah Thompson,X5,Suv,Certified Pre-Owned,Cash,81130.87,Completed,2024,9,3,2024-09,2024-Q3,Mid (60–90K)
SAL-0404,2023-09-21,British Columbia,Pacific Auto Centre,Michael Wilson,8 Series,Coupe,New,Finance,131529.15,Completed,2023,9,3,2023-09,2023-Q3,Ultra (>120K)
SAL-0408,2023-06-14,Manitoba,Prairie Motors,Joseph White,4 Series,Coupe,Pre-Owned,Cash,57147.51,Completed,2023,6,2,2023-06,2023-Q2,Entry (<60K)
SAL-0410,2024-10-17,Alberta,Rocky Mountain Motors,Sarah Thompson,3 Series,Sedan,Certified Pre-Owned,Cash,51029.48,Completed,2024,10,4,2024-10,2024-Q4,Entry (<60K)
SAL-0411,2023-06-23,British Columbia,Pacific Auto Centre,Jane Doe,X7,Suv,Certified Pre-Owned,Cash,99051.2,Completed,2023,6,2,2023-06,2023-Q2,Premium (90–120K)
SAL-0412,2024-08-23,Quebec,Quebec City Motors,Michael Wilson,Ix,Ev,Pre-Owned,Cash,98624.91,Completed,2024,8,3,2024-08,2024-Q3,Premium (90–120K)
SAL-0416,2024-02-27,British Columbia,Westcoast Dealership,Susan Jackson,X5,Suv,Pre-Owned,Lease,77356.6,Completed,2024,2,1,2024-02,2024-Q1,Mid (60–90K)
SAL-0417,2024-07-21,Quebec,Laval Premium Cars,Patricia Davis,4 Series,Coupe,Certified Pre-Owned,Finance,59948.65,Completed,2024,7,3,2024-07,2024-Q3,Entry (<60K)
SAL-0418,2023-09-05,British Columbia,Vancouver Motors,David Taylor,X3,Suv,New,Cash,56410.01,Completed,2023,9,3,2023-09,2023-Q3,Entry (<60K)
SAL-0420,2023-07-07,Alberta,Edmonton Premier Cars,Charles Garcia,8 Series,Coupe,Certified Pre-Owned,Finance,130047.49,Completed,2023,7,3,2023-07,2023-Q3,Ultra (>120K)
SAL-0424,2023-05-15,Alberta,Edmonton Premier Cars,Daniel Robinson,X7,Suv,Pre-Owned,Cash,101908.94,Completed,2023,5,2,2023-05,2023-Q2,Premium (90–120K)
SAL-0429,2024-01-26,Manitoba,Prairie Motors,Lisa Clark,I4,Ev,Certified Pre-Owned,Finance,70282.54,Completed,2024,1,1,2024-01,2024-Q1,Mid (60–90K)
SAL-0430,2023-03-23,Quebec,Laval Premium Cars,Patricia Davis,I4,Ev,Certified Pre-Owned,Cash,67588.61,Completed,2023,3,1,2023-03,2023-Q1,Mid (60–90K)
SAL-0431,2024-08-24,Quebec,Quebec City Motors,Charles Garcia,Ix,Ev,Certified Pre-Owned,Finance,86744.84,Completed,2024,8,3,2024-08,2024-Q3,Mid (60–90K)
SAL-0432,2023-06-20,Alberta,Rocky Mountain Motors,Joseph White,3 Series,Sedan,New,Cash,54175.77,Completed,2023,6,2,2023-06,2023-Q2,Entry (<60K)
SAL-0436,2024-03-28,Alberta,Edmonton Premier Cars,Barbara Anderson,X3,Suv,Certified Pre-Owned,Finance,59864.99,Completed,2024,3,1,2024-03,2024-Q1,Entry (<60K)
SAL-0440,2023-07-12,Alberta,Edmonton Premier Cars,Robert Johnson,8 Series,Coupe,New,Cash,116626.98,Completed,2023,7,3,2023-07,2023-Q3,Premium (90–120K)
SAL-0441,2023-01-20,Manitoba,Prairie Motors,James Brown,X5,Suv,New,Lease,72818.77,Completed,2023,1,1,2023-01,2023-Q1,Mid (60–90K)
SAL-0442,2023-04-03,Quebec,Laval Premium Cars,James Brown,3 Series,Sedan,New,Finance,56048.84,Completed,2023,4,2,2023-04,2023-Q2,Entry (<60K)
SAL-0444,2023-09-12,Alberta,Edmonton Premier Cars,Joseph White,3 Series,Sedan,Certified Pre-Owned,Cash,50923.74,Completed,2023,9,3,2023-09,2023-Q3,Entry (<60K)
SAL-0445,2023-11-16,British Columbia,Vancouver Motors,Richard Thomas,I7,Ev,New,Lease,148844.29,Completed,2023,11,4,2023-11,2023-Q4,Ultra (>120K)
SAL-0446,2024-01-05,Quebec,Laval Premium Cars,Jane Doe,4 Series,Coupe,Pre-Owned,Cash,66436.71,Completed,2024,1,1,2024-01,2024-Q1,Mid (60–90K)
SAL-0448,2024-12-03,British Columbia,Pacific Auto Centre,Lisa Clark,I4,Ev,Certified Pre-Owned,Lease,78664.86,Completed,2024,12,4,2024-12,2024-Q4,Mid (60–90K)
SAL-0452,2024-06-02,Alberta,Edmonton Premier Cars,Joseph White,7 Series,Sedan,Pre-Owned,Cash,116074.64,Completed,2024,6,2,2024-06,2024-Q2,Premium (90–120K)
SAL-0454,2023-04-09,Quebec,Laval Premium Cars,Charles Garcia,4 Series,Coupe,Pre-Owned,Cash,66031.04,Completed,2023,4,2,2023-04,2023-Q2,Mid (60–90K)
SAL-0458,2023-08-25,British Columbia,Westcoast Dealership,Karen Martinez,3 Series,Sedan,Certified Pre-Owned,Cash,51739.26,Completed,2023,8,3,2023-08,2023-Q3,Entry (<60K)
SAL-0462,2024-02-11,Alberta,Edmonton Premier Cars,John Smith,Ix,Ev,Pre-Owned,Cash,94196.38,Completed,2024,2,1,2024-02,2024-Q1,Premium (90–120K)
SAL-0463,2023-08-08,Alberta,Calgary Auto Hub,Richard Thomas,4 Series,Coupe,New,Lease,64440.77,Completed,2023,8,3,2023-08,2023-Q3,Mid (60–90K)
SAL-0464,2024-04-16,Manitoba,Winnipeg Auto Centre,Susan Jackson,3 Series,Sedan,New,Cash,52693.63,Completed,2024,4,2,2024-04,2024-Q2,Entry (<60K)
SAL-0466,2024-08-13,Manitoba,Winnipeg Auto Centre,Joseph White,4 Series,Coupe,New,Cash,60758.72,Completed,2024,8,3,2024-08,2024-Q3,Mid (60–90K)
SAL-0469,2023-03-26,Quebec,Montreal Auto Group,Sarah Thompson,X5,Suv,Pre-Owned,Lease,74550.48,Completed,2023,3,1,2023-03,2023-Q1,Mid (60–90K)
SAL-0472,2024-08-31,Alberta,Calgary Auto Hub,John Smith,8 Series,Coupe,Certified Pre-Owned,Cash,134397.58,Completed,2024,8,3,2024-08,2024-Q3,Ultra (>120K)
SAL-0473,2023-07-24,British Columbia,Vancouver Motors,Susan Jackson,3 Series,Sedan,New,Lease,48199.09,Completed,2023,7,3,2023-07,2023-Q3,Entry (<60K)
SAL-0475,2024-09-29,British Columbia,Westcoast Dealership,James Brown,8 Series,Coupe,Pre-Owned,Lease,125554.02,Completed,2024,9,3,2024-09,2024-Q3,Ultra (>120K)
SAL-0476,2023-07-25,Alberta,Calgary Auto Hub,Lisa Clark,5 Series,Sedan,Certified Pre-Owned,Cash,73363.46,Completed,2023,7,3,2023-07,2023-Q3,Mid (60–90K)
SAL-0477,2023-01-20,Alberta,Rocky Mountain Motors,Barbara Anderson,4 Series,Coupe,Pre-Owned,Finance,57772.06,Completed,2023,1,1,2023-01,2023-Q1,Entry (<60K)
SAL-0478,2023-07-23,Alberta,Edmonton Premier Cars,Charles Garcia,3 Series,Sedan,Certified Pre-Owned,Lease,52583.16,Completed,2023,7,3,2023-07,2023-Q3,Entry (<60K)
SAL-0479,2023-12-22,Quebec,Quebec City Motors,Susan Jackson,X3,Suv,Certified Pre-Owned,Lease,65472.88,Completed,2023,12,4,2023-12,2023-Q4,Mid (60–90K)
SAL-0480,2024-07-22,Ontario,Lakeview Cars,David Taylor,I4,Ev,New,Cash,72266.09,Completed,2024,7,3,2024-07,2024-Q3,Mid (60–90K)
SAL-0481,2023-09-04,Quebec,Laval Premium Cars,Daniel Robinson,X5,Suv,New,Finance,79614.9,Completed,2023,9,3,2023-09,2023-Q3,Mid (60–90K)
SAL-0483,2023-03-11,British Columbia,Westcoast Dealership,Karen Martinez,X5,Suv,Pre-Owned,Lease,77432.67,Completed,2023,3,1,2023-03,2023-Q1,Mid (60–90K)
SAL-0484,2023-11-07,Ontario,Lakeview Cars,Thomas Martin,Ix,Ev,Pre-Owned,Lease,98571.54,Completed,2023,11,4,2023-11,2023-Q4,Premium (90–120K)
SAL-0485,2023-08-26,Ontario,Lakeview Cars,Linda Moore,X7,Suv,Pre-Owned,Cash,103376.01,Completed,2023,8,3,2023-08,2023-Q3,Premium (90–120K)
SAL-0486,2024-02-01,Manitoba,Prairie Motors,Sarah Thompson,4 Series,Coupe,Certified Pre-Owned,Cash,65979.49,Completed,2024,2,1,2024-02,2024-Q1,Mid (60–90K)
SAL-0487,2024-11-18,Ontario,Lakeview Cars,Michael Wilson,I4,Ev,New,Cash,70101.72,Completed,2024,11,4,2024-11,2024-Q4,Mid (60–90K)
SAL-0491,2024-04-07,Manitoba,Winnipeg Auto Centre,Robert Johnson,I7,Ev,Pre-Owned,Lease,134042.19,Completed,2024,4,2,2024-04,2024-Q2,Ultra (>120K)
SAL-0493,2024-12-09,Quebec,Montreal Auto Group,Patricia Davis,8 Series,Coupe,Pre-Owned,Lease,126575.0,Completed,2024,12,4,2024-12,2024-Q4,Ultra (>120K)
SAL-0494,2024-07-17,Ontario,Oakville Premium,Joseph White,X5,Suv,New,Cash,74107.75,Completed,2024,7,3,2024-07,2024-Q3,Mid (60–90K)
SAL-0495,2023-11-12,British Columbia,Pacific Auto Centre,Barbara Anderson,5 Series,Sedan,Pre-Owned,Finance,70985.29,Completed,2023,11,4,2023-11,2023-Q4,Mid (60–90K)
SAL-0496,2024-04-14,British Columbia,Pacific Auto Centre,Sarah Thompson,4 Series,Coupe,Certified Pre-Owned,Lease,60545.25,Completed,2024,4,2,2024-04,2024-Q2,Mid (60–90K)
SAL-0497,2023-03-23,Quebec,Quebec City Motors,Lisa Clark,Ix,Ev,Pre-Owned,Cash,93231.42,Completed,2023,3,1,2023-03,2023-Q1,Premium (90–120K)
SAL-0498,2023-02-26,British Columbia,Pacific Auto Centre,Susan Jackson,X3,Suv,New,Cash,54081.38,Completed,2023,2,1,2023-02,2023-Q1,Entry (<60K)
SAL-0500,2024-08-15,Manitoba,Winnipeg Auto Centre,Susan Jackson,I7,Ev,New,Cash,145502.15,Completed,2024,8,3,2024-08,2024-Q3,Ultra (>120K)
SAL-0501,2024-04-27,Quebec,Laval Premium Cars,James Brown,5 Series,Sedan,New,Lease,70156.0,Completed,2024,4,2,2024-04,2024-Q2,Mid (60–90K)
SAL-0504,2023-01-02,Manitoba,Winnipeg Auto Centre,Mary Williams,4 Series,Coupe,New,Finance,65112.85,Completed,2023,1,1,2023-01,2023-Q1,Mid (60–90K)
SAL-0505,2023-12-25,Quebec,Quebec City Motors,Karen Martinez,5 Series,Sedan,Pre-Owned,Cash,73510.37,Completed,2023,12,4,2023-12,2023-Q4,Mid (60–90K)
SAL-0506,2023-01-07,Ontario,Lakeview Cars,Mary Williams,8 Series,Coupe,Pre-Owned,Finance,118252.34,Completed,2023,1,1,2023-01,2023-Q1,Premium (90–120K)
SAL-0507,2024-11-19,British Columbia,Pacific Auto Centre,Sarah Thompson,8 Series,Coupe,Certified Pre-Owned,Cash,139879.47,Completed,2024,11,4,2024-11,2024-Q4,Ultra (>120K)
SAL-0508,2023-02-27,Manitoba,Prairie Motors,Charles Garcia,Ix,Ev,Certified Pre-Owned,Lease,96747.75,Completed,2023,2,1,2023-02,2023-Q1,Premium (90–120K)
SAL-0510,2024-12-27,Manitoba,Winnipeg Auto Centre,Jane Doe,8 Series,Coupe,Certified Pre-Owned,Finance,135990.11,Completed,2024,12,4,2024-12,2024-Q4,Ultra (>120K)
SAL-0511,2023-04-25,Alberta,Calgary Auto Hub,Susan Jackson,4 Series,Coupe,New,Cash,63125.08,Completed,2023,4,2,2023-04,2023-Q2,Mid (60–90K)
SAL-0512,2024-05-10,Manitoba,Winnipeg Auto Centre,Charles Garcia,X5,Suv,Certified Pre-Owned,Finance,76979.67,Completed,2024,5,2,2024-05,2024-Q2,Mid (60–90K)
SAL-0514,2023-02-17,Manitoba,Winnipeg Auto Centre,Mary Williams,8 Series,Coupe,Pre-Owned,Lease,125838.02,Completed,2023,2,1,2023-02,2023-Q1,Ultra (>120K)
SAL-0516,2024-07-09,Ontario,Downtown Auto Group,Susan Jackson,3 Series,Sedan,Pre-Owned,Finance,48059.37,Completed,2024,7,3,2024-07,2024-Q3,Entry (<60K)
SAL-0517,2024-09-19,British Columbia,Pacific Auto Centre,Richard Thomas,5 Series,Sedan,Pre-Owned,Finance,66655.92,Completed,2024,9,3,2024-09,2024-Q3,Mid (60–90K)
SAL-0522,2024-09-10,Quebec,Montreal Auto Group,Daniel Robinson,8 Series,Coupe,New,Lease,122617.82,Completed,2024,9,3,2024-09,2024-Q3,Ultra (>120K)
SAL-0524,2024-08-28,Ontario,Lakeview Cars,Jessica Harris,X7,Suv,Certified Pre-Owned,Lease,107583.38,Completed,2024,8,3,2024-08,2024-Q3,Premium (90–120K)
SAL-0525,2024-09-02,Ontario,Oakville Premium,Thomas Martin,7 Series,Sedan,Certified Pre-Owned,Lease,121225.25,Completed,2024,9,3,2024-09,2024-Q3,Ultra (>120K)
SAL-0526,2024-05-21,Ontario,Downtown Auto Group,Jane Doe,Ix,Ev,New,Cash,91539.16,Completed,2024,5,2,2024-05,2024-Q2,Premium (90–120K)
SAL-0529,2023-01-01,Alberta,Calgary Auto Hub,Karen Martinez,4 Series,Coupe,Certified Pre-Owned,Cash,57599.24,Completed,2023,1,1,2023-01,2023-Q1,Entry (<60K)
SAL-0530,2024-02-20,Quebec,Laval Premium Cars,Joseph White,8 Series,Coupe,Certified Pre-Owned,Lease,132294.45,Completed,2024,2,1,2024-02,2024-Q1,Ultra (>120K)
SAL-0531,2023-10-23,Quebec,Quebec City Motors,James Brown,I4,Ev,New,Cash,79384.85,Completed,2023,10,4,2023-10,2023-Q4,Mid (60–90K)
SAL-0535,2024-06-13,Ontario,Northside Motors,Robert Johnson,8 Series,Coupe,Pre-Owned,Lease,130379.75,Completed,2024,6,2,2024-06,2024-Q2,Ultra (>120K)
SAL-0540,2023-07-05,British Columbia,Vancouver Motors,Charles Garcia,X5,Suv,New,Finance,73371.91,Completed,2023,7,3,2023-07,2023-Q3,Mid (60–90K)
SAL-0541,2024-11-07,Quebec,Quebec City Motors,Thomas Martin,I4,Ev,Pre-Owned,Lease,81092.2,Completed,2024,11,4,2024-11,2024-Q4,Mid (60–90K)
SAL-0543,2023-09-26,Quebec,Laval Premium Cars,James Brown,Ix,Ev,Pre-Owned,Finance,88005.62,Completed,2023,9,3,2023-09,2023-Q3,Mid (60–90K)
SAL-0544,2024-06-28,Alberta,Rocky Mountain Motors,Susan Jackson,3 Series,Sedan,Certified Pre-Owned,Lease,53428.55,Completed,2024,6,2,2024-06,2024-Q2,Entry (<60K)
SAL-0545,2023-09-05,Manitoba,Prairie Motors,Daniel Robinson,I7,Ev,New,Lease,137551.57,Completed,2023,9,3,2023-09,2023-Q3,Ultra (>120K)
SAL-0547,2024-08-31,Ontario,Downtown Auto Group,Michael Wilson,3 Series,Sedan,Pre-Owned,Lease,48784.8,Completed,2024,8,3,2024-08,2024-Q3,Entry (<60K)
SAL-0550,2024-05-18,Alberta,Calgary Auto Hub,Michael Wilson,I4,Ev,Pre-Owned,Finance,75137.11,Completed,2024,5,2,2024-05,2024-Q2,Mid (60–90K)
SAL-0551,2023-09-23,Quebec,Montreal Auto Group,Mary Williams,5 Series,Sedan,New,Cash,68219.38,Completed,2023,9,3,2023-09,2023-Q3,Mid (60–90K)
SAL-0552,2024-11-11,Quebec,Montreal Auto Group,Joseph White,3 Series,Sedan,Certified Pre-Owned,Cash,57676.66,Completed,2024,11,4,2024-11,2024-Q4,Entry (<60K)
SAL-0554,2024-02-15,Manitoba,Prairie Motors,Jane Doe,8 Series,Coupe,Pre-Owned,Lease,126218.76,Completed,2024,2,1,2024-02,2024-Q1,Ultra (>120K)
SAL-0555,2024-07-21,Quebec,Quebec City Motors,Jane Doe,X3,Suv,Certified Pre-Owned,Lease,61495.35,Completed,2024,7,3,2024-07,2024-Q3,Mid (60–90K)
SAL-0556,2024-03-24,Alberta,Edmonton Premier Cars,Michael Wilson,7 Series,Sedan,New,Cash,116609.96,Completed,2024,3,1,2024-03,2024-Q1,Premium (90–120K)
SAL-0557,2024-06-30,Quebec,Montreal Auto Group,Thomas Martin,8 Series,Coupe,New,Cash,117680.3,Completed,2024,6,2,2024-06,2024-Q2,Premium (90–120K)
SAL-0558,2024-07-03,Ontario,Northside Motors,James Brown,I7,Ev,Pre-Owned,Lease,124821.71,Completed,2024,7,3,2024-07,2024-Q3,Ultra (>120K)
SAL-0559,2024-12-19,Ontario,Oakville Premium,James Brown,3 Series,Sedan,New,Cash,56828.88,Completed,2024,12,4,2024-12,2024-Q4,Entry (<60K)
SAL-0560,2023-04-27,Manitoba,Winnipeg Auto Centre,Sarah Thompson,3 Series,Sedan,Pre-Owned,Lease,53000.98,Completed,2023,4,2,2023-04,2023-Q2,Entry (<60K)
SAL-0561,2024-08-12,Quebec,Quebec City Motors,Karen Martinez,7 Series,Sedan,New,Finance,118755.07,Completed,2024,8,3,2024-08,2024-Q3,Premium (90–120K)
SAL-0563,2024-05-13,Manitoba,Prairie Motors,Robert Johnson,X3,Suv,New,Cash,54625.53,Completed,2024,5,2,2024-05,2024-Q2,Entry (<60K)
SAL-0564,2023-05-10,Alberta,Edmonton Premier Cars,Michael Wilson,I7,Ev,New,Lease,124514.16,Completed,2023,5,2,2023-05,2023-Q2,Ultra (>120K)
SAL-0565,2024-05-26,Manitoba,Winnipeg Auto Centre,Lisa Clark,X7,Suv,New,Lease,99561.59,Completed,2024,5,2,2024-05,2024-Q2,Premium (90–120K)
SAL-0566,2024-04-20,Ontario,Downtown Auto Group,Michael Wilson,4 Series,Coupe,Certified Pre-Owned,Cash,62891.98,Completed,2024,4,2,2024-04,2024-Q2,Mid (60–90K)
SAL-0567,2024-11-17,Quebec,Quebec City Motors,Jane Doe,X3,Suv,New,Lease,59850.03,Completed,2024,11,4,2024-11,2024-Q4,Entry (<60K)
SAL-0568,2023-02-23,Quebec,Montreal Auto Group,Karen Martinez,7 Series,Sedan,New,Cash,113849.54,Completed,2023,2,1,2023-02,2023-Q1,Premium (90–120K)
SAL-0569,2023-07-23,Quebec,Laval Premium Cars,Richard Thomas,8 Series,Coupe,New,Cash,133083.17,Completed,2023,7,3,2023-07,2023-Q3,Ultra (>120K)
SAL-0571,2023-07-18,Quebec,Quebec City Motors,Susan Jackson,X5,Suv,Certified Pre-Owned,Cash,78174.59,Completed,2023,7,3,2023-07,2023-Q3,Mid (60–90K)
SAL-0572,2024-03-04,British Columbia,Pacific Auto Centre,Patricia Davis,Ix,Ev,Certified Pre-Owned,Cash,96175.37,Completed,2024,3,1,2024-03,2024-Q1,Premium (90–120K)
SAL-0578,2024-01-15,British Columbia,Westcoast Dealership,Thomas Martin,I4,Ev,Pre-Owned,Lease,76914.29,Completed,2024,1,1,2024-01,2024-Q1,Mid (60–90K)
SAL-0581,2024-12-27,British Columbia,Westcoast Dealership,Michael Wilson,7 Series,Sedan,New,Finance,119960.5,Completed,2024,12,4,2024-12,2024-Q4,Premium (90–120K)
SAL-0583,2024-12-27,Quebec,Laval Premium Cars,Karen Martinez,5 Series,Sedan,Pre-Owned,Lease,71315.67,Completed,2024,12,4,2024-12,2024-Q4,Mid (60–90K)
SAL-0584,2023-03-24,Ontario,Northside Motors,Joseph White,I4,Ev,New,Finance,70027.22,Completed,2023,3,1,2023-03,2023-Q1,Mid (60–90K)
SAL-0586,2023-01-23,Ontario,Lakeview Cars,Linda Moore,X3,Suv,Pre-Owned,Lease,55588.55,Completed,2023,1,1,2023-01,2023-Q1,Entry (<60K)
SAL-0587,2023-11-08,Alberta,Edmonton Premier Cars,Daniel Robinson,Ix,Ev,New,Finance,90044.54,Completed,2023,11,4,2023-11,2023-Q4,Premium (90–120K)
SAL-0588,2023-10-19,Alberta,Calgary Auto Hub,Thomas Martin,X5,Suv,New,Lease,77036.84,Completed,2023,10,4,2023-10,2023-Q4,Mid (60–90K)
SAL-0593,2023-08-14,Alberta,Calgary Auto Hub,Thomas Martin,I7,Ev,Certified Pre-Owned,Cash,128128.61,Completed,2023,8,3,2023-08,2023-Q3,Ultra (>120K)
SAL-0594,2023-03-27,British Columbia,Vancouver Motors,Karen Martinez,X3,Suv,Certified Pre-Owned,Lease,56567.79,Completed,2023,3,1,2023-03,2023-Q1,Entry (<60K)
SAL-0595,2023-06-01,Manitoba,Winnipeg Auto Centre,Jessica Harris,8 Series,Coupe,Certified Pre-Owned,Finance,125838.02,Completed,2023,6,2,2023-06,2023-Q2,Ultra (>120K)
SAL-0596,2024-03-30,Quebec,Laval Premium Cars,Jessica Harris,3 Series,Sedan,Certified Pre-Owned,Finance,51783.36,Completed,2024,3,1,2024-03,2024-Q1,Entry (<60K)
SAL-0597,2023-08-01,Quebec,Montreal Auto Group,Barbara Anderson,3 Series,Sedan,Certified Pre-Owned,Lease,53394.08,Completed,2023,8,3,2023-08,2023-Q3,Entry (<60K)
SAL-0600,2024-10-17,Ontario,Northside Motors,Sarah Thompson,8 Series,Coupe,New,Lease,121608.24,Completed,2024,10,4,2024-10,2024-Q4,Ultra (>120K)
SAL-0601,2024-05-19,British Columbia,Pacific Auto Centre,Robert Johnson,5 Series,Sedan,Pre-Owned,Lease,64398.01,Completed,2024,5,2,2024-05,2024-Q2,Mid (60–90K)
SAL-0602,2024-06-08,Quebec,Laval Premium Cars,Daniel Robinson,5 Series,Sedan,New,Finance,65591.06,Completed,2024,6,2,2024-06,2024-Q2,Mid (60–90K)
SAL-0603,2023-10-07,British Columbia,Vancouver Motors,Susan Jackson,X3,Suv,Certified Pre-Owned,Lease,57752.79,Completed,2023,10,4,2023-10,2023-Q4,Entry (<60K)
SAL-0604,2024-09-05,Ontario,Northside Motors,Patricia Davis,X3,Suv,Pre-Owned,Finance,54183.16,Completed,2024,9,3,2024-09,2024-Q3,Entry (<60K)
SAL-0605,2023-01-14,Alberta,Calgary Auto Hub,James Brown,4 Series,Coupe,Pre-Owned,Finance,58236.71,Completed,2023,1,1,2023-01,2023-Q1,Entry (<60K)
SAL-0608,2024-12-27,Quebec,Laval Premium Cars,Barbara Anderson,4 Series,Coupe,New,Lease,63686.23,Completed,2024,12,4,2024-12,2024-Q4,Mid (60–90K)
SAL-0609,2023-05-14,British Columbia,Vancouver Motors,Robert Johnson,X3,Suv,Certified Pre-Owned,Lease,58031.71,Completed,2023,5,2,2023-05,2023-Q2,Entry (<60K)
SAL-0611,2023-07-30,Ontario,Downtown Auto Group,Daniel Robinson,7 Series,Sedan,New,Cash,116609.96,Completed,2023,7,3,2023-07,2023-Q3,Premium (90–120K)
SAL-0612,2023-06-14,Alberta,Rocky Mountain Motors,Charles Garcia,8 Series,Coupe,Pre-Owned,Lease,130988.21,Completed,2023,6,2,2023-06,2023-Q2,Ultra (>120K)
SAL-0613,2023-06-25,Ontario,Northside Motors,Karen Martinez,X5,Suv,New,Lease,79596.2,Completed,2023,6,2,2023-06,2023-Q2,Mid (60–90K)
SAL-0615,2024-06-16,Alberta,Calgary Auto Hub,James Brown,I4,Ev,Certified Pre-Owned,Finance,76303.63,Completed,2024,6,2,2024-06,2024-Q2,Mid (60–90K)
SAL-0616,2024-09-06,Ontario,Oakville Premium,Barbara Anderson,8 Series,Coupe,Pre-Owned,Finance,133417.45,Completed,2024,9,3,2024-09,2024-Q3,Ultra (>120K)
SAL-0618,2024-02-15,Ontario,Downtown Auto Group,Daniel Robinson,X5,Suv,New,Lease,75215.43,Completed,2024,2,1,2024-02,2024-Q1,Mid (60–90K)
SAL-0620,2024-09-09,Quebec,Quebec City Motors,Joseph White,I7,Ev,Certified Pre-Owned,Lease,140362.41,Completed,2024,9,3,2024-09,2024-Q3,Ultra (>120K)
SAL-0621,2023-05-18,Quebec,Quebec City Motors,John Smith,X7,Suv,New,Lease,96851.38,Completed,2023,5,2,2023-05,2023-Q2,Premium (90–120K)
SAL-0622,2023-11-07,British Columbia,Vancouver Motors,Lisa Clark,4 Series,Coupe,Pre-Owned,Cash,62072.58,Completed,2023,11,4,2023-11,2023-Q4,Mid (60–90K)
SAL-0623,2024-05-17,Quebec,Montreal Auto Group,Charles Garcia,8 Series,Coupe,Certified Pre-Owned,Lease,122409.44,Completed,2024,5,2,2024-05,2024-Q2,Ultra (>120K)
SAL-0626,2023-06-10,Manitoba,Prairie Motors,Charles Garcia,I7,Ev,New,Finance,132168.53,Completed,2023,6,2,2023-06,2023-Q2,Ultra (>120K)
SAL-0627,2023-01-29,Alberta,Edmonton Premier Cars,Daniel Robinson,4 Series,Coupe,New,Cash,61628.34,Completed,2023,1,1,2023-01,2023-Q1,Mid (60–90K)
SAL-0628,2023-12-20,Alberta,Edmonton Premier Cars,Susan Jackson,5 Series,Sedan,Certified Pre-Owned,Finance,74227.11,Completed,2023,12,4,2023-12,2023-Q4,Mid (60–90K)
SAL-0630,2024-12-13,Manitoba,Prairie Motors,Sarah Thompson,4 Series,Coupe,Pre-Owned,Cash,62521.38,Completed,2024,12,4,2024-12,2024-Q4,Mid (60–90K)
SAL-0631,2024-05-23,Quebec,Montreal Auto Group,Charles Garcia,X5,Suv,Pre-Owned,Finance,80662.6,Completed,2024,5,2,2024-05,2024-Q2,Mid (60–90K)
SAL-0632,2023-08-08,Quebec,Laval Premium Cars,Barbara Anderson,7 Series,Sedan,Certified Pre-Owned,Cash,122271.81,Completed,2023,8,3,2023-08,2023-Q3,Ultra (>120K)
SAL-0636,2024-10-03,Quebec,Quebec City Motors,Jane Doe,I7,Ev,Pre-Owned,Cash,140557.31,Completed,2024,10,4,2024-10,2024-Q4,Ultra (>120K)
SAL-0637,2023-03-07,Alberta,Edmonton Premier Cars,Michael Wilson,Ix,Ev,Certified Pre-Owned,Finance,92480.13,Completed,2023,3,1,2023-03,2023-Q1,Premium (90–120K)
SAL-0641,2023-04-25,Quebec,Laval Premium Cars,Daniel Robinson,X3,Suv,Pre-Owned,Lease,53546.26,Completed,2023,4,2,2023-04,2023-Q2,Entry (<60K)
SAL-0642,2023-09-01,Manitoba,Prairie Motors,Lisa Clark,I4,Ev,New,Finance,69950.35,Completed,2023,9,3,2023-09,2023-Q3,Mid (60–90K)
SAL-0644,2024-07-12,Manitoba,Prairie Motors,Jessica Harris,5 Series,Sedan,Certified Pre-Owned,Lease,66123.17,Completed,2024,7,3,2024-07,2024-Q3,Mid (60–90K)
SAL-0645,2023-01-22,Alberta,Edmonton Premier Cars,Lisa Clark,8 Series,Coupe,New,Lease,117395.24,Completed,2023,1,1,2023-01,2023-Q1,Premium (90–120K)
SAL-0647,2023-11-01,Alberta,Edmonton Premier Cars,Michael Wilson,3 Series,Sedan,New,Finance,55417.62,Completed,2023,11,4,2023-11,2023-Q4,Entry (<60K)
SAL-0649,2024-03-06,Alberta,Rocky Mountain Motors,Lisa Clark,5 Series,Sedan,Pre-Owned,Lease,71146.18,Completed,2024,3,1,2024-03,2024-Q1,Mid (60–90K)
SAL-0650,2023-05-20,British Columbia,Westcoast Dealership,John Smith,I7,Ev,Certified Pre-Owned,Cash,134966.35,Completed,2023,5,2,2023-05,2023-Q2,Ultra (>120K)
SAL-0651,2024-04-07,Manitoba,Winnipeg Auto Centre,Sarah Thompson,Ix,Ev,Pre-Owned,Cash,85919.47,Completed,2024,4,2,2024-04,2024-Q2,Mid (60–90K)
SAL-0653,2023-07-23,Manitoba,Winnipeg Auto Centre,David Taylor,5 Series,Sedan,Pre-Owned,Cash,68944.83,Completed,2023,7,3,2023-07,2023-Q3,Mid (60–90K)
SAL-0656,2023-07-04,British Columbia,Vancouver Motors,Jessica Harris,X5,Suv,New,Cash,73352.2,Completed,2023,7,3,2023-07,2023-Q3,Mid (60–90K)
SAL-0658,2024-07-24,Manitoba,Prairie Motors,Jane Doe,3 Series,Sedan,New,Finance,50860.84,Completed,2024,7,3,2024-07,2024-Q3,Entry (<60K)
SAL-0660,2024-05-30,Ontario,Northside Motors,Sarah Thompson,4 Series,Coupe,Certified Pre-Owned,Finance,62702.12,Completed,2024,5,2,2024-05,2024-Q2,Mid (60–90K)
SAL-0661,2023-05-11,Alberta,Calgary Auto Hub,Sarah Thompson,4 Series,Coupe,Certified Pre-Owned,Lease,60572.48,Completed,2023,5,2,2023-05,2023-Q2,Mid (60–90K)
SAL-0662,2023-06-18,Manitoba,Prairie Motors,Richard Thomas,8 Series,Coupe,Pre-Owned,Finance,134730.3,Completed,2023,6,2,2023-06,2023-Q2,Ultra (>120K)
SAL-0665,2023-07-04,Alberta,Calgary Auto Hub,Patricia Davis,X5,Suv,Pre-Owned,Lease,73030.25,Completed,2023,7,3,2023-07,2023-Q3,Mid (60–90K)
SAL-0666,2023-09-10,Ontario,Northside Motors,Sarah Thompson,I4,Ev,Pre-Owned,Cash,73096.5,Completed,2023,9,3,2023-09,2023-Q3,Mid (60–90K)
SAL-0669,2023-03-14,Alberta,Edmonton Premier Cars,Karen Martinez,7 Series,Sedan,Pre-Owned,Finance,109232.83,Completed,2023,3,1,2023-03,2023-Q1,Premium (90–120K)
SAL-0670,2023-06-16,Quebec,Montreal Auto Group,Joseph White,3 Series,Sedan,Certified Pre-Owned,Finance,50211.99,Completed,2023,6,2,2023-06,2023-Q2,Entry (<60K)
SAL-0671,2024-11-12,Alberta,Rocky Mountain Motors,Mary Williams,X5,Suv,Certified Pre-Owned,Lease,77619.89,Completed,2024,11,4,2024-11,2024-Q4,Mid (60–90K)
SAL-0674,2024-06-19,British Columbia,Pacific Auto Centre,Jessica Harris,4 Series,Coupe,Certified Pre-Owned,Lease,62243.15,Completed,2024,6,2,2024-06,2024-Q2,Mid (60–90K)
SAL-0675,2024-04-20,Manitoba,Prairie Motors,Daniel Robinson,I4,Ev,Certified Pre-Owned,Finance,70967.77,Completed,2024,4,2,2024-04,2024-Q2,Mid (60–90K)
SAL-0676,2023-02-16,Quebec,Montreal Auto Group,Robert Johnson,X5,Suv,Certified Pre-Owned,Lease,84020.09,Completed,2023,2,1,2023-02,2023-Q1,Mid (60–90K)
SAL-0679,2024-12-08,Manitoba,Prairie Motors,Joseph White,8 Series,Coupe,Certified Pre-Owned,Cash,141108.88,Completed,2024,12,4,2024-12,2024-Q4,Ultra (>120K)
SAL-0681,2024-04-30,Ontario,Lakeview Cars,Jessica Harris,I4,Ev,New,Cash,75652.67,Completed,2024,4,2,2024-04,2024-Q2,Mid (60–90K)
SAL-0683,2024-08-15,Ontario,Oakville Premium,Lisa Clark,Ix,Ev,Pre-Owned,Lease,93746.64,Completed,2024,8,3,2024-08,2024-Q3,Premium (90–120K)
SAL-0689,2023-09-25,Manitoba,Winnipeg Auto Centre,Susan Jackson,5 Series,Sedan,Pre-Owned,Cash,70932.08,Completed,2023,9,3,2023-09,2023-Q3,Mid (60–90K)
SAL-0690,2024-09-24,Ontario,Lakeview Cars,Linda Moore,I4,Ev,New,Lease,68394.74,Completed,2024,9,3,2024-09,2024-Q3,Mid (60–90K)
SAL-0691,2024-06-11,Ontario,Lakeview Cars,Lisa Clark,X7,Suv,Pre-Owned,Cash,99122.45,Completed,2024,6,2,2024-06,2024-Q2,Premium (90–120K)
SAL-0692,2023-02-12,Ontario,Downtown Auto Group,Charles Garcia,7 Series,Sedan,New,Cash,113628.03,Completed,2023,2,1,2023-02,2023-Q1,Premium (90–120K)
SAL-0693,2024-05-25,Alberta,Rocky Mountain Motors,Mary Williams,I7,Ev,New,Lease,135164.38,Completed,2024,5,2,2024-05,2024-Q2,Ultra (>120K)
SAL-0694,2024-04-30,Quebec,Quebec City Motors,Richard Thomas,3 Series,Sedan,Certified Pre-Owned,Lease,49856.85,Completed,2024,4,2,2024-04,2024-Q2,Entry (<60K)
SAL-0696,2023-05-30,Manitoba,Prairie Motors,John Smith,5 Series,Sedan,Pre-Owned,Lease,69203.55,Completed,2023,5,2,2023-05,2023-Q2,Mid (60–90K)
SAL-0698,2023-01-09,Manitoba,Prairie Motors,David Taylor,8 Series,Coupe,Pre-Owned,Lease,126624.76,Completed,2023,1,1,2023-01,2023-Q1,Ultra (>120K)
SAL-0701,2024-03-08,Manitoba,Prairie Motors,Charles Garcia,X5,Suv,New,Lease,78406.72,Completed,2024,3,1,2024-03,2024-Q1,Mid (60–90K)
SAL-0706,2024-12-06,Quebec,Laval Premium Cars,Sarah Thompson,Ix,Ev,Pre-Owned,Finance,104172.83,Completed,2024,12,4,2024-12,2024-Q4,Premium (90–120K)
SAL-0707,2023-08-06,British Columbia,Westcoast Dealership,Thomas Martin,7 Series,Sedan,Certified Pre-Owned,Cash,111731.31,Completed,2023,8,3,2023-08,2023-Q3,Premium (90–120K)
SAL-0709,2023-05-27,Alberta,Edmonton Premier Cars,James Brown,I4,Ev,Pre-Owned,Finance,69173.46,Completed,2023,5,2,2023-05,2023-Q2,Mid (60–90K)
SAL-0710,2023-05-06,British Columbia,Westcoast Dealership,Karen Martinez,I4,Ev,Certified Pre-Owned,Cash,74090.91,Completed,2023,5,2,2023-05,2023-Q2,Mid (60–90K)
SAL-0712,2023-08-27,Alberta,Calgary Auto Hub,Joseph White,Ix,Ev,Certified Pre-Owned,Lease,93407.8,Completed,2023,8,3,2023-08,2023-Q3,Premium (90–120K)
SAL-0713,2024-10-07,Ontario,Northside Motors,Barbara Anderson,7 Series,Sedan,Pre-Owned,Lease,120200.85,Completed,2024,10,4,2024-10,2024-Q4,Ultra (>120K)
SAL-0714,2024-05-29,Manitoba,Winnipeg Auto Centre,John Smith,X5,Suv,New,Lease,76899.77,Completed,2024,5,2,2024-05,2024-Q2,Mid (60–90K)
SAL-0716,2024-06-24,Quebec,Montreal Auto Group,Richard Thomas,I4,Ev,Certified Pre-Owned,Finance,76948.18,Completed,2024,6,2,2024-06,2024-Q2,Mid (60–90K)
SAL-0717,2023-06-07,British Columbia,Pacific Auto Centre,Barbara Anderson,4 Series,Coupe,Certified Pre-Owned,Lease,65279.74,Completed,2023,6,2,2023-06,2023-Q2,Mid (60–90K)
SAL-0718,2023-11-24,Ontario,Lakeview Cars,James Brown,I4,Ev,Certified Pre-Owned,Finance,81224.97,Completed,2023,11,4,2023-11,2023-Q4,Mid (60–90K)
SAL-0719,2024-06-04,British Columbia,Pacific Auto Centre,Charles Garcia,X5,Suv,Certified Pre-Owned,Cash,73311.23,Completed,2024,6,2,2024-06,2024-Q2,Mid (60–90K)
SAL-0721,2023-03-27,British Columbia,Vancouver Motors,Charles Garcia,Ix,Ev,New,Cash,98452.37,Completed,2023,3,1,2023-03,2023-Q1,Premium (90–120K)
SAL-0722,2023-01-02,Quebec,Laval Premium Cars,Thomas Martin,I4,Ev,Pre-Owned,Finance,73096.5,Completed,2023,1,1,2023-01,2023-Q1,Mid (60–90K)
SAL-0723,2024-10-09,Manitoba,Prairie Motors,Michael Wilson,Ix,Ev,Pre-Owned,Lease,89899.77,Completed,2024,10,4,2024-10,2024-Q4,Mid (60–90K)
SAL-0724,2023-05-06,Alberta,Calgary Auto Hub,James Brown,I7,Ev,Pre-Owned,Lease,140208.21,Completed,2023,5,2,2023-05,2023-Q2,Ultra (>120K)
SAL-0725,2024-12-25,Alberta,Rocky Mountain Motors,Thomas Martin,8 Series,Coupe,Certified Pre-Owned,Cash,132813.94,Completed,2024,12,4,2024-12,2024-Q4,Ultra (>120K)
SAL-0726,2024-05-02,Ontario,Northside Motors,John Smith,7 Series,Sedan,New,Lease,121289.65,Completed,2024,5,2,2024-05,2024-Q2,Ultra (>120K)
SAL-0728,2024-12-14,Manitoba,Prairie Motors,John Smith,I4,Ev,New,Finance,79171.55,Completed,2024,12,4,2024-12,2024-Q4,Mid (60–90K)
SAL-0729,2023-04-03,Ontario,Lakeview Cars,Lisa Clark,4 Series,Coupe,Pre-Owned,Finance,59040.14,Completed,2023,4,2,2023-04,2023-Q2,Entry (<60K)
SAL-0732,2024-11-25,Alberta,Calgary Auto Hub,Karen Martinez,7 Series,Sedan,Pre-Owned,Finance,126827.58,Completed,2024,11,4,2024-11,2024-Q4,Ultra (>120K)
SAL-0735,2023-09-13,Ontario,Northside Motors,Michael Wilson,I4,Ev,New,Finance,70373.73,Completed,2023,9,3,2023-09,2023-Q3,Mid (60–90K)
SAL-0736,2023-09-11,Quebec,Montreal Auto Group,Mary Williams,8 Series,Coupe,Certified Pre-Owned,Cash,132544.01,Completed,2023,9,3,2023-09,2023-Q3,Ultra (>120K)
SAL-0737,2024-10-02,British Columbia,Pacific Auto Centre,Thomas Martin,I4,Ev,Pre-Owned,Cash,74299.02,Completed,2024,10,4,2024-10,2024-Q4,Mid (60–90K)
SAL-0740,2024-04-09,Manitoba,Winnipeg Auto Centre,Charles Garcia,4 Series,Coupe,Certified Pre-Owned,Lease,60779.29,Completed,2024,4,2,2024-04,2024-Q2,Mid (60–90K)
SAL-0742,2024-08-21,Ontario,Downtown Auto Group,Jessica Harris,X5,Suv,Pre-Owned,Lease,75521.2,Completed,2024,8,3,2024-08,2024-Q3,Mid (60–90K)
SAL-0744,2023-07-20,Manitoba,Winnipeg Auto Centre,Michael Wilson,Ix,Ev,Pre-Owned,Cash,92040.04,Completed,2023,7,3,2023-07,2023-Q3,Premium (90–120K)
SAL-0745,2024-09-22,Quebec,Laval Premium Cars,Barbara Anderson,8 Series,Coupe,Certified Pre-Owned,Finance,119644.25,Completed,2024,9,3,2024-09,2024-Q3,Premium (90–120K)
SAL-0746,2023-08-17,Quebec,Montreal Auto Group,Linda Moore,7 Series,Sedan,Certified Pre-Owned,Lease,122352.17,Completed,2023,8,3,2023-08,2023-Q3,Ultra (>120K)
SAL-0747,2024-02-14,Alberta,Rocky Mountain Motors,Patricia Davis,I4,Ev,New,Finance,70662.43,Completed,2024,2,1,2024-02,2024-Q1,Mid (60–90K)
SAL-0748,2024-08-22,Alberta,Edmonton Premier Cars,Susan Jackson,X7,Suv,New,Cash,102710.78,Completed,2024,8,3,2024-08,2024-Q3,Premium (90–120K)
SAL-0749,2023-07-20,British Columbia,Vancouver Motors,John Smith,X3,Suv,New,Finance,58382.86,Completed,2023,7,3,2023-07,2023-Q3,Entry (<60K)
SAL-0750,2024-04-12,Ontario,Lakeview Cars,Linda Moore,X5,Suv,Certified Pre-Owned,Finance,79550.49,Completed,2024,4,2,2024-04,2024-Q2,Mid (60–90K)
SAL-0752,2023-10-29,British Columbia,Pacific Auto Centre,James Brown,X7,Suv,Certified Pre-Owned,Cash,114636.96,Completed,2023,10,4,2023-10,2023-Q4,Premium (90–120K)
SAL-0753,2023-03-25,Manitoba,Prairie Motors,Sarah Thompson,X7,Suv,Pre-Owned,Lease,104084.2,Completed,2023,3,1,2023-03,2023-Q1,Premium (90–120K)
SAL-0754,2024-04-20,Manitoba,Prairie Motors,Patricia Davis,I7,Ev,Certified Pre-Owned,Lease,131433.96,Completed,2024,4,2,2024-04,2024-Q2,Ultra (>120K)
SAL-0755,2024-08-20,Quebec,Quebec City Motors,Jane Doe,I7,Ev,New,Cash,127208.28,Completed,2024,8,3,2024-08,2024-Q3,Ultra (>120K)
SAL-0756,2023-09-18,Quebec,Quebec City Motors,Karen Martinez,X5,Suv,New,Cash,81669.43,Completed,2023,9,3,2023-09,2023-Q3,Mid (60–90K)
SAL-0757,2024-04-06,Ontario,Oakville Premium,Thomas Martin,8 Series,Coupe,Certified Pre-Owned,Finance,127401.46,Completed,2024,4,2,2024-04,2024-Q2,Ultra (>120K)
SAL-0758,2024-10-22,British Columbia,Vancouver Motors,Robert Johnson,X5,Suv,Certified Pre-Owned,Cash,82338.47,Completed,2024,10,4,2024-10,2024-Q4,Mid (60–90K)
SAL-0759,2023-03-15,Alberta,Calgary Auto Hub,Susan Jackson,3 Series,Sedan,New,Lease,55277.19,Completed,2023,3,1,2023-03,2023-Q1,Entry (<60K)
SAL-0760,2024-07-10,Alberta,Calgary Auto Hub,David Taylor,X7,Suv,New,Finance,106709.91,Completed,2024,7,3,2024-07,2024-Q3,Premium (90–120K)
SAL-0761,2024-10-31,Quebec,Laval Premium Cars,Charles Garcia,5 Series,Sedan,New,Finance,67420.73,Completed,2024,10,4,2024-10,2024-Q4,Mid (60–90K)
SAL-0763,2023-01-10,Alberta,Calgary Auto Hub,Sarah Thompson,X5,Suv,Pre-Owned,Finance,74861.14,Completed,2023,1,1,2023-01,2023-Q1,Mid (60–90K)
SAL-0764,2024-08-04,Manitoba,Prairie Motors,Jane Doe,4 Series,Coupe,New,Cash,64419.95,Completed,2024,8,3,2024-08,2024-Q3,Mid (60–90K)
SAL-0765,2024-02-05,Manitoba,Prairie Motors,Robert Johnson,I4,Ev,Pre-Owned,Finance,66626.29,Completed,2024,2,1,2024-02,2024-Q1,Mid (60–90K)
SAL-0767,2023-10-26,Quebec,Quebec City Motors,Charles Garcia,X3,Suv,New,Finance,63457.4,Completed,2023,10,4,2023-10,2023-Q4,Mid (60–90K)
SAL-0768,2023-05-13,Quebec,Quebec City Motors,Karen Martinez,X3,Suv,Certified Pre-Owned,Finance,61496.39,Completed,2023,5,2,2023-05,2023-Q2,Mid (60–90K)
SAL-0777,2024-04-27,British Columbia,Westcoast Dealership,David Taylor,I4,Ev,New,Cash,68880.98,Completed,2024,4,2,2024-04,2024-Q2,Mid (60–90K)
SAL-0778,2023-01-12,Quebec,Montreal Auto Group,David Taylor,7 Series,Sedan,New,Finance,119089.45,Completed,2023,1,1,2023-01,2023-Q1,Premium (90–120K)
SAL-0779,2023-02-18,Manitoba,Winnipeg Auto Centre,Charles Garcia,I7,Ev,Pre-Owned,Lease,139752.79,Completed,2023,2,1,2023-02,2023-Q1,Ultra (>120K)
SAL-0780,2023-09-13,Ontario,Downtown Auto Group,Susan Jackson,I4,Ev,New,Cash,73096.5,Completed,2023,9,3,2023-09,2023-Q3,Mid (60–90K)
SAL-0781,2023-04-09,British Columbia,Westcoast Dealership,Patricia Davis,3 Series,Sedan,Pre-Owned,Cash,53613.65,Completed,2023,4,2,2023-04,2023-Q2,Entry (<60K)
SAL-0782,2024-02-09,Manitoba,Winnipeg Auto Centre,Jessica Harris,X7,Suv,New,Cash,102697.26,Completed,2024,2,1,2024-02,2024-Q1,Premium (90–120K)
SAL-0783,2024-04-14,Alberta,Calgary Auto Hub,Linda Moore,I4,Ev,New,Lease,69140.73,Completed,2024,4,2,2024-04,2024-Q2,Mid (60–90K)
SAL-0784,2023-04-15,British Columbia,Vancouver Motors,Karen Martinez,8 Series,Coupe,Pre-Owned,Cash,121913.92,Completed,2023,4,2,2023-04,2023-Q2,Ultra (>120K)
SAL-0785,2023-06-29,Quebec,Laval Premium Cars,Richard Thomas,X5,Suv,Pre-Owned,Finance,74026.34,Completed,2023,6,2,2023-06,2023-Q2,Mid (60–90K)
SAL-0787,2023-05-21,Quebec,Montreal Auto Group,Susan Jackson,3 Series,Sedan,Certified Pre-Owned,Finance,52693.82,Completed,2023,5,2,2023-05,2023-Q2,Entry (<60K)
SAL-0789,2023-09-06,Ontario,Northside Motors,Michael Wilson,8 Series,Coupe,Pre-Owned,Cash,124240.12,Completed,2023,9,3,2023-09,2023-Q3,Ultra (>120K)
SAL-0790,2024-03-28,Quebec,Laval Premium Cars,John Smith,4 Series,Coupe,New,Finance,66437.05,Completed,2024,3,1,2024-03,2024-Q1,Mid (60–90K)
SAL-0794,2023-03-27,Quebec,Montreal Auto Group,Barbara Anderson,Ix,Ev,Pre-Owned,Lease,93640.61,Completed,2023,3,1,2023-03,2023-Q1,Premium (90–120K)
SAL-0795,2024-07-29,Alberta,Edmonton Premier Cars,Lisa Clark,8 Series,Coupe,Certified Pre-Owned,Cash,115362.2,Completed,2024,7,3,2024-07,2024-Q3,Premium (90–120K)
SAL-0797,2023-05-08,Manitoba,Winnipeg Auto Centre,Joseph White,I4,Ev,Pre-Owned,Cash,76978.0,Completed,2023,5,2,2023-05,2023-Q2,Mid (60–90K)
SAL-0802,2023-10-03,Ontario,Downtown Auto Group,Michael Wilson,4 Series,Coupe,Pre-Owned,Finance,62563.47,Completed,2023,10,4,2023-10,2023-Q4,Mid (60–90K)
SAL-0803,2024-03-02,Ontario,Downtown Auto Group,Barbara Anderson,I7,Ev,Pre-Owned,Finance,136647.83,Completed,2024,3,1,2024-03,2024-Q1,Ultra (>120K)
SAL-0804,2024-08-03,Quebec,Montreal Auto Group,Michael Wilson,5 Series,Sedan,New,Cash,69161.06,Completed,2024,8,3,2024-08,2024-Q3,Mid (60–90K)
SAL-0806,2023-04-14,British Columbia,Vancouver Motors,John Smith,I7,Ev,New,Finance,140107.2,Completed,2023,4,2,2023-04,2023-Q2,Ultra (>120K)
SAL-0808,2024-11-12,Alberta,Edmonton Premier Cars,Joseph White,X5,Suv,Certified Pre-Owned,Lease,87476.65,Completed,2024,11,4,2024-11,2024-Q4,Mid (60–90K)
SAL-0810,2024-02-28,Alberta,Edmonton Premier Cars,Michael Wilson,I7,Ev,New,Lease,137517.86,Completed,2024,2,1,2024-02,2024-Q1,Ultra (>120K)
SAL-0812,2024-01-30,Quebec,Laval Premium Cars,Barbara Anderson,7 Series,Sedan,Pre-Owned,Cash,121235.72,Completed,2024,1,1,2024-01,2024-Q1,Ultra (>120K)
SAL-0814,2023-06-24,Manitoba,Winnipeg Auto Centre,Robert Johnson,X3,Suv,New,Finance,61905.41,Completed,2023,6,2,2023-06,2023-Q2,Mid (60–90K)
SAL-0817,2023-04-29,Quebec,Montreal Auto Group,Barbara Anderson,X5,Suv,New,Cash,79139.12,Completed,2023,4,2,2023-04,2023-Q2,Mid (60–90K)
SAL-0818,2024-01-25,Ontario,Lakeview Cars,Daniel Robinson,X5,Suv,Pre-Owned,Cash,76739.55,Completed,2024,1,1,2024-01,2024-Q1,Mid (60–90K)
SAL-0819,2024-06-16,Quebec,Quebec City Motors,Lisa Clark,4 Series,Coupe,Pre-Owned,Cash,57583.24,Completed,2024,6,2,2024-06,2024-Q2,Entry (<60K)
SAL-0820,2024-11-27,British Columbia,Vancouver Motors,Thomas Martin,X5,Suv,New,Lease,79740.42,Completed,2024,11,4,2024-11,2024-Q4,Mid (60–90K)
SAL-0821,2023-10-08,Ontario,Lakeview Cars,Daniel Robinson,4 Series,Coupe,Certified Pre-Owned,Lease,68254.52,Completed,2023,10,4,2023-10,2023-Q4,Mid (60–90K)
SAL-0824,2023-05-15,British Columbia,Westcoast Dealership,Richard Thomas,I4,Ev,Pre-Owned,Cash,70826.9,Completed,2023,5,2,2023-05,2023-Q2,Mid (60–90K)
SAL-0825,2023-08-12,Quebec,Quebec City Motors,Michael Wilson,X3,Suv,Pre-Owned,Lease,58347.03,Completed,2023,8,3,2023-08,2023-Q3,Entry (<60K)
SAL-0827,2024-10-04,Alberta,Rocky Mountain Motors,Joseph White,I4,Ev,New,Cash,73741.4,Completed,2024,10,4,2024-10,2024-Q4,Mid (60–90K)
SAL-0830,2024-10-22,Ontario,Northside Motors,Jessica Harris,Ix,Ev,Certified Pre-Owned,Lease,95861.48,Completed,2024,10,4,2024-10,2024-Q4,Premium (90–120K)
SAL-0833,2024-07-29,British Columbia,Westcoast Dealership,David Taylor,X3,Suv,New,Cash,54667.15,Completed,2024,7,3,2024-07,2024-Q3,Entry (<60K)
SAL-0835,2023-04-12,Manitoba,Prairie Motors,Jane Doe,X7,Suv,New,Cash,101973.36,Completed,2023,4,2,2023-04,2023-Q2,Premium (90–120K)
SAL-0839,2023-12-04,Ontario,Downtown Auto Group,Robert Johnson,I4,Ev,Certified Pre-Owned,Finance,76574.8,Completed,2023,12,4,2023-12,2023-Q4,Mid (60–90K)
SAL-0840,2023-04-18,Ontario,Oakville Premium,Mary Williams,X5,Suv,New,Lease,79650.66,Completed,2023,4,2,2023-04,2023-Q2,Mid (60–90K)
SAL-0841,2024-09-14,Alberta,Rocky Mountain Motors,Mary Williams,8 Series,Coupe,New,Cash,115261.89,Completed,2024,9,3,2024-09,2024-Q3,Premium (90–120K)
SAL-0844,2024-03-14,Alberta,Edmonton Premier Cars,Charles Garcia,8 Series,Coupe,Pre-Owned,Cash,134221.41,Completed,2024,3,1,2024-03,2024-Q1,Ultra (>120K)
SAL-0845,2023-09-03,Alberta,Calgary Auto Hub,Robert Johnson,3 Series,Sedan,New,Lease,49076.87,Completed,2023,9,3,2023-09,2023-Q3,Entry (<60K)
SAL-0847,2024-11-08,Ontario,Oakville Premium,Charles Garcia,4 Series,Coupe,Pre-Owned,Lease,60781.0,Completed,2024,11,4,2024-11,2024-Q4,Mid (60–90K)
SAL-0848,2024-01-11,Manitoba,Winnipeg Auto Centre,James Brown,X3,Suv,Pre-Owned,Finance,62610.99,Completed,2024,1,1,2024-01,2024-Q1,Mid (60–90K)
SAL-0849,2023-05-01,Ontario,Lakeview Cars,Barbara Anderson,X7,Suv,Certified Pre-Owned,Finance,102035.82,Completed,2023,5,2,2023-05,2023-Q2,Premium (90–120K)
SAL-0850,2024-04-19,Quebec,Montreal Auto Group,Lisa Clark,4 Series,Coupe,Certified Pre-Owned,Cash,62563.47,Completed,2024,4,2,2024-04,2024-Q2,Mid (60–90K)
SAL-0852,2023-01-08,British Columbia,Vancouver Motors,James Brown,5 Series,Sedan,Pre-Owned,Finance,70719.57,Completed,2023,1,1,2023-01,2023-Q1,Mid (60–90K)
SAL-0853,2024-03-25,British Columbia,Westcoast Dealership,Thomas Martin,4 Series,Coupe,New,Cash,59122.26,Completed,2024,3,1,2024-03,2024-Q1,Entry (<60K)
SAL-0854,2023-02-11,British Columbia,Pacific Auto Centre,James Brown,X5,Suv,Certified Pre-Owned,Finance,82967.72,Completed,2023,2,1,2023-02,2023-Q1,Mid (60–90K)
SAL-0855,2024-03-07,Quebec,Laval Premium Cars,Sarah Thompson,4 Series,Coupe,Pre-Owned,Finance,59074.99,Completed,2024,3,1,2024-03,2024-Q1,Entry (<60K)
SAL-0856,2023-04-21,Manitoba,Prairie Motors,John Smith,X3,Suv,New,Cash,55129.58,Completed,2023,4,2,2023-04,2023-Q2,Entry (<60K)
SAL-0857,2024-05-06,Alberta,Edmonton Premier Cars,Barbara Anderson,5 Series,Sedan,Certified Pre-Owned,Finance,62957.66,Completed,2024,5,2,2024-05,2024-Q2,Mid (60–90K)
SAL-0859,2024-10-06,Manitoba,Winnipeg Auto Centre,James Brown,X7,Suv,New,Cash,108211.12,Completed,2024,10,4,2024-10,2024-Q4,Premium (90–120K)
SAL-0861,2023-03-04,British Columbia,Vancouver Motors,Charles Garcia,Ix,Ev,Certified Pre-Owned,Lease,96055.77,Completed,2023,3,1,2023-03,2023-Q1,Premium (90–120K)
SAL-0862,2023-11-24,Alberta,Rocky Mountain Motors,Jane Doe,I4,Ev,New,Cash,75034.98,Completed,2023,11,4,2023-11,2023-Q4,Mid (60–90K)
SAL-0863,2023-07-09,Quebec,Quebec City Motors,David Taylor,5 Series,Sedan,Certified Pre-Owned,Finance,68265.37,Completed,2023,7,3,2023-07,2023-Q3,Mid (60–90K)
SAL-0864,2024-01-06,Manitoba,Winnipeg Auto Centre,Daniel Robinson,8 Series,Coupe,Pre-Owned,Lease,123815.25,Completed,2024,1,1,2024-01,2024-Q1,Ultra (>120K)
SAL-0865,2024-09-08,Ontario,Downtown Auto Group,Mary Williams,X7,Suv,New,Lease,100380.45,Completed,2024,9,3,2024-09,2024-Q3,Premium (90–120K)
SAL-0866,2023-07-26,Manitoba,Prairie Motors,Karen Martinez,8 Series,Coupe,Pre-Owned,Cash,126192.81,Completed,2023,7,3,2023-07,2023-Q3,Ultra (>120K)
SAL-0868,2023-10-24,Ontario,Northside Motors,Jane Doe,4 Series,Coupe,Pre-Owned,Cash,61786.96,Completed,2023,10,4,2023-10,2023-Q4,Mid (60–90K)
SAL-0871,2023-08-18,Alberta,Rocky Mountain Motors,Jane Doe,3 Series,Sedan,Pre-Owned,Cash,52583.16,Completed,2023,8,3,2023-08,2023-Q3,Entry (<60K)
SAL-0872,2023-09-12,British Columbia,Vancouver Motors,Michael Wilson,7 Series,Sedan,Pre-Owned,Cash,110781.7,Completed,2023,9,3,2023-09,2023-Q3,Premium (90–120K)
SAL-0873,2024-02-23,Alberta,Calgary Auto Hub,Lisa Clark,4 Series,Coupe,Certified Pre-Owned,Finance,63428.48,Completed,2024,2,1,2024-02,2024-Q1,Mid (60–90K)
SAL-0876,2024-05-22,Alberta,Calgary Auto Hub,Patricia Davis,I4,Ev,Certified Pre-Owned,Cash,68038.88,Completed,2024,5,2,2024-05,2024-Q2,Mid (60–90K)
SAL-0877,2023-07-01,Alberta,Calgary Auto Hub,Joseph White,4 Series,Coupe,Pre-Owned,Lease,64142.44,Completed,2023,7,3,2023-07,2023-Q3,Mid (60–90K)
SAL-0879,2023-10-02,Ontario,Northside Motors,James Brown,X3,Suv,Pre-Owned,Lease,56292.02,Completed,2023,10,4,2023-10,2023-Q4,Entry (<60K)
SAL-0880,2023-05-23,Manitoba,Prairie Motors,Sarah Thompson,3 Series,Sedan,Pre-Owned,Finance,49686.81,Completed,2023,5,2,2023-05,2023-Q2,Entry (<60K)
SAL-0881,2023-02-15,Manitoba,Prairie Motors,Mary Williams,3 Series,Sedan,Pre-Owned,Finance,49762.54,Completed,2023,2,1,2023-02,2023-Q1,Entry (<60K)
SAL-0882,2024-01-30,British Columbia,Pacific Auto Centre,James Brown,X5,Suv,Certified Pre-Owned,Lease,80145.22,Completed,2024,1,1,2024-01,2024-Q1,Mid (60–90K)
SAL-0883,2023-08-18,Ontario,Oakville Premium,Mary Williams,X3,Suv,Certified Pre-Owned,Finance,53542.91,Completed,2023,8,3,2023-08,2023-Q3,Entry (<60K)
SAL-0884,2024-03-14,Ontario,Downtown Auto Group,Charles Garcia,X3,Suv,Certified Pre-Owned,Lease,54326.13,Completed,2024,3,1,2024-03,2024-Q1,Entry (<60K)
SAL-0885,2023-04-17,Alberta,Rocky Mountain Motors,David Taylor,8 Series,Coupe,Certified Pre-Owned,Lease,130998.32,Completed,2023,4,2,2023-04,2023-Q2,Ultra (>120K)
SAL-0887,2023-10-13,Ontario,Downtown Auto Group,James Brown,I7,Ev,New,Finance,145214.28,Completed,2023,10,4,2023-10,2023-Q4,Ultra (>120K)
SAL-0888,2024-10-13,Quebec,Quebec City Motors,Richard Thomas,I7,Ev,New,Lease,135811.99,Completed,2024,10,4,2024-10,2024-Q4,Ultra (>120K)
SAL-0891,2024-04-16,Alberta,Edmonton Premier Cars,James Brown,X5,Suv,Pre-Owned,Finance,80773.89,Completed,2024,4,2,2024-04,2024-Q2,Mid (60–90K)
SAL-0892,2023-01-27,Ontario,Northside Motors,Jessica Harris,I7,Ev,Certified Pre-Owned,Cash,142683.04,Completed,2023,1,1,2023-01,2023-Q1,Ultra (>120K)
SAL-0893,2023-05-25,British Columbia,Pacific Auto Centre,Robert Johnson,X5,Suv,New,Cash,82121.14,Completed,2023,5,2,2023-05,2023-Q2,Mid (60–90K)
SAL-0894,2024-06-24,British Columbia,Vancouver Motors,Barbara Anderson,X7,Suv,Certified Pre-Owned,Finance,100322.04,Completed,2024,6,2,2024-06,2024-Q2,Premium (90–120K)
SAL-0895,2023-02-02,Ontario,Northside Motors,Lisa Clark,7 Series,Sedan,New,Lease,116609.96,Completed,2023,2,1,2023-02,2023-Q1,Premium (90–120K)
SAL-0896,2024-12-27,Quebec,Laval Premium Cars,Linda Moore,8 Series,Coupe,Certified Pre-Owned,Cash,125054.67,Completed,2024,12,4,2024-12,2024-Q4,Ultra (>120K)
SAL-0897,2024-09-25,British Columbia,Westcoast Dealership,Jane Doe,X5,Suv,New,Finance,75418.48,Completed,2024,9,3,2024-09,2024-Q3,Mid (60–90K)
SAL-0898,2024-10-30,Ontario,Oakville Premium,Joseph White,Ix,Ev,Certified Pre-Owned,Cash,102725.77,Completed,2024,10,4,2024-10,2024-Q4,Premium (90–120K)
SAL-0899,2024-09-09,Ontario,Downtown Auto Group,Richard Thomas,5 Series,Sedan,New,Cash,62701.46,Completed,2024,9,3,2024-09,2024-Q3,Mid (60–90K)
SAL-0900,2023-07-26,Ontario,Lakeview Cars,Jane Doe,X7,Suv,New,Finance,95235.5,Completed,2023,7,3,2023-07,2023-Q3,Premium (90–120K)
SAL-0901,2023-04-06,Quebec,Montreal Auto Group,Barbara Anderson,5 Series,Sedan,New,Finance,64821.8,Completed,2023,4,2,2023-04,2023-Q2,Mid (60–90K)
SAL-0906,2023-01-16,British Columbia,Westcoast Dealership,James Brown,I4,Ev,Certified Pre-Owned,Lease,76523.58,Completed,2023,1,1,2023-01,2023-Q1,Mid (60–90K)
SAL-0907,2024-08-13,Alberta,Calgary Auto Hub,Susan Jackson,5 Series,Sedan,Certified Pre-Owned,Cash,71453.79,Completed,2024,8,3,2024-08,2024-Q3,Mid (60–90K)
SAL-0908,2023-05-24,Quebec,Quebec City Motors,Mary Williams,I7,Ev,Pre-Owned,Finance,131583.25,Completed,2023,5,2,2023-05,2023-Q2,Ultra (>120K)
SAL-0909,2024-06-08,Manitoba,Winnipeg Auto Centre,Lisa Clark,Ix,Ev,Certified Pre-Owned,Finance,88458.71,Completed,2024,6,2,2024-06,2024-Q2,Mid (60–90K)
SAL-0910,2024-07-28,Ontario,Downtown Auto Group,John Smith,X7,Suv,New,Cash,100036.58,Completed,2024,7,3,2024-07,2024-Q3,Premium (90–120K)
SAL-0912,2024-02-16,Ontario,Oakville Premium,Richard Thomas,I4,Ev,New,Finance,69328.09,Completed,2024,2,1,2024-02,2024-Q1,Mid (60–90K)
SAL-0913,2023-02-09,Quebec,Montreal Auto Group,Karen Martinez,8 Series,Coupe,New,Finance,127482.98,Completed,2023,2,1,2023-02,2023-Q1,Ultra (>120K)
SAL-0914,2024-03-16,Manitoba,Prairie Motors,Sarah Thompson,5 Series,Sedan,New,Cash,67014.4,Completed,2024,3,1,2024-03,2024-Q1,Mid (60–90K)
SAL-0915,2023-05-26,Alberta,Edmonton Premier Cars,Robert Johnson,X3,Suv,Certified Pre-Owned,Finance,58483.0,Completed,2023,5,2,2023-05,2023-Q2,Entry (<60K)
SAL-0916,2023-02-25,Manitoba,Winnipeg Auto Centre,Robert Johnson,4 Series,Coupe,Certified Pre-Owned,Finance,61366.38,Completed,2023,2,1,2023-02,2023-Q1,Mid (60–90K)
SAL-0919,2023-05-09,Quebec,Quebec City Motors,Thomas Martin,5 Series,Sedan,Pre-Owned,Lease,69216.96,Completed,2023,5,2,2023-05,2023-Q2,Mid (60–90K)
SAL-0921,2024-05-26,Alberta,Edmonton Premier Cars,Thomas Martin,7 Series,Sedan,Certified Pre-Owned,Finance,121779.81,Completed,2024,5,2,2024-05,2024-Q2,Ultra (>120K)
SAL-0923,2023-03-31,Quebec,Laval Premium Cars,Mary Williams,4 Series,Coupe,New,Lease,65913.96,Completed,2023,3,1,2023-03,2023-Q1,Mid (60–90K)
SAL-0926,2024-02-29,Alberta,Edmonton Premier Cars,Linda Moore,8 Series,Coupe,New,Finance,125838.02,Completed,2024,2,1,2024-02,2024-Q1,Ultra (>120K)
SAL-0934,2023-03-17,Ontario,Oakville Premium,Sarah Thompson,5 Series,Sedan,Pre-Owned,Cash,68279.51,Completed,2023,3,1,2023-03,2023-Q1,Mid (60–90K)
SAL-0937,2023-08-11,British Columbia,Pacific Auto Centre,John Smith,4 Series,Coupe,Certified Pre-Owned,Cash,57222.44,Completed,2023,8,3,2023-08,2023-Q3,Entry (<60K)
SAL-0940,2024-04-01,British Columbia,Westcoast Dealership,Jessica Harris,Ix,Ev,Pre-Owned,Lease,93126.32,Completed,2024,4,2,2024-04,2024-Q2,Premium (90–120K)
SAL-0941,2024-10-09,Quebec,Montreal Auto Group,Robert Johnson,8 Series,Coupe,Certified Pre-Owned,Cash,126505.16,Completed,2024,10,4,2024-10,2024-Q4,Ultra (>120K)
SAL-0942,2023-04-28,Manitoba,Prairie Motors,Patricia Davis,I4,Ev,Certified Pre-Owned,Finance,72624.13,Completed,2023,4,2,2023-04,2023-Q2,Mid (60–90K)
SAL-0943,2023-01-10,Alberta,Calgary Auto Hub,Richard Thomas,4 Series,Coupe,Pre-Owned,Cash,63502.09,Completed,2023,1,1,2023-01,2023-Q1,Mid (60–90K)
SAL-0944,2023-10-18,British Columbia,Westcoast Dealership,Lisa Clark,5 Series,Sedan,New,Lease,75166.97,Completed,2023,10,4,2023-10,2023-Q4,Mid (60–90K)
SAL-0946,2023-12-01,Ontario,Oakville Premium,Daniel Robinson,X7,Suv,Certified Pre-Owned,Cash,102696.8,Completed,2023,12,4,2023-12,2023-Q4,Premium (90–120K)
SAL-0949,2024-10-18,Alberta,Rocky Mountain Motors,Mary Williams,Ix,Ev,Certified Pre-Owned,Lease,93746.64,Completed,2024,10,4,2024-10,2024-Q4,Premium (90–120K)
SAL-0950,2023-06-24,Ontario,Lakeview Cars,Robert Johnson,I4,Ev,New,Finance,73122.2,Completed,2023,6,2,2023-06,2023-Q2,Mid (60–90K)
SAL-0951,2023-02-19,Ontario,Lakeview Cars,Barbara Anderson,3 Series,Sedan,New,Finance,52836.3,Completed,2023,2,1,2023-02,2023-Q1,Entry (<60K)
SAL-0954,2024-10-24,Ontario,Lakeview Cars,Michael Wilson,X7,Suv,Pre-Owned,Cash,114201.36,Completed,2024,10,4,2024-10,2024-Q4,Premium (90–120K)
SAL-0956,2023-06-07,Alberta,Rocky Mountain Motors,Charles Garcia,I7,Ev,New,Cash,132475.79,Completed,2023,6,2,2023-06,2023-Q2,Ultra (>120K)
SAL-0957,2023-03-12,Manitoba,Winnipeg Auto Centre,David Taylor,I4,Ev,Certified Pre-Owned,Cash,72217.93,Completed,2023,3,1,2023-03,2023-Q1,Mid (60–90K)
SAL-0958,2023-01-17,Quebec,Montreal Auto Group,Thomas Martin,3 Series,Sedan,New,Finance,48230.76,Completed,2023,1,1,2023-01,2023-Q1,Entry (<60K)
SAL-0961,2023-02-21,Manitoba,Prairie Motors,Linda Moore,7 Series,Sedan,New,Cash,107323.5,Completed,2023,2,1,2023-02,2023-Q1,Premium (90–120K)
SAL-0962,2024-09-27,Ontario,Downtown Auto Group,Joseph White,4 Series,Coupe,Certified Pre-Owned,Finance,63023.27,Completed,2024,9,3,2024-09,2024-Q3,Mid (60–90K)
SAL-0963,2023-12-22,Quebec,Montreal Auto Group,Barbara Anderson,X3,Suv,Pre-Owned,Lease,58418.68,Completed,2023,12,4,2023-12,2023-Q4,Entry (<60K)
SAL-0964,2023-06-24,Manitoba,Prairie Motors,Richard Thomas,4 Series,Coupe,Pre-Owned,Cash,60901.81,Completed,2023,6,2,2023-06,2023-Q2,Mid (60–90K)
SAL-0965,2023-01-22,Ontario,Oakville Premium,Patricia Davis,Ix,Ev,Certified Pre-Owned,Cash,88889.57,Completed,2023,1,1,2023-01,2023-Q1,Mid (60–90K)
SAL-0966,2023-09-11,Quebec,Laval Premium Cars,Sarah Thompson,5 Series,Sedan,New,Cash,66429.72,Completed,2023,9,3,2023-09,2023-Q3,Mid (60–90K)
SAL-0968,2023-01-14,Quebec,Quebec City Motors,Susan Jackson,8 Series,Coupe,Certified Pre-Owned,Lease,120942.43,Completed,2023,1,1,2023-01,2023-Q1,Ultra (>120K)
SAL-0969,2024-12-03,Manitoba,Prairie Motors,Charles Garcia,5 Series,Sedan,Pre-Owned,Lease,72158.61,Completed,2024,12,4,2024-12,2024-Q4,Mid (60–90K)
SAL-0971,2024-10-03,Quebec,Laval Premium Cars,Karen Martinez,5 Series,Sedan,Certified Pre-Owned,Lease,73269.78,Completed,2024,10,4,2024-10,2024-Q4,Mid (60–90K)
SAL-0973,2023-04-23,Quebec,Laval Premium Cars,John Smith,8 Series,Coupe,Certified Pre-Owned,Lease,129651.44,Completed,2023,4,2,2023-04,2023-Q2,Ultra (>120K)
SAL-0975,2024-03-16,Ontario,Oakville Premium,Susan Jackson,4 Series,Coupe,Pre-Owned,Cash,57349.34,Completed,2024,3,1,2024-03,2024-Q1,Entry (<60K)
SAL-0977,2024-10-14,Quebec,Quebec City Motors,Joseph White,X7,Suv,Certified Pre-Owned,Finance,108729.26,Completed,2024,10,4,2024-10,2024-Q4,Premium (90–120K)
SAL-0978,2023-11-27,British Columbia,Westcoast Dealership,Daniel Robinson,I7,Ev,New,Lease,131576.34,Completed,2023,11,4,2023-11,2023-Q4,Ultra (>120K)
SAL-0979,2024-07-12,Alberta,Calgary Auto Hub,Patricia Davis,8 Series,Coupe,Certified Pre-Owned,Finance,124927.32,Completed,2024,7,3,2024-07,2024-Q3,Ultra (>120K)
SAL-0980,2024-04-22,Alberta,Edmonton Premier Cars,Jessica Harris,8 Series,Coupe,Certified Pre-Owned,Finance,126936.86,Completed,2024,4,2,2024-04,2024-Q2,Ultra (>120K)
SAL-0982,2023-01-07,Quebec,Montreal Auto Group,Thomas Martin,I7,Ev,Pre-Owned,Finance,140851.7,Completed,2023,1,1,2023-01,2023-Q1,Ultra (>120K)
SAL-0983,2024-08-02,Ontario,Lakeview Cars,Sarah Thompson,5 Series,Sedan,Pre-Owned,Finance,63719.79,Completed,2024,8,3,2024-08,2024-Q3,Mid (60–90K)
SAL-0984,2024-05-22,Ontario,Northside Motors,James Brown,X7,Suv,New,Lease,95066.25,Completed,2024,5,2,2024-05,2024-Q2,Premium (90–120K)
SAL-0985,2023-03-10,Ontario,Oakville Premium,John Smith,X3,Suv,New,Lease,60117.59,Completed,2023,3,1,2023-03,2023-Q1,Mid (60–90K)
SAL-0986,2023-05-05,Ontario,Oakville Premium,Barbara Anderson,I4,Ev,Certified Pre-Owned,Finance,71948.06,Completed,2023,5,2,2023-05,2023-Q2,Mid (60–90K)
SAL-0987,2023-05-30,Manitoba,Prairie Motors,John Smith,5 Series,Sedan,New,Cash,70049.82,Completed,2023,5,2,2023-05,2023-Q2,Mid (60–90K)
SAL-0988,2024-11-14,Quebec,Quebec City Motors,Mary Williams,8 Series,Coupe,Pre-Owned,Finance,129881.37,Completed,2024,11,4,2024-11,2024-Q4,Ultra (>120K)
SAL-0989,2023-06-01,Ontario,Oakville Premium,John Smith,Ix,Ev,Certified Pre-Owned,Finance,88267.04,Completed,2023,6,2,2023-06,2023-Q2,Mid (60–90K)
SAL-0990,2023-05-23,Manitoba,Prairie Motors,Thomas Martin,5 Series,Sedan,Pre-Owned,Finance,69216.96,Completed,2023,5,2,2023-05,2023-Q2,Mid (60–90K)
SAL-0991,2024-06-09,Manitoba,Winnipeg Auto Centre,Robert Johnson,8 Series,Coupe,New,Lease,130988.32,Completed,2024,6,2,2024-06,2024-Q2,Ultra (>120K)
SAL-0994,2023-04-19,British Columbia,Pacific Auto Centre,Sarah Thompson,7 Series,Sedan,Pre-Owned,Finance,116660.24,Completed,2023,4,2,2023-04,2023-Q2,Premium (90–120K)
SAL-0997,2024-11-26,British Columbia,Vancouver Motors,Barbara Anderson,Ix,Ev,New,Cash,103050.0,Completed,2024,11,4,2024-11,2024-Q4,Premium (90–120K)
SAL-0999,2024-08-07,Manitoba,Prairie Motors,Sarah Thompson,X3,Suv,Pre-Owned,Finance,62178.2,Completed,2024,8,3,2024-08,2024-Q3,Mid (60–90K)
SAL-1000,2024-01-21,Ontario,Oakville Premium,Robert Johnson,I7,Ev,Pre-Owned,Cash,133833.72,Completed,2024,1,1,2024-01,2024-Q1,Ultra (>120K)
SAL-1001,2023-08-18,British Columbia,Pacific Auto Centre,Barbara Anderson,4 Series,Coupe,Certified Pre-Owned,Finance,58876.52,Completed,2023,8,3,2023-08,2023-Q3,Entry (<60K)
SAL-1002,2024-09-25,Ontario,Northside Motors,Jane Doe,8 Series,Coupe,Pre-Owned,Lease,125838.02,Completed,2024,9,3,2024-09,2024-Q3,Ultra (>120K)
SAL-1003,2023-09-25,Ontario,Downtown Auto Group,Michael Wilson,8 Series,Coupe,Certified Pre-Owned,Cash,132458.92,Completed,2023,9,3,2023-09,2023-Q3,Ultra (>120K)
SAL-1004,2024-07-31,Ontario,Northside Motors,Lisa Clark,I4,Ev,Pre-Owned,Cash,74675.23,Completed,2024,7,3,2024-07,2024-Q3,Mid (60–90K)
SAL-1008,2024-03-23,Alberta,Edmonton Premier Cars,Jane Doe,X5,Suv,New,Cash,82357.96,Completed,2024,3,1,2024-03,2024-Q1,Mid (60–90K)
SAL-1009,2023-09-13,Manitoba,Winnipeg Auto Centre,Jane Doe,7 Series,Sedan,New,Cash,110393.89,Completed,2023,9,3,2023-09,2023-Q3,Premium (90–120K)
SAL-1010,2024-09-12,Manitoba,Winnipeg Auto Centre,Joseph White,4 Series,Coupe,Certified Pre-Owned,Lease,61895.1,Completed,2024,9,3,2024-09,2024-Q3,Mid (60–90K)
SAL-1011,2024-03-30,British Columbia,Vancouver Motors,Barbara Anderson,4 Series,Coupe,Certified Pre-Owned,Lease,59234.4,Completed,2024,3,1,2024-03,2024-Q1,Entry (<60K)
SAL-1013,2023-05-06,Manitoba,Winnipeg Auto Centre,Susan Jackson,4 Series,Coupe,Pre-Owned,Cash,66405.07,Completed,2023,5,2,2023-05,2023-Q2,Mid (60–90K)
SAL-1015,2024-01-27,Manitoba,Prairie Motors,Joseph White,I4,Ev,Certified Pre-Owned,Cash,74368.23,Completed,2024,1,1,2024-01,2024-Q1,Mid (60–90K)
SAL-1016,2023-12-23,Ontario,Lakeview Cars,John Smith,7 Series,Sedan,Pre-Owned,Finance,128965.8,Completed,2023,12,4,2023-12,2023-Q4,Ultra (>120K)
SAL-1017,2023-02-28,Alberta,Rocky Mountain Motors,Mary Williams,Ix,Ev,Pre-Owned,Finance,87298.07,Completed,2023,2,1,2023-02,2023-Q1,Mid (60–90K)
SAL-1018,2024-04-23,Manitoba,Prairie Motors,Linda Moore,X5,Suv,New,Cash,78847.96,Completed,2024,4,2,2024-04,2024-Q2,Mid (60–90K)
SAL-1019,2024-08-07,British Columbia,Westcoast Dealership,Joseph White,8 Series,Coupe,New,Lease,133309.77,Completed,2024,8,3,2024-08,2024-Q3,Ultra (>120K)
SAL-1022,2023-05-11,Alberta,Edmonton Premier Cars,Linda Moore,8 Series,Coupe,Pre-Owned,Cash,120946.98,Completed,2023,5,2,2023-05,2023-Q2,Ultra (>120K)
SAL-1023,2023-11-21,Ontario,Northside Motors,Jane Doe,I7,Ev,Pre-Owned,Lease,151375.31,Completed,2023,11,4,2023-11,2023-Q4,Ultra (>120K)
SAL-1024,2024-09-06,Alberta,Calgary Auto Hub,Linda Moore,4 Series,Coupe,Certified Pre-Owned,Cash,66672.9,Completed,2024,9,3,2024-09,2024-Q3,Mid (60–90K)
SAL-1025,2023-03-15,British Columbia,Vancouver Motors,Jessica Harris,8 Series,Coupe,Certified Pre-Owned,Cash,133885.33,Completed,2023,3,1,2023-03,2023-Q1,Ultra (>120K)
SAL-1026,2023-10-29,Quebec,Laval Premium Cars,Lisa Clark,8 Series,Coupe,New,Cash,130708.5,Completed,2023,10,4,2023-10,2023-Q4,Ultra (>120K)
SAL-1027,2024-06-07,Ontario,Downtown Auto Group,Charles Garcia,X5,Suv,Pre-Owned,Lease,82518.29,Completed,2024,6,2,2024-06,2024-Q2,Mid (60–90K)
SAL-1029,2024-06-21,Manitoba,Winnipeg Auto Centre,Charles Garcia,I7,Ev,Certified Pre-Owned,Finance,131092.57,Completed,2024,6,2,2024-06,2024-Q2,Ultra (>120K)
SAL-1030,2024-04-11,Alberta,Calgary Auto Hub,Richard Thomas,4 Series,Coupe,Pre-Owned,Cash,65262.84,Completed,2024,4,2,2024-04,2024-Q2,Mid (60–90K)
SAL-1033,2023-06-01,Ontario,Oakville Premium,Daniel Robinson,I7,Ev,Certified Pre-Owned,Lease,129168.19,Completed,2023,6,2,2023-06,2023-Q2,Ultra (>120K)
SAL-1034,2023-04-14,Ontario,Oakville Premium,James Brown,8 Series,Coupe,New,Finance,117411.34,Completed,2023,4,2,2023-04,2023-Q2,Premium (90–120K)
SAL-1035,2023-05-11,Manitoba,Prairie Motors,Joseph White,Ix,Ev,Pre-Owned,Lease,85772.75,Completed,2023,5,2,2023-05,2023-Q2,Mid (60–90K)
SAL-1040,2024-06-15,British Columbia,Pacific Auto Centre,David Taylor,X5,Suv,Pre-Owned,Lease,75694.82,Completed,2024,6,2,2024-06,2024-Q2,Mid (60–90K)
SAL-1041,2023-06-23,Alberta,Edmonton Premier Cars,Barbara Anderson,I4,Ev,Certified Pre-Owned,Lease,72454.94,Completed,2023,6,2,2023-06,2023-Q2,Mid (60–90K)
SAL-1042,2024-09-04,British Columbia,Westcoast Dealership,Jane Doe,X3,Suv,Pre-Owned,Lease,58382.86,Completed,2024,9,3,2024-09,2024-Q3,Entry (<60K)
SAL-1043,2024-03-31,British Columbia,Vancouver Motors,Charles Garcia,I7,Ev,New,Finance,131085.05,Completed,2024,3,1,2024-03,2024-Q1,Ultra (>120K)
SAL-1044,2023-09-27,Ontario,Oakville Premium,Robert Johnson,Ix,Ev,New,Finance,93853.12,Completed,2023,9,3,2023-09,2023-Q3,Premium (90–120K)
SAL-1047,2024-01-21,Ontario,Northside Motors,Linda Moore,X7,Suv,Pre-Owned,Cash,97641.9,Completed,2024,1,1,2024-01,2024-Q1,Premium (90–120K)
SAL-1048,2024-10-12,Quebec,Quebec City Motors,Robert Johnson,X3,Suv,Pre-Owned,Lease,58382.86,Completed,2024,10,4,2024-10,2024-Q4,Entry (<60K)
SAL-1054,2023-08-13,Ontario,Lakeview Cars,Richard Thomas,I7,Ev,Pre-Owned,Cash,141453.72,Completed,2023,8,3,2023-08,2023-Q3,Ultra (>120K)
SAL-1056,2024-11-01,Ontario,Lakeview Cars,Jane Doe,4 Series,Coupe,Pre-Owned,Cash,63545.01,Completed,2024,11,4,2024-11,2024-Q4,Mid (60–90K)
SAL-1057,2023-06-15,Quebec,Laval Premium Cars,Susan Jackson,X5,Suv,Certified Pre-Owned,Finance,81334.51,Completed,2023,6,2,2023-06,2023-Q2,Mid (60–90K)
SAL-1058,2023-02-13,Ontario,Downtown Auto Group,Patricia Davis,Ix,Ev,Certified Pre-Owned,Finance,90556.42,Completed,2023,2,1,2023-02,2023-Q1,Premium (90–120K)
SAL-1059,2024-11-02,Alberta,Rocky Mountain Motors,Joseph White,5 Series,Sedan,New,Lease,71170.1,Completed,2024,11,4,2024-11,2024-Q4,Mid (60–90K)
SAL-1061,2023-01-24,Alberta,Edmonton Premier Cars,Barbara Anderson,I7,Ev,Certified Pre-Owned,Finance,143071.43,Completed,2023,1,1,2023-01,2023-Q1,Ultra (>120K)
SAL-1063,2024-02-08,Quebec,Montreal Auto Group,Susan Jackson,I7,Ev,Pre-Owned,Lease,140794.71,Completed,2024,2,1,2024-02,2024-Q1,Ultra (>120K)
SAL-1064,2024-07-30,British Columbia,Vancouver Motors,Mary Williams,8 Series,Coupe,Pre-Owned,Finance,123355.34,Completed,2024,7,3,2024-07,2024-Q3,Ultra (>120K)
SAL-1066,2023-09-16,Manitoba,Winnipeg Auto Centre,Jessica Harris,5 Series,Sedan,Certified Pre-Owned,Lease,70584.9,Completed,2023,9,3,2023-09,2023-Q3,Mid (60–90K)
SAL-1068,2024-07-22,Quebec,Laval Premium Cars,Robert Johnson,I7,Ev,New,Finance,126586.24,Completed,2024,7,3,2024-07,2024-Q3,Ultra (>120K)
SAL-1069,2023-04-27,Ontario,Northside Motors,Jane Doe,X5,Suv,Certified Pre-Owned,Finance,76185.68,Completed,2023,4,2,2023-04,2023-Q2,Mid (60–90K)
SAL-1070,2023-10-31,Manitoba,Prairie Motors,Mary Williams,I4,Ev,Certified Pre-Owned,Finance,73026.44,Completed,2023,10,4,2023-10,2023-Q4,Mid (60–90K)
SAL-1071,2024-09-20,British Columbia,Pacific Auto Centre,Susan Jackson,4 Series,Coupe,Pre-Owned,Lease,59979.38,Completed,2024,9,3,2024-09,2024-Q3,Entry (<60K)
SAL-1075,2024-08-29,Alberta,Rocky Mountain Motors,James Brown,X3,Suv,New,Lease,62526.06,Completed,2024,8,3,2024-08,2024-Q3,Mid (60–90K)
SAL-1076,2024-09-22,Manitoba,Prairie Motors,Sarah Thompson,8 Series,Coupe,New,Cash,123555.46,Completed,2024,9,3,2024-09,2024-Q3,Ultra (>120K)
SAL-1077,2024-05-01,Manitoba,Winnipeg Auto Centre,John Smith,X3,Suv,Certified Pre-Owned,Cash,56926.55,Completed,2024,5,2,2024-05,2024-Q2,Entry (<60K)
SAL-1079,2023-08-08,Alberta,Rocky Mountain Motors,Patricia Davis,7 Series,Sedan,Pre-Owned,Finance,109815.87,Completed,2023,8,3,2023-08,2023-Q3,Premium (90–120K)
SAL-1080,2024-03-21,Alberta,Rocky Mountain Motors,Susan Jackson,7 Series,Sedan,New,Cash,123279.29,Completed,2024,3,1,2024-03,2024-Q1,Ultra (>120K)
SAL-1081,2024-01-19,Quebec,Montreal Auto Group,Patricia Davis,X5,Suv,Pre-Owned,Finance,81573.59,Completed,2024,1,1,2024-01,2024-Q1,Mid (60–90K)
SAL-1082,2023-09-17,Alberta,Edmonton Premier Cars,Charles Garcia,5 Series,Sedan,New,Lease,69216.96,Completed,2023,9,3,2023-09,2023-Q3,Mid (60–90K)
SAL-1084,2023-01-30,Manitoba,Winnipeg Auto Centre,Lisa Clark,5 Series,Sedan,Pre-Owned,Cash,72124.81,Completed,2023,1,1,2023-01,2023-Q1,Mid (60–90K)
SAL-1087,2023-10-01,British Columbia,Westcoast Dealership,Robert Johnson,X7,Suv,New,Finance,109043.42,Completed,2023,10,4,2023-10,2023-Q4,Premium (90–120K)
SAL-1088,2023-10-08,British Columbia,Westcoast Dealership,Karen Martinez,5 Series,Sedan,Certified Pre-Owned,Cash,67596.2,Completed,2023,10,4,2023-10,2023-Q4,Mid (60–90K)
SAL-1090,2023-03-25,Ontario,Northside Motors,Linda Moore,8 Series,Coupe,Certified Pre-Owned,Lease,119633.43,Completed,2023,3,1,2023-03,2023-Q1,Premium (90–120K)
SAL-1096,2024-03-07,Ontario,Lakeview Cars,Sarah Thompson,3 Series,Sedan,Certified Pre-Owned,Finance,49308.71,Completed,2024,3,1,2024-03,2024-Q1,Entry (<60K)
SAL-1098,2024-11-25,Alberta,Rocky Mountain Motors,Joseph White,8 Series,Coupe,Certified Pre-Owned,Cash,124665.2,Completed,2024,11,4,2024-11,2024-Q4,Ultra (>120K)
SAL-1099,2024-08-30,Quebec,Quebec City Motors,John Smith,8 Series,Coupe,New,Lease,130591.69,Completed,2024,8,3,2024-08,2024-Q3,Ultra (>120K)
SAL-1100,2024-11-10,Manitoba,Winnipeg Auto Centre,Richard Thomas,X3,Suv,New,Cash,59439.62,Completed,2024,11,4,2024-11,2024-Q4,Entry (<60K)
SAL-1101,2024-11-05,Quebec,Montreal Auto Group,James Brown,I4,Ev,New,Cash,70251.67,Completed,2024,11,4,2024-11,2024-Q4,Mid (60–90K)
SAL-1103,2024-11-15,Quebec,Laval Premium Cars,Joseph White,X5,Suv,Certified Pre-Owned,Lease,86929.13,Completed,2024,11,4,2024-11,2024-Q4,Mid (60–90K)
SAL-1105,2023-07-02,Manitoba,Winnipeg Auto Centre,Linda Moore,X7,Suv,Certified Pre-Owned,Finance,110076.9,Completed,2023,7,3,2023-07,2023-Q3,Premium (90–120K)
SAL-1106,2024-05-26,Quebec,Montreal Auto Group,Michael Wilson,X3,Suv,New,Cash,54973.75,Completed,2024,5,2,2024-05,2024-Q2,Entry (<60K)
SAL-1108,2024-12-03,Ontario,Oakville Premium,Mary Williams,5 Series,Sedan,Pre-Owned,Finance,74350.12,Completed,2024,12,4,2024-12,2024-Q4,Mid (60–90K)
SAL-1109,2024-11-17,Quebec,Montreal Auto Group,Joseph White,I7,Ev,Certified Pre-Owned,Cash,146195.75,Completed,2024,11,4,2024-11,2024-Q4,Ultra (>120K)
SAL-1110,2024-12-30,Quebec,Laval Premium Cars,Richard Thomas,8 Series,Coupe,Pre-Owned,Finance,123981.81,Completed,2024,12,4,2024-12,2024-Q4,Ultra (>120K)
SAL-1111,2023-01-08,Quebec,Laval Premium Cars,Richard Thomas,3 Series,Sedan,Pre-Owned,Lease,54627.73,Completed,2023,1,1,2023-01,2023-Q1,Entry (<60K)
SAL-1113,2023-01-25,Alberta,Edmonton Premier Cars,Karen Martinez,8 Series,Coupe,Certified Pre-Owned,Cash,119476.35,Completed,2023,1,1,2023-01,2023-Q1,Premium (90–120K)
SAL-1114,2024-06-28,Ontario,Downtown Auto Group,Joseph White,4 Series,Coupe,New,Cash,62366.79,Completed,2024,6,2,2024-06,2024-Q2,Mid (60–90K)
SAL-1116,2024-06-08,Ontario,Northside Motors,Robert Johnson,5 Series,Sedan,Certified Pre-Owned,Lease,68871.34,Completed,2024,6,2,2024-06,2024-Q2,Mid (60–90K)
SAL-1117,2023-04-30,Alberta,Rocky Mountain Motors,Michael Wilson,5 Series,Sedan,Pre-Owned,Finance,63555.38,Completed,2023,4,2,2023-04,2023-Q2,Mid (60–90K)
SAL-1118,2024-03-23,Ontario,Lakeview Cars,David Taylor,I4,Ev,Pre-Owned,Lease,76348.35,Completed,2024,3,1,2024-03,2024-Q1,Mid (60–90K)
SAL-1121,2024-05-02,Manitoba,Prairie Motors,Karen Martinez,8 Series,Coupe,New,Finance,132774.96,Completed,2024,5,2,2024-05,2024-Q2,Ultra (>120K)
SAL-1123,2024-06-26,Alberta,Calgary Auto Hub,Susan Jackson,X7,Suv,Certified Pre-Owned,Finance,107909.92,Completed,2024,6,2,2024-06,2024-Q2,Premium (90–120K)
SAL-1126,2023-08-11,Quebec,Laval Premium Cars,Jessica Harris,Ix,Ev,Pre-Owned,Finance,92748.62,Completed,2023,8,3,2023-08,2023-Q3,Premium (90–120K)
SAL-1131,2023-09-03,British Columbia,Pacific Auto Centre,Patricia Davis,Ix,Ev,Certified Pre-Owned,Lease,95288.74,Completed,2023,9,3,2023-09,2023-Q3,Premium (90–120K)
SAL-1132,2023-09-08,British Columbia,Westcoast Dealership,Lisa Clark,Ix,Ev,Certified Pre-Owned,Cash,91939.29,Completed,2023,9,3,2023-09,2023-Q3,Premium (90–120K)
SAL-1133,2024-04-18,Manitoba,Prairie Motors,Robert Johnson,X3,Suv,New,Lease,54112.11,Completed,2024,4,2,2024-04,2024-Q2,Entry (<60K)
SAL-1136,2023-06-23,Ontario,Northside Motors,Susan Jackson,4 Series,Coupe,Certified Pre-Owned,Lease,57795.22,Completed,2023,6,2,2023-06,2023-Q2,Entry (<60K)
SAL-1137,2024-04-14,Alberta,Calgary Auto Hub,Sarah Thompson,4 Series,Coupe,New,Finance,65483.97,Completed,2024,4,2,2024-04,2024-Q2,Mid (60–90K)
SAL-1138,2023-05-24,Alberta,Rocky Mountain Motors,James Brown,4 Series,Coupe,Pre-Owned,Finance,61951.85,Completed,2023,5,2,2023-05,2023-Q2,Mid (60–90K)
SAL-1142,2024-05-08,Quebec,Laval Premium Cars,Patricia Davis,X7,Suv,Certified Pre-Owned,Finance,99516.25,Completed,2024,5,2,2024-05,2024-Q2,Premium (90–120K)
SAL-1143,2024-09-15,British Columbia,Pacific Auto Centre,Mary Williams,X5,Suv,Pre-Owned,Cash,80221.64,Completed,2024,9,3,2024-09,2024-Q3,Mid (60–90K)
SAL-1144,2024-11-11,Ontario,Northside Motors,Jane Doe,X5,Suv,Certified Pre-Owned,Lease,82761.35,Completed,2024,11,4,2024-11,2024-Q4,Mid (60–90K)
SAL-1145,2024-08-03,Manitoba,Winnipeg Auto Centre,Charles Garcia,5 Series,Sedan,New,Cash,65465.27,Completed,2024,8,3,2024-08,2024-Q3,Mid (60–90K)
SAL-1146,2023-02-11,British Columbia,Pacific Auto Centre,Lisa Clark,I4,Ev,Certified Pre-Owned,Lease,76361.82,Completed,2023,2,1,2023-02,2023-Q1,Mid (60–90K)
SAL-1149,2024-03-16,Quebec,Quebec City Motors,Mary Williams,7 Series,Sedan,Pre-Owned,Finance,121450.7,Completed,2024,3,1,2024-03,2024-Q1,Ultra (>120K)
SAL-1150,2023-10-05,Ontario,Lakeview Cars,Sarah Thompson,I7,Ev,Pre-Owned,Cash,150080.23,Completed,2023,10,4,2023-10,2023-Q4,Ultra (>120K)
SAL-1152,2023-06-17,Ontario,Lakeview Cars,Patricia Davis,Ix,Ev,New,Finance,96960.84,Completed,2023,6,2,2023-06,2023-Q2,Premium (90–120K)
SAL-1153,2023-08-26,Manitoba,Winnipeg Auto Centre,Michael Wilson,X3,Suv,Certified Pre-Owned,Lease,59832.54,Completed,2023,8,3,2023-08,2023-Q3,Entry (<60K)
SAL-1154,2024-11-19,Alberta,Rocky Mountain Motors,James Brown,X7,Suv,Certified Pre-Owned,Cash,110186.89,Completed,2024,11,4,2024-11,2024-Q4,Premium (90–120K)
SAL-1155,2024-10-31,Manitoba,Winnipeg Auto Centre,Lisa Clark,8 Series,Coupe,Certified Pre-Owned,Lease,133740.84,Completed,2024,10,4,2024-10,2024-Q4,Ultra (>120K)
SAL-1157,2023-12-29,Ontario,Oakville Premium,James Brown,5 Series,Sedan,Certified Pre-Owned,Finance,67499.9,Completed,2023,12,4,2023-12,2023-Q4,Mid (60–90K)
SAL-1160,2023-10-14,Ontario,Oakville Premium,Lisa Clark,I4,Ev,Pre-Owned,Finance,69905.78,Completed,2023,10,4,2023-10,2023-Q4,Mid (60–90K)
SAL-1161,2024-04-28,Alberta,Edmonton Premier Cars,James Brown,4 Series,Coupe,Pre-Owned,Cash,65232.1,Completed,2024,4,2,2024-04,2024-Q2,Mid (60–90K)
SAL-1162,2024-07-29,British Columbia,Westcoast Dealership,Robert Johnson,4 Series,Coupe,Certified Pre-Owned,Cash,58318.39,Completed,2024,7,3,2024-07,2024-Q3,Entry (<60K)
SAL-1163,2023-03-11,Manitoba,Prairie Motors,Richard Thomas,3 Series,Sedan,Certified Pre-Owned,Finance,50628.19,Completed,2023,3,1,2023-03,2023-Q1,Entry (<60K)
SAL-1165,2024-08-02,Manitoba,Winnipeg Auto Centre,Jessica Harris,4 Series,Coupe,New,Lease,58634.74,Completed,2024,8,3,2024-08,2024-Q3,Entry (<60K)
SAL-1166,2023-04-26,Ontario,Downtown Auto Group,Karen Martinez,7 Series,Sedan,New,Lease,120850.59,Completed,2023,4,2,2023-04,2023-Q2,Ultra (>120K)
SAL-1167,2024-04-21,British Columbia,Pacific Auto Centre,Thomas Martin,Ix,Ev,Pre-Owned,Cash,96889.02,Completed,2024,4,2,2024-04,2024-Q2,Premium (90–120K)
SAL-1170,2024-09-08,British Columbia,Pacific Auto Centre,Jane Doe,7 Series,Sedan,New,Lease,111081.5,Completed,2024,9,3,2024-09,2024-Q3,Premium (90–120K)
SAL-1171,2023-11-07,British Columbia,Westcoast Dealership,Patricia Davis,X3,Suv,Certified Pre-Owned,Finance,62039.34,Completed,2023,11,4,2023-11,2023-Q4,Mid (60–90K)
SAL-1172,2023-01-27,British Columbia,Vancouver Motors,Thomas Martin,5 Series,Sedan,Pre-Owned,Lease,73235.31,Completed,2023,1,1,2023-01,2023-Q1,Mid (60–90K)
SAL-1175,2024-03-06,Quebec,Montreal Auto Group,Joseph White,5 Series,Sedan,New,Finance,69457.98,Completed,2024,3,1,2024-03,2024-Q1,Mid (60–90K)
SAL-1176,2024-10-21,Alberta,Calgary Auto Hub,Joseph White,7 Series,Sedan,Certified Pre-Owned,Cash,121522.52,Completed,2024,10,4,2024-10,2024-Q4,Ultra (>120K)
SAL-1178,2024-03-05,Alberta,Edmonton Premier Cars,Patricia Davis,I4,Ev,New,Lease,67472.42,Completed,2024,3,1,2024-03,2024-Q1,Mid (60–90K)
SAL-1179,2023-07-28,Ontario,Northside Motors,Barbara Anderson,5 Series,Sedan,Certified Pre-Owned,Lease,70839.98,Completed,2023,7,3,2023-07,2023-Q3,Mid (60–90K)
SAL-1181,2023-08-17,British Columbia,Pacific Auto Centre,Robert Johnson,5 Series,Sedan,Certified Pre-Owned,Cash,73037.35,Completed,2023,8,3,2023-08,2023-Q3,Mid (60–90K)
SAL-1183,2024-05-19,Manitoba,Prairie Motors,Daniel Robinson,5 Series,Sedan,New,Cash,69442.93,Completed,2024,5,2,2024-05,2024-Q2,Mid (60–90K)
SAL-1184,2024-09-21,Ontario,Downtown Auto Group,Mary Williams,Ix,Ev,New,Cash,98359.45,Completed,2024,9,3,2024-09,2024-Q3,Premium (90–120K)
SAL-1185,2023-12-02,Quebec,Laval Premium Cars,Jessica Harris,4 Series,Coupe,Certified Pre-Owned,Lease,60959.74,Completed,2023,12,4,2023-12,2023-Q4,Mid (60–90K)
SAL-1186,2023-07-06,Quebec,Laval Premium Cars,John Smith,3 Series,Sedan,New,Lease,55637.74,Completed,2023,7,3,2023-07,2023-Q3,Entry (<60K)
SAL-1187,2023-07-12,Ontario,Oakville Premium,Daniel Robinson,Ix,Ev,Certified Pre-Owned,Finance,94765.68,Completed,2023,7,3,2023-07,2023-Q3,Premium (90–120K)
SAL-1189,2024-03-12,Manitoba,Prairie Motors,John Smith,5 Series,Sedan,Pre-Owned,Cash,65834.48,Completed,2024,3,1,2024-03,2024-Q1,Mid (60–90K)
SAL-1190,2023-11-11,Manitoba,Prairie Motors,Thomas Martin,X5,Suv,Certified Pre-Owned,Lease,84627.89,Completed,2023,11,4,2023-11,2023-Q4,Mid (60–90K)
SAL-1191,2023-08-16,Manitoba,Winnipeg Auto Centre,John Smith,X7,Suv,New,Lease,94939.16,Completed,2023,8,3,2023-08,2023-Q3,Premium (90–120K)
SAL-1192,2024-12-11,Manitoba,Winnipeg Auto Centre,Charles Garcia,4 Series,Coupe,New,Finance,65955.89,Completed,2024,12,4,2024-12,2024-Q4,Mid (60–90K)
SAL-1193,2024-09-16,Manitoba,Winnipeg Auto Centre,Jessica Harris,X7,Suv,New,Finance,99484.81,Completed,2024,9,3,2024-09,2024-Q3,Premium (90–120K)
SAL-1194,2023-11-26,Manitoba,Prairie Motors,James Brown,Ix,Ev,Pre-Owned,Finance,98468.87,Completed,2023,11,4,2023-11,2023-Q4,Premium (90–120K)
SAL-1195,2024-02-25,British Columbia,Westcoast Dealership,James Brown,3 Series,Sedan,New,Finance,48220.57,Completed,2024,2,1,2024-02,2024-Q1,Entry (<60K)
SAL-1196,2024-03-05,British Columbia,Vancouver Motors,Joseph White,X7,Suv,Pre-Owned,Cash,108063.48,Completed,2024,3,1,2024-03,2024-Q1,Premium (90–120K)
SAL-1197,2024-08-22,Alberta,Calgary Auto Hub,James Brown,I4,Ev,New,Finance,77454.59,Completed,2024,8,3,2024-08,2024-Q3,Mid (60–90K)
SAL-1199,2023-12-16,Quebec,Montreal Auto Group,David Taylor,7 Series,Sedan,New,Finance,125573.27,Completed,2023,12,4,2023-12,2023-Q4,Ultra (>120K)
SAL-1201,2023-02-28,Quebec,Laval Premium Cars,Mary Williams,Ix,Ev,Certified Pre-Owned,Lease,95801.63,Completed,2023,2,1,2023-02,2023-Q1,Premium (90–120K)
SAL-1203,2024-06-15,Quebec,Laval Premium Cars,Joseph White,I7,Ev,New,Lease,124677.87,Completed,2024,6,2,2024-06,2024-Q2,Ultra (>120K)
SAL-1206,2024-02-27,Ontario,Lakeview Cars,John Smith,5 Series,Sedan,Pre-Owned,Finance,70942.03,Completed,2024,2,1,2024-02,2024-Q1,Mid (60–90K)
SAL-1207,2023-11-29,British Columbia,Vancouver Motors,Thomas Martin,I4,Ev,Pre-Owned,Lease,77817.14,Completed,2023,11,4,2023-11,2023-Q4,Mid (60–90K)
SAL-1208,2023-06-26,Manitoba,Prairie Motors,Sarah Thompson,Ix,Ev,New,Finance,91203.69,Completed,2023,6,2,2023-06,2023-Q2,Premium (90–120K)
SAL-1210,2024-01-06,Quebec,Quebec City Motors,Patricia Davis,8 Series,Coupe,New,Finance,134942.49,Completed,2024,1,1,2024-01,2024-Q1,Ultra (>120K)
SAL-1211,2024-09-25,Manitoba,Prairie Motors,Robert Johnson,X5,Suv,New,Cash,77078.74,Completed,2024,9,3,2024-09,2024-Q3,Mid (60–90K)
SAL-1212,2024-02-11,Alberta,Calgary Auto Hub,James Brown,8 Series,Coupe,Certified Pre-Owned,Cash,124027.74,Completed,2024,2,1,2024-02,2024-Q1,Ultra (>120K)
SAL-1213,2024-07-15,British Columbia,Vancouver Motors,James Brown,3 Series,Sedan,Pre-Owned,Finance,49201.35,Completed,2024,7,3,2024-07,2024-Q3,Entry (<60K)
SAL-1214,2023-08-10,British Columbia,Pacific Auto Centre,James Brown,I7,Ev,New,Finance,141367.89,Completed,2023,8,3,2023-08,2023-Q3,Ultra (>120K)
SAL-1216,2024-01-09,Alberta,Edmonton Premier Cars,Linda Moore,Ix,Ev,Certified Pre-Owned,Lease,87889.73,Completed,2024,1,1,2024-01,2024-Q1,Mid (60–90K)
SAL-1217,2024-06-03,British Columbia,Westcoast Dealership,Sarah Thompson,X3,Suv,Pre-Owned,Finance,54124.5,Completed,2024,6,2,2024-06,2024-Q2,Entry (<60K)
SAL-1219,2024-10-27,British Columbia,Pacific Auto Centre,Jane Doe,I7,Ev,Certified Pre-Owned,Finance,145254.31,Completed,2024,10,4,2024-10,2024-Q4,Ultra (>120K)
SAL-1220,2024-12-31,Alberta,Rocky Mountain Motors,Lisa Clark,4 Series,Coupe,Certified Pre-Owned,Finance,62738.27,Completed,2024,12,4,2024-12,2024-Q4,Mid (60–90K)
SAL-1223,2024-10-26,Manitoba,Winnipeg Auto Centre,Sarah Thompson,X3,Suv,Pre-Owned,Cash,60240.67,Completed,2024,10,4,2024-10,2024-Q4,Mid (60–90K)
SAL-1224,2024-04-30,Quebec,Quebec City Motors,James Brown,I7,Ev,Certified Pre-Owned,Cash,144582.1,Completed,2024,4,2,2024-04,2024-Q2,Ultra (>120K)
SAL-1225,2023-09-24,Alberta,Edmonton Premier Cars,Joseph White,3 Series,Sedan,New,Cash,51332.13,Completed,2023,9,3,2023-09,2023-Q3,Entry (<60K)
SAL-1226,2023-03-04,Ontario,Lakeview Cars,Karen Martinez,7 Series,Sedan,New,Lease,117548.88,Completed,2023,3,1,2023-03,2023-Q1,Premium (90–120K)
SAL-1227,2023-11-10,Ontario,Downtown Auto Group,John Smith,8 Series,Coupe,Pre-Owned,Lease,129099.48,Completed,2023,11,4,2023-11,2023-Q4,Ultra (>120K)
SAL-1228,2023-08-12,Manitoba,Prairie Motors,Susan Jackson,X7,Suv,New,Lease,98315.19,Completed,2023,8,3,2023-08,2023-Q3,Premium (90–120K)
SAL-1229,2023-02-01,British Columbia,Westcoast Dealership,Lisa Clark,X5,Suv,New,Lease,84040.04,Completed,2023,2,1,2023-02,2023-Q1,Mid (60–90K)
SAL-1230,2024-06-14,Alberta,Rocky Mountain Motors,Patricia Davis,X7,Suv,New,Finance,100520.33,Completed,2024,6,2,2024-06,2024-Q2,Premium (90–120K)
SAL-1231,2023-04-30,Quebec,Laval Premium Cars,Karen Martinez,Ix,Ev,New,Finance,97801.14,Completed,2023,4,2,2023-04,2023-Q2,Premium (90–120K)
SAL-1233,2024-10-20,Alberta,Rocky Mountain Motors,Michael Wilson,I7,Ev,Certified Pre-Owned,Finance,135243.21,Completed,2024,10,4,2024-10,2024-Q4,Ultra (>120K)
SAL-1234,2023-03-26,Quebec,Quebec City Motors,Sarah Thompson,Ix,Ev,New,Finance,85098.29,Completed,2023,3,1,2023-03,2023-Q1,Mid (60–90K)
SAL-1236,2023-01-29,Alberta,Rocky Mountain Motors,Jane Doe,7 Series,Sedan,Certified Pre-Owned,Finance,112580.88,Completed,2023,1,1,2023-01,2023-Q1,Premium (90–120K)
SAL-1239,2024-02-04,Ontario,Northside Motors,Linda Moore,4 Series,Coupe,Certified Pre-Owned,Finance,66644.48,Completed,2024,2,1,2024-02,2024-Q1,Mid (60–90K)
SAL-1240,2024-10-31,Alberta,Edmonton Premier Cars,David Taylor,4 Series,Coupe,Certified Pre-Owned,Lease,61824.43,Completed,2024,10,4,2024-10,2024-Q4,Mid (60–90K)
SAL-1242,2023-03-10,Ontario,Downtown Auto Group,Patricia Davis,X5,Suv,Pre-Owned,Finance,81451.93,Completed,2023,3,1,2023-03,2023-Q1,Mid (60–90K)
SAL-1244,2024-06-14,Manitoba,Prairie Motors,Jane Doe,X3,Suv,Certified Pre-Owned,Finance,61199.59,Completed,2024,6,2,2024-06,2024-Q2,Mid (60–90K)
SAL-1245,2024-09-22,Ontario,Downtown Auto Group,Susan Jackson,X5,Suv,Certified Pre-Owned,Lease,81257.58,Completed,2024,9,3,2024-09,2024-Q3,Mid (60–90K)
SAL-1246,2023-11-22,Manitoba,Winnipeg Auto Centre,Jane Doe,X7,Suv,Pre-Owned,Cash,109262.91,Completed,2023,11,4,2023-11,2023-Q4,Premium (90–120K)
SAL-1247,2023-02-27,Alberta,Edmonton Premier Cars,Joseph White,X7,Suv,Certified Pre-Owned,Cash,95981.92,Completed,2023,2,1,2023-02,2023-Q1,Premium (90–120K)
SAL-1249,2023-03-08,Alberta,Calgary Auto Hub,Jessica Harris,7 Series,Sedan,Pre-Owned,Lease,122743.6,Completed,2023,3,1,2023-03,2023-Q1,Ultra (>120K)
SAL-1250,2024-12-01,Alberta,Calgary Auto Hub,Linda Moore,X3,Suv,New,Finance,62036.64,Completed,2024,12,4,2024-12,2024-Q4,Mid (60–90K)
SAL-1252,2023-09-01,Manitoba,Prairie Motors,Sarah Thompson,I7,Ev,Pre-Owned,Finance,134600.88,Completed,2023,9,3,2023-09,2023-Q3,Ultra (>120K)
SAL-1253,2023-05-28,British Columbia,Vancouver Motors,Barbara Anderson,4 Series,Coupe,Pre-Owned,Lease,58203.7,Completed,2023,5,2,2023-05,2023-Q2,Entry (<60K)
SAL-1256,2024-06-26,Alberta,Rocky Mountain Motors,Michael Wilson,I4,Ev,New,Cash,71197.12,Completed,2024,6,2,2024-06,2024-Q2,Mid (60–90K)
SAL-1257,2024-02-23,Manitoba,Prairie Motors,Susan Jackson,I7,Ev,Pre-Owned,Finance,128531.33,Completed,2024,2,1,2024-02,2024-Q1,Ultra (>120K)
SAL-1258,2023-07-24,Quebec,Quebec City Motors,Michael Wilson,I4,Ev,Certified Pre-Owned,Lease,71903.17,Completed,2023,7,3,2023-07,2023-Q3,Mid (60–90K)
SAL-1261,2023-01-22,Ontario,Downtown Auto Group,John Smith,3 Series,Sedan,New,Finance,50078.03,Completed,2023,1,1,2023-01,2023-Q1,Entry (<60K)
SAL-1264,2024-11-10,Alberta,Rocky Mountain Motors,James Brown,X3,Suv,Certified Pre-Owned,Cash,60463.67,Completed,2024,11,4,2024-11,2024-Q4,Mid (60–90K)
SAL-1265,2024-08-21,British Columbia,Pacific Auto Centre,Daniel Robinson,8 Series,Coupe,New,Finance,115232.41,Completed,2024,8,3,2024-08,2024-Q3,Premium (90–120K)
SAL-1271,2024-12-25,Alberta,Edmonton Premier Cars,Richard Thomas,Ix,Ev,New,Finance,99613.64,Completed,2024,12,4,2024-12,2024-Q4,Premium (90–120K)
SAL-1272,2023-11-23,Quebec,Laval Premium Cars,Charles Garcia,7 Series,Sedan,New,Cash,127707.56,Completed,2023,11,4,2023-11,2023-Q4,Ultra (>120K)
SAL-1273,2023-08-31,Alberta,Calgary Auto Hub,Robert Johnson,X7,Suv,New,Cash,106567.17,Completed,2023,8,3,2023-08,2023-Q3,Premium (90–120K)
SAL-1274,2023-12-05,Ontario,Northside Motors,Mary Williams,I7,Ev,Pre-Owned,Cash,131308.55,Completed,2023,12,4,2023-12,2023-Q4,Ultra (>120K)
SAL-1275,2023-04-04,Ontario,Northside Motors,John Smith,7 Series,Sedan,Certified Pre-Owned,Lease,114641.33,Completed,2023,4,2,2023-04,2023-Q2,Premium (90–120K)
SAL-1276,2024-12-26,Manitoba,Winnipeg Auto Centre,Sarah Thompson,I4,Ev,Pre-Owned,Lease,70821.24,Completed,2024,12,4,2024-12,2024-Q4,Mid (60–90K)
SAL-1277,2023-01-07,Ontario,Oakville Premium,Robert Johnson,X7,Suv,New,Cash,97790.17,Completed,2023,1,1,2023-01,2023-Q1,Premium (90–120K)
SAL-1279,2023-09-04,British Columbia,Vancouver Motors,Charles Garcia,8 Series,Coupe,New,Lease,117849.91,Completed,2023,9,3,2023-09,2023-Q3,Premium (90–120K)
SAL-1284,2024-01-10,Quebec,Laval Premium Cars,John Smith,X5,Suv,Certified Pre-Owned,Lease,71881.94,Completed,2024,1,1,2024-01,2024-Q1,Mid (60–90K)
SAL-1287,2023-11-28,Ontario,Lakeview Cars,Sarah Thompson,3 Series,Sedan,Pre-Owned,Finance,50999.6,Completed,2023,11,4,2023-11,2023-Q4,Entry (<60K)
SAL-1288,2024-10-08,Quebec,Quebec City Motors,Patricia Davis,5 Series,Sedan,Certified Pre-Owned,Lease,69693.56,Completed,2024,10,4,2024-10,2024-Q4,Mid (60–90K)
SAL-1290,2024-10-11,British Columbia,Vancouver Motors,Sarah Thompson,X5,Suv,Certified Pre-Owned,Lease,76377.69,Completed,2024,10,4,2024-10,2024-Q4,Mid (60–90K)
SAL-1293,2023-07-17,Alberta,Calgary Auto Hub,David Taylor,Ix,Ev,Pre-Owned,Cash,92994.2,Completed,2023,7,3,2023-07,2023-Q3,Premium (90–120K)
SAL-1295,2023-03-04,British Columbia,Westcoast Dealership,Michael Wilson,5 Series,Sedan,Pre-Owned,Lease,71270.38,Completed,2023,3,1,2023-03,2023-Q1,Mid (60–90K)
SAL-1297,2023-06-10,British Columbia,Vancouver Motors,Lisa Clark,I7,Ev,Certified Pre-Owned,Finance,127817.62,Completed,2023,6,2,2023-06,2023-Q2,Ultra (>120K)
SAL-1298,2024-08-23,Manitoba,Prairie Motors,James Brown,4 Series,Coupe,Certified Pre-Owned,Cash,58077.31,Completed,2024,8,3,2024-08,2024-Q3,Entry (<60K)
SAL-1300,2023-02-27,Alberta,Edmonton Premier Cars,James Brown,7 Series,Sedan,Certified Pre-Owned,Cash,118799.15,Completed,2023,2,1,2023-02,2023-Q1,Premium (90–120K)
SAL-1301,2023-12-13,British Columbia,Pacific Auto Centre,Robert Johnson,8 Series,Coupe,Certified Pre-Owned,Finance,121413.31,Completed,2023,12,4,2023-12,2023-Q4,Ultra (>120K)
SAL-1302,2023-04-02,Quebec,Laval Premium Cars,Michael Wilson,X7,Suv,Certified Pre-Owned,Cash,109118.98,Completed,2023,4,2,2023-04,2023-Q2,Premium (90–120K)
SAL-1303,2024-12-15,Ontario,Downtown Auto Group,Linda Moore,7 Series,Sedan,Certified Pre-Owned,Cash,112094.09,Completed,2024,12,4,2024-12,2024-Q4,Premium (90–120K)
SAL-1304,2024-02-01,British Columbia,Westcoast Dealership,Joseph White,8 Series,Coupe,New,Lease,125825.93,Completed,2024,2,1,2024-02,2024-Q1,Ultra (>120K)
SAL-1307,2023-07-20,British Columbia,Pacific Auto Centre,Richard Thomas,8 Series,Coupe,Certified Pre-Owned,Finance,129281.74,Completed,2023,7,3,2023-07,2023-Q3,Ultra (>120K)
SAL-1308,2023-04-26,Manitoba,Prairie Motors,Jane Doe,X3,Suv,Certified Pre-Owned,Cash,60800.04,Completed,2023,4,2,2023-04,2023-Q2,Mid (60–90K)
SAL-1309,2024-04-19,British Columbia,Westcoast Dealership,Jane Doe,8 Series,Coupe,Pre-Owned,Lease,121789.0,Completed,2024,4,2,2024-04,2024-Q2,Ultra (>120K)
SAL-1311,2024-05-06,Quebec,Laval Premium Cars,Karen Martinez,X5,Suv,Pre-Owned,Finance,72759.83,Completed,2024,5,2,2024-05,2024-Q2,Mid (60–90K)
SAL-1313,2023-10-14,British Columbia,Vancouver Motors,Jessica Harris,4 Series,Coupe,Pre-Owned,Cash,65595.72,Completed,2023,10,4,2023-10,2023-Q4,Mid (60–90K)
SAL-1314,2024-10-13,Alberta,Edmonton Premier Cars,John Smith,X3,Suv,Certified Pre-Owned,Cash,63991.75,Completed,2024,10,4,2024-10,2024-Q4,Mid (60–90K)
SAL-1315,2024-12-20,Manitoba,Prairie Motors,Daniel Robinson,4 Series,Coupe,Certified Pre-Owned,Cash,64603.35,Completed,2024,12,4,2024-12,2024-Q4,Mid (60–90K)
SAL-1316,2024-02-27,Ontario,Oakville Premium,Patricia Davis,Ix,Ev,New,Lease,94113.46,Completed,2024,2,1,2024-02,2024-Q1,Premium (90–120K)
SAL-1317,2023-10-01,Alberta,Rocky Mountain Motors,John Smith,I4,Ev,Pre-Owned,Finance,75919.37,Completed,2023,10,4,2023-10,2023-Q4,Mid (60–90K)
SAL-1320,2024-07-09,Alberta,Calgary Auto Hub,Jessica Harris,I7,Ev,Certified Pre-Owned,Finance,125503.61,Completed,2024,7,3,2024-07,2024-Q3,Ultra (>120K)
SAL-1322,2023-05-23,Alberta,Rocky Mountain Motors,Michael Wilson,X7,Suv,Pre-Owned,Finance,96443.77,Completed,2023,5,2,2023-05,2023-Q2,Premium (90–120K)
SAL-1323,2023-01-05,Manitoba,Winnipeg Auto Centre,David Taylor,7 Series,Sedan,Pre-Owned,Lease,121840.82,Completed,2023,1,1,2023-01,2023-Q1,Ultra (>120K)
SAL-1326,2023-08-03,Alberta,Calgary Auto Hub,Karen Martinez,Ix,Ev,Pre-Owned,Cash,93746.64,Completed,2023,8,3,2023-08,2023-Q3,Premium (90–120K)
SAL-1327,2023-09-17,British Columbia,Westcoast Dealership,Thomas Martin,3 Series,Sedan,New,Finance,49355.22,Completed,2023,9,3,2023-09,2023-Q3,Entry (<60K)
SAL-1331,2023-12-12,Ontario,Oakville Premium,Linda Moore,I7,Ev,Pre-Owned,Finance,143005.65,Completed,2023,12,4,2023-12,2023-Q4,Ultra (>120K)
SAL-1332,2023-01-11,Quebec,Montreal Auto Group,James Brown,I4,Ev,Pre-Owned,Lease,74525.2,Completed,2023,1,1,2023-01,2023-Q1,Mid (60–90K)
SAL-1333,2024-10-31,Quebec,Quebec City Motors,Jane Doe,I7,Ev,Certified Pre-Owned,Lease,135591.35,Completed,2024,10,4,2024-10,2024-Q4,Ultra (>120K)
SAL-1334,2024-09-07,Alberta,Calgary Auto Hub,Richard Thomas,5 Series,Sedan,Certified Pre-Owned,Cash,73400.11,Completed,2024,9,3,2024-09,2024-Q3,Mid (60–90K)
SAL-1335,2024-10-31,British Columbia,Pacific Auto Centre,Patricia Davis,I7,Ev,Certified Pre-Owned,Cash,152518.31,Completed,2024,10,4,2024-10,2024-Q4,Ultra (>120K)
SAL-1336,2023-04-29,Quebec,Montreal Auto Group,Mary Williams,I7,Ev,New,Cash,138247.03,Completed,2023,4,2,2023-04,2023-Q2,Ultra (>120K)
SAL-1339,2023-03-30,British Columbia,Pacific Auto Centre,Daniel Robinson,3 Series,Sedan,New,Lease,48440.69,Completed,2023,3,1,2023-03,2023-Q1,Entry (<60K)
SAL-1341,2024-06-06,Quebec,Montreal Auto Group,John Smith,4 Series,Coupe,New,Lease,59596.21,Completed,2024,6,2,2024-06,2024-Q2,Entry (<60K)
SAL-1344,2024-01-06,British Columbia,Westcoast Dealership,Linda Moore,I7,Ev,Certified Pre-Owned,Finance,139906.85,Completed,2024,1,1,2024-01,2024-Q1,Ultra (>120K)
SAL-1345,2024-01-18,Quebec,Montreal Auto Group,Joseph White,X7,Suv,Certified Pre-Owned,Lease,105960.97,Completed,2024,1,1,2024-01,2024-Q1,Premium (90–120K)
SAL-1346,2024-09-05,Manitoba,Prairie Motors,Charles Garcia,X3,Suv,Certified Pre-Owned,Finance,57308.58,Completed,2024,9,3,2024-09,2024-Q3,Entry (<60K)
SAL-1347,2023-10-12,Ontario,Northside Motors,Joseph White,5 Series,Sedan,Certified Pre-Owned,Finance,69639.96,Completed,2023,10,4,2023-10,2023-Q4,Mid (60–90K)
SAL-1349,2024-06-29,Alberta,Calgary Auto Hub,Charles Garcia,Ix,Ev,Pre-Owned,Lease,99178.2,Completed,2024,6,2,2024-06,2024-Q2,Premium (90–120K)
SAL-1350,2023-11-28,Alberta,Rocky Mountain Motors,Linda Moore,X5,Suv,Pre-Owned,Cash,75873.59,Completed,2023,11,4,2023-11,2023-Q4,Mid (60–90K)
SAL-1351,2024-11-16,Quebec,Quebec City Motors,Michael Wilson,8 Series,Coupe,Pre-Owned,Cash,138957.66,Completed,2024,11,4,2024-11,2024-Q4,Ultra (>120K)
SAL-1352,2024-08-18,Manitoba,Prairie Motors,Charles Garcia,X5,Suv,New,Cash,78981.87,Completed,2024,8,3,2024-08,2024-Q3,Mid (60–90K)
SAL-1353,2023-09-09,Alberta,Calgary Auto Hub,Joseph White,Ix,Ev,Certified Pre-Owned,Lease,91096.42,Completed,2023,9,3,2023-09,2023-Q3,Premium (90–120K)
SAL-1354,2023-05-08,Alberta,Rocky Mountain Motors,Joseph White,5 Series,Sedan,Pre-Owned,Finance,70450.8,Completed,2023,5,2,2023-05,2023-Q2,Mid (60–90K)
SAL-1356,2024-01-06,Ontario,Northside Motors,Jane Doe,X3,Suv,New,Cash,61465.37,Completed,2024,1,1,2024-01,2024-Q1,Mid (60–90K)
SAL-1357,2024-11-07,Ontario,Oakville Premium,Daniel Robinson,X3,Suv,New,Cash,64804.44,Completed,2024,11,4,2024-11,2024-Q4,Mid (60–90K)
SAL-1359,2024-01-28,Manitoba,Prairie Motors,Michael Wilson,X3,Suv,Pre-Owned,Lease,55928.96,Completed,2024,1,1,2024-01,2024-Q1,Entry (<60K)
SAL-1362,2023-06-03,Ontario,Oakville Premium,Joseph White,Ix,Ev,Pre-Owned,Finance,87740.95,Completed,2023,6,2,2023-06,2023-Q2,Mid (60–90K)
SAL-1365,2024-12-03,Quebec,Laval Premium Cars,Daniel Robinson,I4,Ev,New,Lease,78419.74,Completed,2024,12,4,2024-12,2024-Q4,Mid (60–90K)
SAL-1370,2024-07-15,Ontario,Downtown Auto Group,Sarah Thompson,X5,Suv,Certified Pre-Owned,Cash,78480.97,Completed,2024,7,3,2024-07,2024-Q3,Mid (60–90K)
SAL-1373,2023-09-05,Ontario,Oakville Premium,Lisa Clark,X3,Suv,Certified Pre-Owned,Lease,61288.69,Completed,2023,9,3,2023-09,2023-Q3,Mid (60–90K)
SAL-1376,2023-07-31,Manitoba,Prairie Motors,Robert Johnson,X3,Suv,Pre-Owned,Finance,61440.56,Completed,2023,7,3,2023-07,2023-Q3,Mid (60–90K)
SAL-1379,2024-03-01,Alberta,Calgary Auto Hub,Jane Doe,I4,Ev,New,Cash,70378.37,Completed,2024,3,1,2024-03,2024-Q1,Mid (60–90K)
SAL-1381,2023-07-18,Quebec,Montreal Auto Group,Barbara Anderson,8 Series,Coupe,Pre-Owned,Cash,118270.48,Completed,2023,7,3,2023-07,2023-Q3,Premium (90–120K)
SAL-1384,2023-12-05,Manitoba,Winnipeg Auto Centre,Thomas Martin,X5,Suv,Pre-Owned,Lease,78730.58,Completed,2023,12,4,2023-12,2023-Q4,Mid (60–90K)
SAL-1385,2023-08-14,Manitoba,Prairie Motors,Jane Doe,8 Series,Coupe,New,Finance,128134.73,Completed,2023,8,3,2023-08,2023-Q3,Ultra (>120K)
SAL-1386,2024-08-04,Quebec,Montreal Auto Group,David Taylor,I7,Ev,New,Cash,131224.11,Completed,2024,8,3,2024-08,2024-Q3,Ultra (>120K)
SAL-1389,2024-05-09,British Columbia,Pacific Auto Centre,David Taylor,5 Series,Sedan,Certified Pre-Owned,Lease,73111.65,Completed,2024,5,2,2024-05,2024-Q2,Mid (60–90K)
SAL-1390,2023-06-01,Manitoba,Prairie Motors,Karen Martinez,4 Series,Coupe,New,Cash,61541.59,Completed,2023,6,2,2023-06,2023-Q2,Mid (60–90K)
SAL-1391,2024-02-14,Manitoba,Prairie Motors,Jessica Harris,I7,Ev,Pre-Owned,Finance,129298.69,Completed,2024,2,1,2024-02,2024-Q1,Ultra (>120K)
SAL-1394,2023-12-01,British Columbia,Vancouver Motors,Daniel Robinson,X7,Suv,Certified Pre-Owned,Finance,107438.85,Completed,2023,12,4,2023-12,2023-Q4,Premium (90–120K)
SAL-1396,2023-02-11,Alberta,Rocky Mountain Motors,Patricia Davis,4 Series,Coupe,Certified Pre-Owned,Finance,62563.47,Completed,2023,2,1,2023-02,2023-Q1,Mid (60–90K)
SAL-1400,2023-08-04,Quebec,Montreal Auto Group,Linda Moore,8 Series,Coupe,Certified Pre-Owned,Cash,125838.02,Completed,2023,8,3,2023-08,2023-Q3,Ultra (>120K)
SAL-1401,2023-06-02,British Columbia,Pacific Auto Centre,Robert Johnson,I4,Ev,Certified Pre-Owned,Finance,68164.32,Completed,2023,6,2,2023-06,2023-Q2,Mid (60–90K)
SAL-1404,2023-01-08,Quebec,Laval Premium Cars,Patricia Davis,4 Series,Coupe,Certified Pre-Owned,Finance,64345.11,Completed,2023,1,1,2023-01,2023-Q1,Mid (60–90K)
SAL-1405,2023-07-27,British Columbia,Pacific Auto Centre,Patricia Davis,Ix,Ev,Certified Pre-Owned,Cash,94411.2,Completed,2023,7,3,2023-07,2023-Q3,Premium (90–120K)
SAL-1406,2024-05-09,Alberta,Edmonton Premier Cars,Charles Garcia,3 Series,Sedan,New,Cash,51788.93,Completed,2024,5,2,2024-05,2024-Q2,Entry (<60K)
SAL-1409,2024-08-28,Quebec,Quebec City Motors,Linda Moore,X5,Suv,Certified Pre-Owned,Finance,79065.22,Completed,2024,8,3,2024-08,2024-Q3,Mid (60–90K)
SAL-1410,2023-01-05,Manitoba,Prairie Motors,Charles Garcia,Ix,Ev,New,Cash,97420.95,Completed,2023,1,1,2023-01,2023-Q1,Premium (90–120K)
SAL-1414,2023-09-22,Ontario,Downtown Auto Group,Patricia Davis,X7,Suv,Pre-Owned,Finance,94771.66,Completed,2023,9,3,2023-09,2023-Q3,Premium (90–120K)
SAL-1415,2023-11-13,British Columbia,Vancouver Motors,Karen Martinez,5 Series,Sedan,Pre-Owned,Lease,71756.08,Completed,2023,11,4,2023-11,2023-Q4,Mid (60–90K)
SAL-1416,2023-07-03,Ontario,Northside Motors,Mary Williams,5 Series,Sedan,Certified Pre-Owned,Finance,72750.27,Completed,2023,7,3,2023-07,2023-Q3,Mid (60–90K)
SAL-1417,2024-09-21,Manitoba,Winnipeg Auto Centre,David Taylor,I7,Ev,New,Finance,125049.82,Completed,2024,9,3,2024-09,2024-Q3,Ultra (>120K)
SAL-1418,2023-03-30,Alberta,Rocky Mountain Motors,Robert Johnson,7 Series,Sedan,New,Cash,108046.82,Completed,2023,3,1,2023-03,2023-Q1,Premium (90–120K)
SAL-1421,2024-08-07,Ontario,Oakville Premium,Susan Jackson,X3,Suv,New,Lease,56293.93,Completed,2024,8,3,2024-08,2024-Q3,Entry (<60K)
SAL-1422,2023-04-09,Alberta,Edmonton Premier Cars,Lisa Clark,3 Series,Sedan,Pre-Owned,Lease,52060.19,Completed,2023,4,2,2023-04,2023-Q2,Entry (<60K)
SAL-1424,2023-09-22,Ontario,Lakeview Cars,Joseph White,X7,Suv,New,Finance,96260.96,Completed,2023,9,3,2023-09,2023-Q3,Premium (90–120K)
SAL-1425,2023-11-04,Alberta,Calgary Auto Hub,Jessica Harris,Ix,Ev,New,Cash,104121.36,Completed,2023,11,4,2023-11,2023-Q4,Premium (90–120K)
SAL-1426,2023-04-08,Manitoba,Winnipeg Auto Centre,David Taylor,4 Series,Coupe,Certified Pre-Owned,Finance,66613.98,Completed,2023,4,2,2023-04,2023-Q2,Mid (60–90K)
SAL-1428,2023-02-11,Manitoba,Prairie Motors,Barbara Anderson,5 Series,Sedan,Certified Pre-Owned,Cash,72915.71,Completed,2023,2,1,2023-02,2023-Q1,Mid (60–90K)
SAL-1430,2023-07-09,British Columbia,Pacific Auto Centre,Daniel Robinson,4 Series,Coupe,Pre-Owned,Cash,65649.75,Completed,2023,7,3,2023-07,2023-Q3,Mid (60–90K)
SAL-1431,2024-11-28,Manitoba,Winnipeg Auto Centre,Charles Garcia,I4,Ev,Certified Pre-Owned,Lease,75052.53,Completed,2024,11,4,2024-11,2024-Q4,Mid (60–90K)
SAL-1433,2024-10-25,Manitoba,Winnipeg Auto Centre,Lisa Clark,Ix,Ev,Certified Pre-Owned,Cash,96427.61,Completed,2024,10,4,2024-10,2024-Q4,Premium (90–120K)
SAL-1434,2024-08-17,British Columbia,Westcoast Dealership,Mary Williams,X7,Suv,Pre-Owned,Cash,104723.22,Completed,2024,8,3,2024-08,2024-Q3,Premium (90–120K)
SAL-1435,2023-08-12,Ontario,Downtown Auto Group,David Taylor,I4,Ev,New,Lease,67848.78,Completed,2023,8,3,2023-08,2023-Q3,Mid (60–90K)
SAL-1436,2023-07-31,Ontario,Oakville Premium,Thomas Martin,5 Series,Sedan,New,Cash,62886.11,Completed,2023,7,3,2023-07,2023-Q3,Mid (60–90K)
SAL-1437,2023-07-26,Manitoba,Prairie Motors,James Brown,I7,Ev,New,Finance,130851.29,Completed,2023,7,3,2023-07,2023-Q3,Ultra (>120K)
SAL-1439,2024-02-28,Ontario,Oakville Premium,Mary Williams,4 Series,Coupe,Certified Pre-Owned,Cash,59042.39,Completed,2024,2,1,2024-02,2024-Q1,Entry (<60K)
SAL-1440,2023-11-07,Manitoba,Winnipeg Auto Centre,Linda Moore,Ix,Ev,Certified Pre-Owned,Cash,99280.57,Completed,2023,11,4,2023-11,2023-Q4,Premium (90–120K)
SAL-1442,2024-06-18,British Columbia,Pacific Auto Centre,David Taylor,8 Series,Coupe,Pre-Owned,Cash,116878.01,Completed,2024,6,2,2024-06,2024-Q2,Premium (90–120K)
SAL-1443,2023-04-20,Quebec,Montreal Auto Group,Linda Moore,7 Series,Sedan,Certified Pre-Owned,Finance,118175.88,Completed,2023,4,2,2023-04,2023-Q2,Premium (90–120K)
SAL-1446,2024-10-01,Alberta,Calgary Auto Hub,Michael Wilson,Ix,Ev,New,Finance,91610.03,Completed,2024,10,4,2024-10,2024-Q4,Premium (90–120K)
SAL-1447,2024-03-17,Manitoba,Prairie Motors,Karen Martinez,I4,Ev,New,Lease,74219.05,Completed,2024,3,1,2024-03,2024-Q1,Mid (60–90K)
SAL-1449,2023-09-20,British Columbia,Vancouver Motors,John Smith,3 Series,Sedan,Pre-Owned,Finance,55699.19,Completed,2023,9,3,2023-09,2023-Q3,Entry (<60K)
SAL-1453,2023-06-26,Manitoba,Winnipeg Auto Centre,Patricia Davis,4 Series,Coupe,New,Lease,65659.54,Completed,2023,6,2,2023-06,2023-Q2,Mid (60–90K)
SAL-1454,2024-11-08,British Columbia,Vancouver Motors,Thomas Martin,I4,Ev,New,Lease,73096.5,Completed,2024,11,4,2024-11,2024-Q4,Mid (60–90K)
SAL-1456,2023-08-05,Quebec,Montreal Auto Group,Robert Johnson,3 Series,Sedan,New,Finance,55585.49,Completed,2023,8,3,2023-08,2023-Q3,Entry (<60K)
SAL-1457,2024-08-31,Manitoba,Prairie Motors,Karen Martinez,I4,Ev,Pre-Owned,Lease,74183.35,Completed,2024,8,3,2024-08,2024-Q3,Mid (60–90K)
SAL-1458,2024-09-12,Quebec,Quebec City Motors,Michael Wilson,8 Series,Coupe,Pre-Owned,Cash,128530.27,Completed,2024,9,3,2024-09,2024-Q3,Ultra (>120K)
SAL-1461,2023-09-23,Manitoba,Winnipeg Auto Centre,David Taylor,4 Series,Coupe,Certified Pre-Owned,Lease,60947.13,Completed,2023,9,3,2023-09,2023-Q3,Mid (60–90K)
SAL-1463,2024-11-28,Ontario,Lakeview Cars,David Taylor,I4,Ev,Certified Pre-Owned,Cash,70841.35,Completed,2024,11,4,2024-11,2024-Q4,Mid (60–90K)
SAL-1464,2023-06-18,Ontario,Downtown Auto Group,Daniel Robinson,5 Series,Sedan,New,Cash,69717.36,Completed,2023,6,2,2023-06,2023-Q2,Mid (60–90K)
SAL-1465,2024-09-11,Manitoba,Prairie Motors,John Smith,7 Series,Sedan,Pre-Owned,Cash,124189.21,Completed,2024,9,3,2024-09,2024-Q3,Ultra (>120K)
SAL-1467,2023-10-23,Manitoba,Winnipeg Auto Centre,Charles Garcia,X3,Suv,Pre-Owned,Cash,65549.59,Completed,2023,10,4,2023-10,2023-Q4,Mid (60–90K)
SAL-1468,2024-11-08,Ontario,Downtown Auto Group,David Taylor,3 Series,Sedan,New,Finance,53786.75,Completed,2024,11,4,2024-11,2024-Q4,Entry (<60K)
SAL-1470,2023-11-14,Alberta,Edmonton Premier Cars,Patricia Davis,5 Series,Sedan,Pre-Owned,Finance,74625.97,Completed,2023,11,4,2023-11,2023-Q4,Mid (60–90K)
SAL-1474,2023-10-02,British Columbia,Westcoast Dealership,Linda Moore,5 Series,Sedan,New,Lease,70304.9,Completed,2023,10,4,2023-10,2023-Q4,Mid (60–90K)
SAL-1476,2023-11-14,Manitoba,Prairie Motors,David Taylor,X3,Suv,New,Finance,62533.03,Completed,2023,11,4,2023-11,2023-Q4,Mid (60–90K)
SAL-1477,2023-10-25,Quebec,Montreal Auto Group,Jane Doe,8 Series,Coupe,New,Finance,137714.76,Completed,2023,10,4,2023-10,2023-Q4,Ultra (>120K)
SAL-1478,2023-01-24,British Columbia,Vancouver Motors,Robert Johnson,X7,Suv,Certified Pre-Owned,Finance,106280.49,Completed,2023,1,1,2023-01,2023-Q1,Premium (90–120K)
SAL-1480,2024-12-05,British Columbia,Vancouver Motors,Richard Thomas,7 Series,Sedan,New,Finance,119505.47,Completed,2024,12,4,2024-12,2024-Q4,Premium (90–120K)
SAL-1481,2024-06-22,British Columbia,Pacific Auto Centre,David Taylor,4 Series,Coupe,Pre-Owned,Finance,65152.92,Completed,2024,6,2,2024-06,2024-Q2,Mid (60–90K)
SAL-1482,2024-09-06,Ontario,Downtown Auto Group,Thomas Martin,7 Series,Sedan,Pre-Owned,Finance,108011.85,Completed,2024,9,3,2024-09,2024-Q3,Premium (90–120K)
SAL-1483,2023-08-10,Manitoba,Winnipeg Auto Centre,James Brown,X5,Suv,Certified Pre-Owned,Lease,78555.22,Completed,2023,8,3,2023-08,2023-Q3,Mid (60–90K)
SAL-1484,2024-06-01,Ontario,Downtown Auto Group,Sarah Thompson,7 Series,Sedan,Certified Pre-Owned,Finance,105905.96,Completed,2024,6,2,2024-06,2024-Q2,Premium (90–120K)
SAL-1485,2023-08-02,Manitoba,Winnipeg Auto Centre,John Smith,3 Series,Sedan,New,Lease,50540.55,Completed,2023,8,3,2023-08,2023-Q3,Entry (<60K)
SAL-1489,2023-07-19,Alberta,Calgary Auto Hub,Patricia Davis,X5,Suv,Pre-Owned,Cash,76609.21,Completed,2023,7,3,2023-07,2023-Q3,Mid (60–90K)
SAL-1490,2024-03-04,Quebec,Quebec City Motors,Robert Johnson,8 Series,Coupe,New,Finance,123973.87,Completed,2024,3,1,2024-03,2024-Q1,Ultra (>120K)
SAL-1492,2023-05-12,Ontario,Downtown Auto Group,Jessica Harris,7 Series,Sedan,New,Cash,112667.83,Completed,2023,5,2,2023-05,2023-Q2,Premium (90–120K)
SAL-1495,2023-08-04,Quebec,Quebec City Motors,Charles Garcia,X7,Suv,Certified Pre-Owned,Finance,103688.28,Completed,2023,8,3,2023-08,2023-Q3,Premium (90–120K)
SAL-1497,2023-02-24,British Columbia,Pacific Auto Centre,Mary Williams,4 Series,Coupe,Pre-Owned,Finance,63185.34,Completed,2023,2,1,2023-02,2023-Q1,Mid (60–90K)
SAL-1501,2023-07-14,Ontario,Lakeview Cars,Mary Williams,X3,Suv,New,Cash,58177.08,Completed,2023,7,3,2023-07,2023-Q3,Entry (<60K)
SAL-1502,2024-12-17,Manitoba,Winnipeg Auto Centre,John Smith,I7,Ev,Pre-Owned,Finance,141277.84,Completed,2024,12,4,2024-12,2024-Q4,Ultra (>120K)
SAL-1503,2023-08-10,Ontario,Oakville Premium,Barbara Anderson,X7,Suv,Pre-Owned,Lease,94258.48,Completed,2023,8,3,2023-08,2023-Q3,Premium (90–120K)
SAL-1504,2023-05-22,Manitoba,Prairie Motors,Karen Martinez,X7,Suv,New,Finance,99409.16,Completed,2023,5,2,2023-05,2023-Q2,Premium (90–120K)
SAL-1506,2024-01-23,Alberta,Calgary Auto Hub,Susan Jackson,I7,Ev,Certified Pre-Owned,Lease,132814.57,Completed,2024,1,1,2024-01,2024-Q1,Ultra (>120K)
SAL-1507,2024-06-25,Quebec,Montreal Auto Group,Richard Thomas,X3,Suv,Pre-Owned,Finance,58744.0,Completed,2024,6,2,2024-06,2024-Q2,Entry (<60K)
SAL-1508,2023-11-15,Manitoba,Winnipeg Auto Centre,Charles Garcia,X7,Suv,Certified Pre-Owned,Lease,107675.81,Completed,2023,11,4,2023-11,2023-Q4,Premium (90–120K)
SAL-1510,2023-03-25,Quebec,Laval Premium Cars,Michael Wilson,X3,Suv,Pre-Owned,Finance,60458.12,Completed,2023,3,1,2023-03,2023-Q1,Mid (60–90K)
SAL-1511,2024-10-06,Manitoba,Prairie Motors,Lisa Clark,5 Series,Sedan,New,Lease,74975.55,Completed,2024,10,4,2024-10,2024-Q4,Mid (60–90K)
SAL-1512,2024-02-26,Manitoba,Winnipeg Auto Centre,James Brown,I7,Ev,New,Lease,139711.46,Completed,2024,2,1,2024-02,2024-Q1,Ultra (>120K)
SAL-1514,2023-05-21,Quebec,Laval Premium Cars,Susan Jackson,X7,Suv,New,Lease,94137.56,Completed,2023,5,2,2023-05,2023-Q2,Premium (90–120K)
SAL-1515,2024-08-01,Quebec,Quebec City Motors,Lisa Clark,3 Series,Sedan,New,Finance,49468.87,Completed,2024,8,3,2024-08,2024-Q3,Entry (<60K)
SAL-1516,2024-04-09,Ontario,Northside Motors,Linda Moore,X3,Suv,New,Cash,53430.18,Completed,2024,4,2,2024-04,2024-Q2,Entry (<60K)
SAL-1517,2023-03-23,Quebec,Montreal Auto Group,Thomas Martin,I7,Ev,New,Cash,138185.45,Completed,2023,3,1,2023-03,2023-Q1,Ultra (>120K)
SAL-1518,2023-09-01,Quebec,Montreal Auto Group,Charles Garcia,X5,Suv,Pre-Owned,Finance,82967.42,Completed,2023,9,3,2023-09,2023-Q3,Mid (60–90K)
SAL-1519,2024-04-03,Quebec,Montreal Auto Group,Robert Johnson,X3,Suv,Pre-Owned,Lease,55619.52,Completed,2024,4,2,2024-04,2024-Q2,Entry (<60K)
SAL-1520,2023-05-25,British Columbia,Westcoast Dealership,Joseph White,4 Series,Coupe,Certified Pre-Owned,Lease,66236.18,Completed,2023,5,2,2023-05,2023-Q2,Mid (60–90K)
SAL-1522,2023-03-18,Quebec,Laval Premium Cars,John Smith,X3,Suv,New,Lease,62031.57,Completed,2023,3,1,2023-03,2023-Q1,Mid (60–90K)
SAL-1527,2024-07-07,Ontario,Lakeview Cars,James Brown,5 Series,Sedan,New,Lease,65659.42,Completed,2024,7,3,2024-07,2024-Q3,Mid (60–90K)
SAL-1529,2023-03-16,Quebec,Laval Premium Cars,Charles Garcia,X7,Suv,Pre-Owned,Cash,106945.38,Completed,2023,3,1,2023-03,2023-Q1,Premium (90–120K)
SAL-1530,2024-08-27,Quebec,Laval Premium Cars,Karen Martinez,7 Series,Sedan,Pre-Owned,Finance,115720.57,Completed,2024,8,3,2024-08,2024-Q3,Premium (90–120K)
SAL-1531,2023-02-08,Manitoba,Winnipeg Auto Centre,Richard Thomas,X3,Suv,New,Lease,56248.94,Completed,2023,2,1,2023-02,2023-Q1,Entry (<60K)
SAL-1534,2024-05-04,Manitoba,Prairie Motors,Michael Wilson,Ix,Ev,Pre-Owned,Lease,93746.64,Completed,2024,5,2,2024-05,2024-Q2,Premium (90–120K)
SAL-1537,2024-10-20,Alberta,Rocky Mountain Motors,Patricia Davis,5 Series,Sedan,Pre-Owned,Lease,67757.45,Completed,2024,10,4,2024-10,2024-Q4,Mid (60–90K)
SAL-1541,2024-02-19,British Columbia,Pacific Auto Centre,Patricia Davis,5 Series,Sedan,Certified Pre-Owned,Cash,70274.42,Completed,2024,2,1,2024-02,2024-Q1,Mid (60–90K)
SAL-1545,2024-11-22,Ontario,Northside Motors,Charles Garcia,4 Series,Coupe,Pre-Owned,Cash,69921.85,Completed,2024,11,4,2024-11,2024-Q4,Mid (60–90K)
SAL-1546,2023-10-03,British Columbia,Westcoast Dealership,Jane Doe,4 Series,Coupe,New,Finance,64928.61,Completed,2023,10,4,2023-10,2023-Q4,Mid (60–90K)
SAL-1547,2023-04-20,Ontario,Lakeview Cars,Michael Wilson,4 Series,Coupe,Pre-Owned,Cash,65035.45,Completed,2023,4,2,2023-04,2023-Q2,Mid (60–90K)
SAL-1550,2023-05-15,Manitoba,Prairie Motors,Sarah Thompson,7 Series,Sedan,New,Finance,117449.99,Completed,2023,5,2,2023-05,2023-Q2,Premium (90–120K)
SAL-1551,2023-12-05,Alberta,Edmonton Premier Cars,Karen Martinez,X3,Suv,Certified Pre-Owned,Finance,65298.47,Completed,2023,12,4,2023-12,2023-Q4,Mid (60–90K)
SAL-1552,2023-11-02,Quebec,Quebec City Motors,Patricia Davis,Ix,Ev,New,Finance,98170.51,Completed,2023,11,4,2023-11,2023-Q4,Premium (90–120K)
SAL-1553,2024-01-08,Alberta,Rocky Mountain Motors,Richard Thomas,8 Series,Coupe,Pre-Owned,Lease,131383.78,Completed,2024,1,1,2024-01,2024-Q1,Ultra (>120K)
SAL-1554,2023-01-27,Ontario,Downtown Auto Group,James Brown,Ix,Ev,New,Cash,97655.52,Completed,2023,1,1,2023-01,2023-Q1,Premium (90–120K)
SAL-1555,2023-05-15,Manitoba,Winnipeg Auto Centre,Mary Williams,3 Series,Sedan,Certified Pre-Owned,Finance,49737.62,Completed,2023,5,2,2023-05,2023-Q2,Entry (<60K)
SAL-1556,2023-07-06,Manitoba,Winnipeg Auto Centre,Mary Williams,I7,Ev,Certified Pre-Owned,Finance,128780.17,Completed,2023,7,3,2023-07,2023-Q3,Ultra (>120K)
SAL-1559,2023-05-10,Ontario,Northside Motors,Michael Wilson,X3,Suv,Pre-Owned,Cash,61153.91,Completed,2023,5,2,2023-05,2023-Q2,Mid (60–90K)
SAL-1562,2024-01-24,Manitoba,Prairie Motors,James Brown,I4,Ev,Pre-Owned,Cash,68968.75,Completed,2024,1,1,2024-01,2024-Q1,Mid (60–90K)
SAL-1563,2023-04-15,Quebec,Quebec City Motors,Joseph White,X7,Suv,New,Lease,106578.18,Completed,2023,4,2,2023-04,2023-Q2,Premium (90–120K)
SAL-1564,2023-08-09,British Columbia,Pacific Auto Centre,Michael Wilson,I7,Ev,Certified Pre-Owned,Lease,130135.81,Completed,2023,8,3,2023-08,2023-Q3,Ultra (>120K)
SAL-1565,2023-06-08,Ontario,Lakeview Cars,Daniel Robinson,X3,Suv,Pre-Owned,Lease,60993.86,Completed,2023,6,2,2023-06,2023-Q2,Mid (60–90K)
SAL-1566,2023-11-07,Quebec,Quebec City Motors,Linda Moore,7 Series,Sedan,Pre-Owned,Lease,119276.62,Completed,2023,11,4,2023-11,2023-Q4,Premium (90–120K)
SAL-1567,2024-07-23,British Columbia,Westcoast Dealership,Barbara Anderson,X5,Suv,Certified Pre-Owned,Finance,80091.02,Completed,2024,7,3,2024-07,2024-Q3,Mid (60–90K)
SAL-1568,2023-10-24,Quebec,Montreal Auto Group,Linda Moore,X5,Suv,New,Lease,76599.89,Completed,2023,10,4,2023-10,2023-Q4,Mid (60–90K)
SAL-1569,2024-04-02,Quebec,Laval Premium Cars,Lisa Clark,3 Series,Sedan,Pre-Owned,Finance,53030.51,Completed,2024,4,2,2024-04,2024-Q2,Entry (<60K)
SAL-1570,2024-09-02,Ontario,Lakeview Cars,Thomas Martin,X7,Suv,Pre-Owned,Finance,101212.85,Completed,2024,9,3,2024-09,2024-Q3,Premium (90–120K)
SAL-1571,2023-06-02,British Columbia,Westcoast Dealership,John Smith,X3,Suv,Pre-Owned,Cash,58803.73,Completed,2023,6,2,2023-06,2023-Q2,Entry (<60K)
SAL-1573,2024-12-10,Manitoba,Prairie Motors,Susan Jackson,4 Series,Coupe,Pre-Owned,Lease,67567.28,Completed,2024,12,4,2024-12,2024-Q4,Mid (60–90K)
SAL-1574,2023-10-12,Ontario,Downtown Auto Group,Barbara Anderson,X3,Suv,New,Finance,64435.09,Completed,2023,10,4,2023-10,2023-Q4,Mid (60–90K)
SAL-1575,2023-06-16,Ontario,Oakville Premium,Michael Wilson,5 Series,Sedan,Pre-Owned,Lease,69216.96,Completed,2023,6,2,2023-06,2023-Q2,Mid (60–90K)
SAL-1579,2024-01-27,Ontario,Downtown Auto Group,Joseph White,3 Series,Sedan,New,Cash,52891.02,Completed,2024,1,1,2024-01,2024-Q1,Entry (<60K)
SAL-1580,2023-09-12,British Columbia,Westcoast Dealership,Michael Wilson,8 Series,Coupe,Pre-Owned,Lease,125838.02,Completed,2023,9,3,2023-09,2023-Q3,Ultra (>120K)
SAL-1581,2023-07-03,Alberta,Calgary Auto Hub,Thomas Martin,7 Series,Sedan,Pre-Owned,Lease,110067.83,Completed,2023,7,3,2023-07,2023-Q3,Premium (90–120K)
SAL-1583,2024-09-02,Ontario,Lakeview Cars,Barbara Anderson,X3,Suv,Certified Pre-Owned,Cash,58876.74,Completed,2024,9,3,2024-09,2024-Q3,Entry (<60K)
SAL-1585,2024-04-09,Quebec,Montreal Auto Group,Mary Williams,3 Series,Sedan,New,Finance,56058.38,Completed,2024,4,2,2024-04,2024-Q2,Entry (<60K)
SAL-1586,2023-08-06,Alberta,Edmonton Premier Cars,John Smith,4 Series,Coupe,Certified Pre-Owned,Cash,62563.47,Completed,2023,8,3,2023-08,2023-Q3,Mid (60–90K)
SAL-1587,2024-05-05,Quebec,Montreal Auto Group,Linda Moore,4 Series,Coupe,Pre-Owned,Finance,63935.83,Completed,2024,5,2,2024-05,2024-Q2,Mid (60–90K)
SAL-1588,2023-01-23,Ontario,Oakville Premium,Jessica Harris,I7,Ev,New,Cash,132933.29,Completed,2023,1,1,2023-01,2023-Q1,Ultra (>120K)
SAL-1589,2023-06-12,Ontario,Lakeview Cars,John Smith,8 Series,Coupe,New,Lease,125838.02,Completed,2023,6,2,2023-06,2023-Q2,Ultra (>120K)
SAL-1590,2024-10-17,Alberta,Edmonton Premier Cars,Thomas Martin,I7,Ev,Certified Pre-Owned,Finance,146685.12,Completed,2024,10,4,2024-10,2024-Q4,Ultra (>120K)
SAL-1591,2023-06-26,Alberta,Edmonton Premier Cars,Linda Moore,8 Series,Coupe,Certified Pre-Owned,Finance,128848.72,Completed,2023,6,2,2023-06,2023-Q2,Ultra (>120K)
SAL-1592,2023-03-02,Ontario,Downtown Auto Group,Mary Williams,7 Series,Sedan,Pre-Owned,Cash,124039.11,Completed,2023,3,1,2023-03,2023-Q1,Ultra (>120K)
SAL-1594,2023-04-20,Manitoba,Winnipeg Auto Centre,James Brown,8 Series,Coupe,Pre-Owned,Cash,117082.19,Completed,2023,4,2,2023-04,2023-Q2,Premium (90–120K)
SAL-1596,2023-11-04,Alberta,Edmonton Premier Cars,Michael Wilson,8 Series,Coupe,Certified Pre-Owned,Cash,132896.13,Completed,2023,11,4,2023-11,2023-Q4,Ultra (>120K)
SAL-1599,2023-09-04,Alberta,Rocky Mountain Motors,James Brown,7 Series,Sedan,Pre-Owned,Finance,116609.96,Completed,2023,9,3,2023-09,2023-Q3,Premium (90–120K)
SAL-1600,2024-10-03,Quebec,Montreal Auto Group,Daniel Robinson,8 Series,Coupe,New,Cash,139528.01,Completed,2024,10,4,2024-10,2024-Q4,Ultra (>120K)
SAL-1602,2023-09-13,Manitoba,Prairie Motors,Robert Johnson,5 Series,Sedan,Certified Pre-Owned,Cash,66078.28,Completed,2023,9,3,2023-09,2023-Q3,Mid (60–90K)
SAL-1603,2024-09-12,Manitoba,Prairie Motors,Charles Garcia,Ix,Ev,Certified Pre-Owned,Lease,87976.38,Completed,2024,9,3,2024-09,2024-Q3,Mid (60–90K)
SAL-1605,2023-09-30,Ontario,Oakville Premium,Linda Moore,I7,Ev,New,Cash,125699.56,Completed,2023,9,3,2023-09,2023-Q3,Ultra (>120K)
SAL-1606,2024-04-01,Manitoba,Prairie Motors,John Smith,7 Series,Sedan,New,Lease,115350.7,Completed,2024,4,2,2024-04,2024-Q2,Premium (90–120K)
SAL-1607,2023-02-22,British Columbia,Pacific Auto Centre,Charles Garcia,X5,Suv,Certified Pre-Owned,Lease,72603.8,Completed,2023,2,1,2023-02,2023-Q1,Mid (60–90K)
SAL-1610,2024-02-13,Manitoba,Winnipeg Auto Centre,David Taylor,7 Series,Sedan,Certified Pre-Owned,Lease,115736.22,Completed,2024,2,1,2024-02,2024-Q1,Premium (90–120K)
SAL-1611,2024-03-26,Alberta,Rocky Mountain Motors,Charles Garcia,X7,Suv,Certified Pre-Owned,Finance,108202.89,Completed,2024,3,1,2024-03,2024-Q1,Premium (90–120K)
SAL-1612,2023-11-24,Manitoba,Winnipeg Auto Centre,Sarah Thompson,Ix,Ev,Pre-Owned,Cash,98931.96,Completed,2023,11,4,2023-11,2023-Q4,Premium (90–120K)
SAL-1614,2024-02-06,Manitoba,Prairie Motors,Daniel Robinson,X5,Suv,Pre-Owned,Finance,75807.69,Completed,2024,2,1,2024-02,2024-Q1,Mid (60–90K)
SAL-1615,2024-03-09,Ontario,Lakeview Cars,Mary Williams,7 Series,Sedan,Certified Pre-Owned,Finance,111927.24,Completed,2024,3,1,2024-03,2024-Q1,Premium (90–120K)
SAL-1617,2024-09-11,Quebec,Montreal Auto Group,Jessica Harris,4 Series,Coupe,Pre-Owned,Lease,66901.86,Completed,2024,9,3,2024-09,2024-Q3,Mid (60–90K)
SAL-1618,2023-09-30,Alberta,Rocky Mountain Motors,Thomas Martin,I4,Ev,Pre-Owned,Finance,73864.39,Completed,2023,9,3,2023-09,2023-Q3,Mid (60–90K)
SAL-1620,2024-06-29,Manitoba,Winnipeg Auto Centre,Charles Garcia,8 Series,Coupe,New,Lease,129613.01,Completed,2024,6,2,2024-06,2024-Q2,Ultra (>120K)
SAL-1622,2023-07-29,Ontario,Northside Motors,Jessica Harris,4 Series,Coupe,New,Finance,57636.61,Completed,2023,7,3,2023-07,2023-Q3,Entry (<60K)
SAL-1625,2023-01-29,British Columbia,Westcoast Dealership,Daniel Robinson,8 Series,Coupe,Certified Pre-Owned,Finance,118506.06,Completed,2023,1,1,2023-01,2023-Q1,Premium (90–120K)
SAL-1629,2023-12-02,Manitoba,Prairie Motors,Richard Thomas,4 Series,Coupe,Pre-Owned,Finance,60898.98,Completed,2023,12,4,2023-12,2023-Q4,Mid (60–90K)
SAL-1632,2024-06-11,Quebec,Laval Premium Cars,Daniel Robinson,X3,Suv,Certified Pre-Owned,Finance,56585.46,Completed,2024,6,2,2024-06,2024-Q2,Entry (<60K)
SAL-1633,2024-06-27,Ontario,Lakeview Cars,Daniel Robinson,X5,Suv,Certified Pre-Owned,Cash,80058.1,Completed,2024,6,2,2024-06,2024-Q2,Mid (60–90K)
SAL-1634,2024-05-24,Alberta,Rocky Mountain Motors,Jessica Harris,Ix,Ev,New,Finance,96349.02,Completed,2024,5,2,2024-05,2024-Q2,Premium (90–120K)
SAL-1635,2024-05-16,Alberta,Edmonton Premier Cars,Thomas Martin,Ix,Ev,Certified Pre-Owned,Lease,98288.06,Completed,2024,5,2,2024-05,2024-Q2,Premium (90–120K)
SAL-1636,2024-09-15,Alberta,Calgary Auto Hub,John Smith,X7,Suv,Certified Pre-Owned,Cash,97669.36,Completed,2024,9,3,2024-09,2024-Q3,Premium (90–120K)
SAL-1638,2023-07-11,Ontario,Downtown Auto Group,Mary Williams,I4,Ev,New,Cash,67995.83,Completed,2023,7,3,2023-07,2023-Q3,Mid (60–90K)
SAL-1639,2024-02-15,Quebec,Laval Premium Cars,James Brown,Ix,Ev,Certified Pre-Owned,Lease,99249.36,Completed,2024,2,1,2024-02,2024-Q1,Premium (90–120K)
SAL-1640,2024-06-30,Ontario,Downtown Auto Group,Charles Garcia,8 Series,Coupe,Pre-Owned,Finance,125838.02,Completed,2024,6,2,2024-06,2024-Q2,Ultra (>120K)
SAL-1641,2024-12-29,Ontario,Oakville Premium,Sarah Thompson,Ix,Ev,Pre-Owned,Cash,97217.58,Completed,2024,12,4,2024-12,2024-Q4,Premium (90–120K)
SAL-1642,2024-04-01,Alberta,Edmonton Premier Cars,James Brown,5 Series,Sedan,Pre-Owned,Finance,71721.32,Completed,2024,4,2,2024-04,2024-Q2,Mid (60–90K)
SAL-1643,2023-02-24,British Columbia,Westcoast Dealership,Michael Wilson,3 Series,Sedan,Pre-Owned,Finance,52174.37,Completed,2023,2,1,2023-02,2023-Q1,Entry (<60K)
SAL-1644,2023-02-19,Quebec,Quebec City Motors,Thomas Martin,I7,Ev,Pre-Owned,Finance,137669.45,Completed,2023,2,1,2023-02,2023-Q1,Ultra (>120K)
SAL-1645,2024-07-24,Alberta,Calgary Auto Hub,Linda Moore,7 Series,Sedan,Pre-Owned,Finance,107439.89,Completed,2024,7,3,2024-07,2024-Q3,Premium (90–120K)
SAL-1648,2024-02-12,Manitoba,Winnipeg Auto Centre,Michael Wilson,Ix,Ev,New,Lease,96799.72,Completed,2024,2,1,2024-02,2024-Q1,Premium (90–120K)
SAL-1649,2024-07-05,British Columbia,Pacific Auto Centre,Joseph White,X7,Suv,Pre-Owned,Cash,106602.7,Completed,2024,7,3,2024-07,2024-Q3,Premium (90–120K)
SAL-1650,2024-02-01,Manitoba,Winnipeg Auto Centre,Linda Moore,7 Series,Sedan,New,Finance,118840.9,Completed,2024,2,1,2024-02,2024-Q1,Premium (90–120K)
SAL-1651,2024-10-01,British Columbia,Vancouver Motors,Linda Moore,X5,Suv,Certified Pre-Owned,Cash,78480.97,Completed,2024,10,4,2024-10,2024-Q4,Mid (60–90K)
SAL-1652,2024-04-30,Ontario,Downtown Auto Group,Charles Garcia,Ix,Ev,Certified Pre-Owned,Lease,89102.05,Completed,2024,4,2,2024-04,2024-Q2,Mid (60–90K)
SAL-1653,2023-09-26,Alberta,Edmonton Premier Cars,Jessica Harris,8 Series,Coupe,New,Lease,120262.25,Completed,2023,9,3,2023-09,2023-Q3,Ultra (>120K)
SAL-1654,2024-12-22,Quebec,Laval Premium Cars,Karen Martinez,X5,Suv,New,Cash,80067.23,Completed,2024,12,4,2024-12,2024-Q4,Mid (60–90K)
SAL-1658,2024-04-05,British Columbia,Westcoast Dealership,Patricia Davis,X7,Suv,Pre-Owned,Cash,98826.16,Completed,2024,4,2,2024-04,2024-Q2,Premium (90–120K)
SAL-1660,2023-05-05,Manitoba,Winnipeg Auto Centre,Jane Doe,X3,Suv,New,Cash,57510.04,Completed,2023,5,2,2023-05,2023-Q2,Entry (<60K)
SAL-1662,2023-01-12,Quebec,Laval Premium Cars,Karen Martinez,I4,Ev,New,Finance,72180.63,Completed,2023,1,1,2023-01,2023-Q1,Mid (60–90K)
SAL-1664,2023-11-19,Quebec,Laval Premium Cars,Barbara Anderson,X3,Suv,Certified Pre-Owned,Lease,60870.41,Completed,2023,11,4,2023-11,2023-Q4,Mid (60–90K)
SAL-1665,2024-02-18,British Columbia,Westcoast Dealership,Patricia Davis,5 Series,Sedan,New,Finance,73354.68,Completed,2024,2,1,2024-02,2024-Q1,Mid (60–90K)
SAL-1667,2024-12-26,Quebec,Quebec City Motors,Robert Johnson,4 Series,Coupe,Pre-Owned,Cash,62563.47,Completed,2024,12,4,2024-12,2024-Q4,Mid (60–90K)
SAL-1668,2023-02-12,Quebec,Laval Premium Cars,Charles Garcia,8 Series,Coupe,Pre-Owned,Cash,133611.9,Completed,2023,2,1,2023-02,2023-Q1,Ultra (>120K)
SAL-1670,2024-07-22,Ontario,Northside Motors,Charles Garcia,I7,Ev,Pre-Owned,Lease,141856.91,Completed,2024,7,3,2024-07,2024-Q3,Ultra (>120K)
SAL-1671,2023-02-01,Quebec,Laval Premium Cars,Susan Jackson,5 Series,Sedan,Pre-Owned,Finance,66701.18,Completed,2023,2,1,2023-02,2023-Q1,Mid (60–90K)
SAL-1672,2023-01-23,Quebec,Montreal Auto Group,Robert Johnson,X3,Suv,New,Finance,61507.6,Completed,2023,1,1,2023-01,2023-Q1,Mid (60–90K)
SAL-1674,2023-05-01,Quebec,Quebec City Motors,Thomas Martin,8 Series,Coupe,Certified Pre-Owned,Finance,131118.51,Completed,2023,5,2,2023-05,2023-Q2,Ultra (>120K)
SAL-1677,2023-05-16,Alberta,Rocky Mountain Motors,Mary Williams,8 Series,Coupe,Pre-Owned,Finance,116618.39,Completed,2023,5,2,2023-05,2023-Q2,Premium (90–120K)
SAL-1679,2024-12-22,Ontario,Downtown Auto Group,Richard Thomas,I4,Ev,Certified Pre-Owned,Finance,71650.95,Completed,2024,12,4,2024-12,2024-Q4,Mid (60–90K)
SAL-1680,2024-09-17,Quebec,Montreal Auto Group,Richard Thomas,X7,Suv,Pre-Owned,Finance,105181.6,Completed,2024,9,3,2024-09,2024-Q3,Premium (90–120K)
SAL-1681,2023-09-26,Manitoba,Winnipeg Auto Centre,Thomas Martin,X7,Suv,New,Cash,99488.35,Completed,2023,9,3,2023-09,2023-Q3,Premium (90–120K)
SAL-1682,2023-03-09,Manitoba,Prairie Motors,Jane Doe,5 Series,Sedan,Certified Pre-Owned,Lease,73174.64,Completed,2023,3,1,2023-03,2023-Q1,Mid (60–90K)
SAL-1685,2024-12-18,Ontario,Downtown Auto Group,Robert Johnson,Ix,Ev,Pre-Owned,Lease,90920.3,Completed,2024,12,4,2024-12,2024-Q4,Premium (90–120K)
SAL-1687,2023-04-01,Quebec,Montreal Auto Group,Lisa Clark,I7,Ev,Pre-Owned,Lease,144131.56,Completed,2023,4,2,2023-04,2023-Q2,Ultra (>120K)
SAL-1688,2023-03-14,Manitoba,Winnipeg Auto Centre,Jane Doe,X7,Suv,Certified Pre-Owned,Finance,101788.85,Completed,2023,3,1,2023-03,2023-Q1,Premium (90–120K)
SAL-1689,2024-04-24,Quebec,Montreal Auto Group,Barbara Anderson,X3,Suv,New,Lease,58986.03,Completed,2024,4,2,2024-04,2024-Q2,Entry (<60K)
SAL-1691,2024-07-08,Manitoba,Winnipeg Auto Centre,Charles Garcia,8 Series,Coupe,New,Lease,118496.77,Completed,2024,7,3,2024-07,2024-Q3,Premium (90–120K)
SAL-1694,2023-04-20,Ontario,Downtown Auto Group,Jane Doe,8 Series,Coupe,Certified Pre-Owned,Lease,117927.48,Completed,2023,4,2,2023-04,2023-Q2,Premium (90–120K)
SAL-1695,2024-04-18,British Columbia,Pacific Auto Centre,Charles Garcia,3 Series,Sedan,Certified Pre-Owned,Cash,50897.89,Completed,2024,4,2,2024-04,2024-Q2,Entry (<60K)
SAL-1696,2024-02-03,Alberta,Rocky Mountain Motors,Jane Doe,I7,Ev,Pre-Owned,Lease,125672.52,Completed,2024,2,1,2024-02,2024-Q1,Ultra (>120K)
SAL-1697,2024-12-16,Alberta,Calgary Auto Hub,Robert Johnson,8 Series,Coupe,Pre-Owned,Cash,121292.05,Completed,2024,12,4,2024-12,2024-Q4,Ultra (>120K)
SAL-1698,2023-01-11,Alberta,Rocky Mountain Motors,Patricia Davis,4 Series,Coupe,Certified Pre-Owned,Lease,58380.85,Completed,2023,1,1,2023-01,2023-Q1,Entry (<60K)
SAL-1700,2024-04-19,Quebec,Laval Premium Cars,Lisa Clark,X3,Suv,Pre-Owned,Cash,58459.63,Completed,2024,4,2,2024-04,2024-Q2,Entry (<60K)
SAL-1702,2023-10-12,British Columbia,Westcoast Dealership,Susan Jackson,3 Series,Sedan,New,Cash,54010.3,Completed,2023,10,4,2023-10,2023-Q4,Entry (<60K)
SAL-1703,2023-11-04,Alberta,Calgary Auto Hub,Lisa Clark,7 Series,Sedan,New,Cash,117114.29,Completed,2023,11,4,2023-11,2023-Q4,Premium (90–120K)
SAL-1704,2024-01-18,Manitoba,Prairie Motors,Daniel Robinson,4 Series,Coupe,Certified Pre-Owned,Cash,62060.93,Completed,2024,1,1,2024-01,2024-Q1,Mid (60–90K)
SAL-1706,2023-09-05,Quebec,Quebec City Motors,Sarah Thompson,7 Series,Sedan,Pre-Owned,Finance,107744.23,Completed,2023,9,3,2023-09,2023-Q3,Premium (90–120K)
SAL-1710,2023-12-05,British Columbia,Pacific Auto Centre,Mary Williams,X5,Suv,New,Cash,83868.24,Completed,2023,12,4,2023-12,2023-Q4,Mid (60–90K)
SAL-1711,2024-10-14,Ontario,Lakeview Cars,Karen Martinez,X3,Suv,Pre-Owned,Finance,57509.33,Completed,2024,10,4,2024-10,2024-Q4,Entry (<60K)
SAL-1712,2024-03-30,Ontario,Downtown Auto Group,Linda Moore,Ix,Ev,New,Lease,85543.07,Completed,2024,3,1,2024-03,2024-Q1,Mid (60–90K)
SAL-1714,2024-03-05,Quebec,Montreal Auto Group,Patricia Davis,X3,Suv,New,Lease,57626.95,Completed,2024,3,1,2024-03,2024-Q1,Entry (<60K)
SAL-1716,2023-07-13,British Columbia,Westcoast Dealership,Jessica Harris,3 Series,Sedan,Pre-Owned,Cash,56117.29,Completed,2023,7,3,2023-07,2023-Q3,Entry (<60K)
SAL-1717,2024-08-09,Ontario,Lakeview Cars,Sarah Thompson,7 Series,Sedan,Pre-Owned,Cash,106863.16,Completed,2024,8,3,2024-08,2024-Q3,Premium (90–120K)
SAL-1718,2024-01-16,Manitoba,Prairie Motors,Richard Thomas,X7,Suv,Pre-Owned,Lease,105182.97,Completed,2024,1,1,2024-01,2024-Q1,Premium (90–120K)
SAL-1721,2023-10-10,Manitoba,Prairie Motors,Richard Thomas,X7,Suv,Certified Pre-Owned,Cash,100969.59,Completed,2023,10,4,2023-10,2023-Q4,Premium (90–120K)
SAL-1722,2023-07-01,Quebec,Montreal Auto Group,Karen Martinez,3 Series,Sedan,New,Lease,48849.92,Completed,2023,7,3,2023-07,2023-Q3,Entry (<60K)
SAL-1724,2024-01-04,Manitoba,Winnipeg Auto Centre,Daniel Robinson,5 Series,Sedan,Pre-Owned,Lease,63659.38,Completed,2024,1,1,2024-01,2024-Q1,Mid (60–90K)
SAL-1725,2023-08-01,Ontario,Northside Motors,Jane Doe,7 Series,Sedan,Certified Pre-Owned,Lease,118535.77,Completed,2023,8,3,2023-08,2023-Q3,Premium (90–120K)
SAL-1726,2023-04-16,Quebec,Quebec City Motors,Linda Moore,X7,Suv,Certified Pre-Owned,Lease,94856.6,Completed,2023,4,2,2023-04,2023-Q2,Premium (90–120K)
SAL-1727,2024-02-21,Ontario,Oakville Premium,David Taylor,4 Series,Coupe,Certified Pre-Owned,Cash,62093.47,Completed,2024,2,1,2024-02,2024-Q1,Mid (60–90K)
SAL-1728,2024-04-15,Manitoba,Winnipeg Auto Centre,Susan Jackson,Ix,Ev,Certified Pre-Owned,Lease,99311.38,Completed,2024,4,2,2024-04,2024-Q2,Premium (90–120K)
SAL-1730,2023-09-27,Manitoba,Winnipeg Auto Centre,Linda Moore,3 Series,Sedan,Pre-Owned,Lease,52958.63,Completed,2023,9,3,2023-09,2023-Q3,Entry (<60K)
SAL-1731,2024-03-05,Manitoba,Winnipeg Auto Centre,Sarah Thompson,X3,Suv,New,Lease,56202.03,Completed,2024,3,1,2024-03,2024-Q1,Entry (<60K)
SAL-1732,2024-01-28,Quebec,Quebec City Motors,Linda Moore,I4,Ev,Pre-Owned,Finance,73427.28,Completed,2024,1,1,2024-01,2024-Q1,Mid (60–90K)
SAL-1734,2023-08-19,Alberta,Rocky Mountain Motors,Daniel Robinson,X7,Suv,Certified Pre-Owned,Finance,100793.68,Completed,2023,8,3,2023-08,2023-Q3,Premium (90–120K)
SAL-1735,2023-05-18,British Columbia,Pacific Auto Centre,Jessica Harris,X5,Suv,New,Cash,73391.27,Completed,2023,5,2,2023-05,2023-Q2,Mid (60–90K)
SAL-1737,2024-09-29,Manitoba,Prairie Motors,Jessica Harris,7 Series,Sedan,New,Lease,114076.04,Completed,2024,9,3,2024-09,2024-Q3,Premium (90–120K)
SAL-1738,2023-07-25,Manitoba,Prairie Motors,Karen Martinez,4 Series,Coupe,Certified Pre-Owned,Cash,58970.66,Completed,2023,7,3,2023-07,2023-Q3,Entry (<60K)
SAL-1739,2024-01-09,Quebec,Montreal Auto Group,Karen Martinez,4 Series,Coupe,New,Cash,60688.17,Completed,2024,1,1,2024-01,2024-Q1,Mid (60–90K)
SAL-1740,2024-01-10,British Columbia,Pacific Auto Centre,Charles Garcia,7 Series,Sedan,Certified Pre-Owned,Finance,113419.99,Completed,2024,1,1,2024-01,2024-Q1,Premium (90–120K)
SAL-1743,2023-08-02,Manitoba,Prairie Motors,David Taylor,5 Series,Sedan,New,Cash,70930.04,Completed,2023,8,3,2023-08,2023-Q3,Mid (60–90K)
SAL-1744,2023-12-16,Ontario,Lakeview Cars,Patricia Davis,4 Series,Coupe,Certified Pre-Owned,Lease,60006.9,Completed,2023,12,4,2023-12,2023-Q4,Mid (60–90K)
SAL-1745,2023-04-26,Quebec,Quebec City Motors,Linda Moore,I4,Ev,New,Finance,71034.09,Completed,2023,4,2,2023-04,2023-Q2,Mid (60–90K)
SAL-1746,2023-05-06,Ontario,Lakeview Cars,Barbara Anderson,X5,Suv,New,Lease,77767.18,Completed,2023,5,2,2023-05,2023-Q2,Mid (60–90K)
SAL-1747,2023-11-21,British Columbia,Vancouver Motors,Barbara Anderson,5 Series,Sedan,New,Lease,65907.25,Completed,2023,11,4,2023-11,2023-Q4,Mid (60–90K)
SAL-1748,2023-01-19,Quebec,Montreal Auto Group,John Smith,7 Series,Sedan,Pre-Owned,Lease,110580.56,Completed,2023,1,1,2023-01,2023-Q1,Premium (90–120K)
SAL-1751,2024-06-25,British Columbia,Westcoast Dealership,Jessica Harris,7 Series,Sedan,Certified Pre-Owned,Lease,115649.71,Completed,2024,6,2,2024-06,2024-Q2,Premium (90–120K)
SAL-1753,2024-07-03,Ontario,Lakeview Cars,Robert Johnson,X5,Suv,New,Finance,71911.27,Completed,2024,7,3,2024-07,2024-Q3,Mid (60–90K)
SAL-1754,2023-07-02,Ontario,Northside Motors,James Brown,I7,Ev,New,Finance,129409.95,Completed,2023,7,3,2023-07,2023-Q3,Ultra (>120K)
SAL-1755,2023-11-05,Ontario,Oakville Premium,Linda Moore,7 Series,Sedan,Pre-Owned,Lease,129943.88,Completed,2023,11,4,2023-11,2023-Q4,Ultra (>120K)
SAL-1759,2024-01-08,Manitoba,Winnipeg Auto Centre,Sarah Thompson,5 Series,Sedan,Pre-Owned,Lease,63753.93,Completed,2024,1,1,2024-01,2024-Q1,Mid (60–90K)
SAL-1761,2023-06-12,Manitoba,Prairie Motors,Michael Wilson,7 Series,Sedan,Certified Pre-Owned,Cash,116609.96,Completed,2023,6,2,2023-06,2023-Q2,Premium (90–120K)
SAL-1762,2024-11-25,Alberta,Rocky Mountain Motors,Karen Martinez,X7,Suv,Pre-Owned,Cash,113000.9,Completed,2024,11,4,2024-11,2024-Q4,Premium (90–120K)
SAL-1764,2023-06-15,British Columbia,Westcoast Dealership,Charles Garcia,X3,Suv,New,Lease,57890.88,Completed,2023,6,2,2023-06,2023-Q2,Entry (<60K)
SAL-1765,2024-11-11,Alberta,Rocky Mountain Motors,Patricia Davis,X7,Suv,New,Lease,101103.23,Completed,2024,11,4,2024-11,2024-Q4,Premium (90–120K)
SAL-1767,2024-12-01,Ontario,Downtown Auto Group,Sarah Thompson,8 Series,Coupe,Certified Pre-Owned,Cash,125838.02,Completed,2024,12,4,2024-12,2024-Q4,Ultra (>120K)
SAL-1768,2024-07-29,Manitoba,Prairie Motors,Richard Thomas,7 Series,Sedan,New,Cash,114558.73,Completed,2024,7,3,2024-07,2024-Q3,Premium (90–120K)
SAL-1770,2024-08-05,Ontario,Lakeview Cars,Robert Johnson,8 Series,Coupe,New,Lease,122889.53,Completed,2024,8,3,2024-08,2024-Q3,Ultra (>120K)
SAL-1771,2024-03-14,Ontario,Downtown Auto Group,David Taylor,8 Series,Coupe,New,Lease,124188.94,Completed,2024,3,1,2024-03,2024-Q1,Ultra (>120K)
SAL-1775,2023-06-18,Manitoba,Prairie Motors,Jessica Harris,X3,Suv,Certified Pre-Owned,Finance,60662.46,Completed,2023,6,2,2023-06,2023-Q2,Mid (60–90K)
SAL-1782,2024-12-08,British Columbia,Vancouver Motors,Jane Doe,8 Series,Coupe,Certified Pre-Owned,Finance,125838.02,Completed,2024,12,4,2024-12,2024-Q4,Ultra (>120K)
SAL-1784,2024-12-13,Ontario,Lakeview Cars,Joseph White,X7,Suv,New,Finance,109451.08,Completed,2024,12,4,2024-12,2024-Q4,Premium (90–120K)
SAL-1788,2023-09-22,British Columbia,Westcoast Dealership,David Taylor,X7,Suv,Pre-Owned,Finance,103859.4,Completed,2023,9,3,2023-09,2023-Q3,Premium (90–120K)
SAL-1791,2023-11-05,Quebec,Montreal Auto Group,Charles Garcia,Ix,Ev,Certified Pre-Owned,Cash,91193.01,Completed,2023,11,4,2023-11,2023-Q4,Premium (90–120K)
SAL-1792,2023-02-08,Quebec,Laval Premium Cars,Linda Moore,X3,Suv,New,Cash,60203.39,Completed,2023,2,1,2023-02,2023-Q1,Mid (60–90K)
SAL-1793,2023-02-25,Ontario,Northside Motors,John Smith,X7,Suv,New,Lease,102199.46,Completed,2023,2,1,2023-02,2023-Q1,Premium (90–120K)
SAL-1794,2024-06-25,Quebec,Quebec City Motors,Lisa Clark,Ix,Ev,Certified Pre-Owned,Cash,94652.95,Completed,2024,6,2,2024-06,2024-Q2,Premium (90–120K)
SAL-1795,2024-09-16,Ontario,Oakville Premium,Michael Wilson,7 Series,Sedan,New,Finance,106566.78,Completed,2024,9,3,2024-09,2024-Q3,Premium (90–120K)
SAL-1796,2023-03-16,Quebec,Quebec City Motors,Linda Moore,X3,Suv,Pre-Owned,Lease,54146.87,Completed,2023,3,1,2023-03,2023-Q1,Entry (<60K)
SAL-1797,2023-05-19,British Columbia,Vancouver Motors,Jane Doe,X7,Suv,New,Cash,105530.4,Completed,2023,5,2,2023-05,2023-Q2,Premium (90–120K)
SAL-1799,2024-07-19,Quebec,Laval Premium Cars,Richard Thomas,3 Series,Sedan,Pre-Owned,Lease,48432.86,Completed,2024,7,3,2024-07,2024-Q3,Entry (<60K)
SAL-1800,2024-11-09,Ontario,Northside Motors,Sarah Thompson,7 Series,Sedan,Certified Pre-Owned,Finance,111323.94,Completed,2024,11,4,2024-11,2024-Q4,Premium (90–120K)
SAL-1801,2023-08-22,British Columbia,Vancouver Motors,Karen Martinez,3 Series,Sedan,Certified Pre-Owned,Cash,55798.09,Completed,2023,8,3,2023-08,2023-Q3,Entry (<60K)
SAL-1802,2024-04-04,Quebec,Quebec City Motors,Richard Thomas,4 Series,Coupe,Pre-Owned,Cash,64356.08,Completed,2024,4,2,2024-04,2024-Q2,Mid (60–90K)
SAL-1803,2023-05-18,British Columbia,Pacific Auto Centre,Richard Thomas,X3,Suv,Certified Pre-Owned,Lease,56638.17,Completed,2023,5,2,2023-05,2023-Q2,Entry (<60K)
SAL-1804,2024-04-24,British Columbia,Pacific Auto Centre,Thomas Martin,8 Series,Coupe,New,Lease,120930.71,Completed,2024,4,2,2024-04,2024-Q2,Ultra (>120K)
SAL-1805,2024-05-04,Ontario,Oakville Premium,Lisa Clark,I4,Ev,Pre-Owned,Finance,70268.58,Completed,2024,5,2,2024-05,2024-Q2,Mid (60–90K)
SAL-1808,2023-06-16,Ontario,Downtown Auto Group,Patricia Davis,I7,Ev,Pre-Owned,Cash,128200.22,Completed,2023,6,2,2023-06,2023-Q2,Ultra (>120K)
SAL-1810,2024-01-31,Manitoba,Winnipeg Auto Centre,Susan Jackson,4 Series,Coupe,Pre-Owned,Lease,58016.08,Completed,2024,1,1,2024-01,2024-Q1,Entry (<60K)
SAL-1811,2024-06-01,Quebec,Laval Premium Cars,Robert Johnson,X5,Suv,New,Cash,80000.58,Completed,2024,6,2,2024-06,2024-Q2,Mid (60–90K)
SAL-1812,2023-10-16,Alberta,Edmonton Premier Cars,David Taylor,I7,Ev,Pre-Owned,Lease,147745.97,Completed,2023,10,4,2023-10,2023-Q4,Ultra (>120K)
SAL-1813,2023-04-13,Quebec,Laval Premium Cars,James Brown,3 Series,Sedan,New,Cash,50045.19,Completed,2023,4,2,2023-04,2023-Q2,Entry (<60K)
SAL-1815,2023-04-17,Ontario,Northside Motors,Daniel Robinson,X5,Suv,Pre-Owned,Lease,72785.5,Completed,2023,4,2,2023-04,2023-Q2,Mid (60–90K)
SAL-1816,2023-06-29,Ontario,Oakville Premium,James Brown,3 Series,Sedan,Certified Pre-Owned,Finance,55892.6,Completed,2023,6,2,2023-06,2023-Q2,Entry (<60K)
SAL-1818,2023-01-02,Quebec,Montreal Auto Group,Karen Martinez,X7,Suv,New,Cash,106393.72,Completed,2023,1,1,2023-01,2023-Q1,Premium (90–120K)
SAL-1819,2024-09-05,Ontario,Lakeview Cars,Daniel Robinson,I7,Ev,Certified Pre-Owned,Cash,137692.73,Completed,2024,9,3,2024-09,2024-Q3,Ultra (>120K)
SAL-1820,2024-12-01,Alberta,Rocky Mountain Motors,Susan Jackson,I7,Ev,New,Lease,139072.39,Completed,2024,12,4,2024-12,2024-Q4,Ultra (>120K)
SAL-1821,2024-10-11,Manitoba,Winnipeg Auto Centre,Michael Wilson,Ix,Ev,New,Lease,92051.1,Completed,2024,10,4,2024-10,2024-Q4,Premium (90–120K)
SAL-1822,2023-06-13,Quebec,Quebec City Motors,Susan Jackson,4 Series,Coupe,Pre-Owned,Cash,58244.15,Completed,2023,6,2,2023-06,2023-Q2,Entry (<60K)
SAL-1823,2024-10-31,Ontario,Northside Motors,Susan Jackson,X3,Suv,Pre-Owned,Lease,62020.69,Completed,2024,10,4,2024-10,2024-Q4,Mid (60–90K)
SAL-1825,2024-09-29,British Columbia,Westcoast Dealership,Barbara Anderson,I4,Ev,Pre-Owned,Cash,73657.78,Completed,2024,9,3,2024-09,2024-Q3,Mid (60–90K)
SAL-1826,2023-07-19,Manitoba,Winnipeg Auto Centre,Michael Wilson,4 Series,Coupe,Pre-Owned,Cash,62300.6,Completed,2023,7,3,2023-07,2023-Q3,Mid (60–90K)
SAL-1827,2023-06-10,Alberta,Rocky Mountain Motors,Robert Johnson,X7,Suv,Pre-Owned,Cash,94524.64,Completed,2023,6,2,2023-06,2023-Q2,Premium (90–120K)
SAL-1831,2024-10-15,Alberta,Rocky Mountain Motors,Joseph White,8 Series,Coupe,Certified Pre-Owned,Finance,141329.38,Completed,2024,10,4,2024-10,2024-Q4,Ultra (>120K)
SAL-1836,2023-01-03,Quebec,Montreal Auto Group,Jane Doe,X7,Suv,New,Finance,104553.73,Completed,2023,1,1,2023-01,2023-Q1,Premium (90–120K)
SAL-1837,2023-11-26,Quebec,Montreal Auto Group,Jane Doe,3 Series,Sedan,Certified Pre-Owned,Cash,51351.04,Completed,2023,11,4,2023-11,2023-Q4,Entry (<60K)
SAL-1839,2023-09-07,Quebec,Montreal Auto Group,Linda Moore,Ix,Ev,New,Lease,98301.39,Completed,2023,9,3,2023-09,2023-Q3,Premium (90–120K)
SAL-1840,2023-03-27,British Columbia,Pacific Auto Centre,Charles Garcia,Ix,Ev,Certified Pre-Owned,Lease,87946.34,Completed,2023,3,1,2023-03,2023-Q1,Mid (60–90K)
SAL-1841,2023-04-18,Quebec,Montreal Auto Group,Linda Moore,Ix,Ev,Certified Pre-Owned,Lease,90118.3,Completed,2023,4,2,2023-04,2023-Q2,Premium (90–120K)
SAL-1843,2024-05-03,British Columbia,Vancouver Motors,Richard Thomas,7 Series,Sedan,Pre-Owned,Lease,113885.05,Completed,2024,5,2,2024-05,2024-Q2,Premium (90–120K)
SAL-1847,2024-01-13,British Columbia,Westcoast Dealership,Joseph White,Ix,Ev,Pre-Owned,Finance,86428.5,Completed,2024,1,1,2024-01,2024-Q1,Mid (60–90K)
SAL-1849,2024-10-13,Manitoba,Prairie Motors,John Smith,I7,Ev,Certified Pre-Owned,Lease,150525.46,Completed,2024,10,4,2024-10,2024-Q4,Ultra (>120K)
SAL-1850,2024-09-24,Quebec,Quebec City Motors,Jessica Harris,I4,Ev,Certified Pre-Owned,Lease,73679.74,Completed,2024,9,3,2024-09,2024-Q3,Mid (60–90K)
SAL-1853,2024-02-13,Alberta,Edmonton Premier Cars,Daniel Robinson,4 Series,Coupe,Pre-Owned,Lease,65584.79,Completed,2024,2,1,2024-02,2024-Q1,Mid (60–90K)
SAL-1856,2024-01-03,Ontario,Northside Motors,Charles Garcia,8 Series,Coupe,New,Cash,120044.82,Completed,2024,1,1,2024-01,2024-Q1,Ultra (>120K)
SAL-1858,2023-01-15,Ontario,Lakeview Cars,James Brown,I4,Ev,Certified Pre-Owned,Finance,71545.42,Completed,2023,1,1,2023-01,2023-Q1,Mid (60–90K)
SAL-1859,2024-08-29,Quebec,Laval Premium Cars,Lisa Clark,I4,Ev,Certified Pre-Owned,Lease,73096.5,Completed,2024,8,3,2024-08,2024-Q3,Mid (60–90K)
SAL-1861,2024-02-29,Ontario,Downtown Auto Group,Jane Doe,I4,Ev,New,Cash,75184.67,Completed,2024,2,1,2024-02,2024-Q1,Mid (60–90K)
SAL-1862,2023-09-16,British Columbia,Vancouver Motors,James Brown,8 Series,Coupe,Pre-Owned,Lease,128123.24,Completed,2023,9,3,2023-09,2023-Q3,Ultra (>120K)
SAL-1863,2023-06-18,Quebec,Laval Premium Cars,Barbara Anderson,Ix,Ev,New,Finance,87251.75,Completed,2023,6,2,2023-06,2023-Q2,Mid (60–90K)
SAL-1864,2023-05-21,Alberta,Rocky Mountain Motors,Richard Thomas,Ix,Ev,Certified Pre-Owned,Cash,92662.8,Completed,2023,5,2,2023-05,2023-Q2,Premium (90–120K)
SAL-1865,2024-10-25,Alberta,Calgary Auto Hub,Barbara Anderson,X7,Suv,Certified Pre-Owned,Cash,115405.3,Completed,2024,10,4,2024-10,2024-Q4,Premium (90–120K)
SAL-1866,2024-09-03,Manitoba,Prairie Motors,Linda Moore,8 Series,Coupe,Pre-Owned,Finance,133747.76,Completed,2024,9,3,2024-09,2024-Q3,Ultra (>120K)
SAL-1867,2024-05-15,Manitoba,Winnipeg Auto Centre,Robert Johnson,4 Series,Coupe,New,Finance,57468.28,Completed,2024,5,2,2024-05,2024-Q2,Entry (<60K)
SAL-1868,2023-09-13,Manitoba,Winnipeg Auto Centre,Joseph White,7 Series,Sedan,New,Lease,108832.59,Completed,2023,9,3,2023-09,2023-Q3,Premium (90–120K)
SAL-1869,2024-04-19,Quebec,Montreal Auto Group,Sarah Thompson,X7,Suv,New,Finance,95989.81,Completed,2024,4,2,2024-04,2024-Q2,Premium (90–120K)
SAL-1873,2023-05-25,Alberta,Rocky Mountain Motors,Barbara Anderson,X5,Suv,Certified Pre-Owned,Lease,78073.04,Completed,2023,5,2,2023-05,2023-Q2,Mid (60–90K)
SAL-1874,2023-07-24,Alberta,Rocky Mountain Motors,David Taylor,8 Series,Coupe,Certified Pre-Owned,Lease,125838.02,Completed,2023,7,3,2023-07,2023-Q3,Ultra (>120K)
SAL-1875,2024-06-26,Ontario,Northside Motors,Michael Wilson,X3,Suv,Certified Pre-Owned,Cash,60160.4,Completed,2024,6,2,2024-06,2024-Q2,Mid (60–90K)
SAL-1876,2024-06-09,Manitoba,Winnipeg Auto Centre,Sarah Thompson,I4,Ev,Pre-Owned,Lease,72486.57,Completed,2024,6,2,2024-06,2024-Q2,Mid (60–90K)
SAL-1877,2023-01-10,British Columbia,Vancouver Motors,Barbara Anderson,I4,Ev,Pre-Owned,Finance,73040.81,Completed,2023,1,1,2023-01,2023-Q1,Mid (60–90K)
SAL-1878,2023-12-01,Quebec,Laval Premium Cars,Michael Wilson,8 Series,Coupe,Certified Pre-Owned,Lease,131425.57,Completed,2023,12,4,2023-12,2023-Q4,Ultra (>120K)
SAL-1879,2024-12-03,Ontario,Downtown Auto Group,Sarah Thompson,8 Series,Coupe,New,Finance,126998.52,Completed,2024,12,4,2024-12,2024-Q4,Ultra (>120K)
SAL-1880,2024-08-29,Quebec,Laval Premium Cars,Joseph White,I4,Ev,Pre-Owned,Cash,72749.05,Completed,2024,8,3,2024-08,2024-Q3,Mid (60–90K)
SAL-1882,2024-09-01,Ontario,Downtown Auto Group,Karen Martinez,7 Series,Sedan,Certified Pre-Owned,Finance,121869.14,Completed,2024,9,3,2024-09,2024-Q3,Ultra (>120K)
SAL-1885,2024-06-14,Quebec,Quebec City Motors,Mary Williams,4 Series,Coupe,Pre-Owned,Cash,58627.91,Completed,2024,6,2,2024-06,2024-Q2,Entry (<60K)
SAL-1888,2023-07-06,Quebec,Laval Premium Cars,Michael Wilson,3 Series,Sedan,Pre-Owned,Cash,49892.37,Completed,2023,7,3,2023-07,2023-Q3,Entry (<60K)
SAL-1889,2023-09-09,Manitoba,Winnipeg Auto Centre,Lisa Clark,7 Series,Sedan,Certified Pre-Owned,Lease,119166.9,Completed,2023,9,3,2023-09,2023-Q3,Premium (90–120K)
SAL-1890,2024-04-24,Ontario,Northside Motors,Daniel Robinson,5 Series,Sedan,New,Finance,73350.89,Completed,2024,4,2,2024-04,2024-Q2,Mid (60–90K)
SAL-1892,2024-11-20,Ontario,Lakeview Cars,Joseph White,X3,Suv,New,Lease,59940.16,Completed,2024,11,4,2024-11,2024-Q4,Entry (<60K)
SAL-1893,2024-04-30,Ontario,Northside Motors,Barbara Anderson,X7,Suv,New,Lease,106897.16,Completed,2024,4,2,2024-04,2024-Q2,Premium (90–120K)
SAL-1894,2024-05-29,Manitoba,Winnipeg Auto Centre,Mary Williams,4 Series,Coupe,New,Finance,59064.03,Completed,2024,5,2,2024-05,2024-Q2,Entry (<60K)
SAL-1896,2024-08-04,British Columbia,Westcoast Dealership,Linda Moore,8 Series,Coupe,New,Finance,129661.43,Completed,2024,8,3,2024-08,2024-Q3,Ultra (>120K)
SAL-1898,2024-05-14,Quebec,Quebec City Motors,Daniel Robinson,X7,Suv,New,Finance,96908.56,Completed,2024,5,2,2024-05,2024-Q2,Premium (90–120K)
SAL-1900,2023-01-05,Manitoba,Prairie Motors,Richard Thomas,Ix,Ev,New,Finance,96177.42,Completed,2023,1,1,2023-01,2023-Q1,Premium (90–120K)
SAL-1901,2023-04-18,Ontario,Oakville Premium,Lisa Clark,3 Series,Sedan,Pre-Owned,Finance,52451.16,Completed,2023,4,2,2023-04,2023-Q2,Entry (<60K)
SAL-1904,2024-08-15,Alberta,Edmonton Premier Cars,Linda Moore,7 Series,Sedan,Pre-Owned,Finance,106449.73,Completed,2024,8,3,2024-08,2024-Q3,Premium (90–120K)
SAL-1905,2023-09-24,Ontario,Oakville Premium,Lisa Clark,Ix,Ev,Pre-Owned,Lease,95617.2,Completed,2023,9,3,2023-09,2023-Q3,Premium (90–120K)
SAL-1906,2023-11-24,Alberta,Rocky Mountain Motors,Susan Jackson,Ix,Ev,New,Lease,92001.54,Completed,2023,11,4,2023-11,2023-Q4,Premium (90–120K)
SAL-1909,2024-10-29,British Columbia,Westcoast Dealership,Susan Jackson,Ix,Ev,Pre-Owned,Cash,93925.06,Completed,2024,10,4,2024-10,2024-Q4,Premium (90–120K)
SAL-1910,2023-01-09,Ontario,Lakeview Cars,Lisa Clark,3 Series,Sedan,New,Lease,49078.75,Completed,2023,1,1,2023-01,2023-Q1,Entry (<60K)
SAL-1911,2023-05-11,Quebec,Montreal Auto Group,Joseph White,X7,Suv,New,Finance,98827.46,Completed,2023,5,2,2023-05,2023-Q2,Premium (90–120K)
SAL-1912,2024-09-17,Ontario,Northside Motors,Jane Doe,X3,Suv,Pre-Owned,Lease,61495.32,Completed,2024,9,3,2024-09,2024-Q3,Mid (60–90K)
SAL-1913,2024-12-25,Alberta,Calgary Auto Hub,Sarah Thompson,3 Series,Sedan,Pre-Owned,Lease,58935.98,Completed,2024,12,4,2024-12,2024-Q4,Entry (<60K)
SAL-1914,2024-09-28,British Columbia,Westcoast Dealership,Sarah Thompson,3 Series,Sedan,Pre-Owned,Lease,50904.34,Completed,2024,9,3,2024-09,2024-Q3,Entry (<60K)
SAL-1916,2023-03-22,British Columbia,Pacific Auto Centre,Sarah Thompson,X5,Suv,Certified Pre-Owned,Cash,80771.45,Completed,2023,3,1,2023-03,2023-Q1,Mid (60–90K)
SAL-1917,2023-04-21,British Columbia,Pacific Auto Centre,Karen Martinez,I4,Ev,Pre-Owned,Cash,76448.98,Completed,2023,4,2,2023-04,2023-Q2,Mid (60–90K)
SAL-1919,2023-12-10,British Columbia,Pacific Auto Centre,Linda Moore,7 Series,Sedan,Certified Pre-Owned,Finance,118654.28,Completed,2023,12,4,2023-12,2023-Q4,Premium (90–120K)
SAL-1920,2024-04-21,Manitoba,Winnipeg Auto Centre,Sarah Thompson,5 Series,Sedan,Pre-Owned,Finance,67049.33,Completed,2024,4,2,2024-04,2024-Q2,Mid (60–90K)
SAL-1921,2023-08-10,Manitoba,Winnipeg Auto Centre,Lisa Clark,5 Series,Sedan,Certified Pre-Owned,Cash,70128.33,Completed,2023,8,3,2023-08,2023-Q3,Mid (60–90K)
SAL-1924,2023-01-07,British Columbia,Westcoast Dealership,Thomas Martin,5 Series,Sedan,Certified Pre-Owned,Finance,66427.76,Completed,2023,1,1,2023-01,2023-Q1,Mid (60–90K)
SAL-1926,2024-11-11,Manitoba,Prairie Motors,John Smith,3 Series,Sedan,Pre-Owned,Finance,51044.37,Completed,2024,11,4,2024-11,2024-Q4,Entry (<60K)
SAL-1927,2024-11-21,British Columbia,Vancouver Motors,Patricia Davis,3 Series,Sedan,Certified Pre-Owned,Lease,55370.54,Completed,2024,11,4,2024-11,2024-Q4,Entry (<60K)
SAL-1928,2023-11-04,Quebec,Montreal Auto Group,Karen Martinez,I7,Ev,New,Lease,141318.47,Completed,2023,11,4,2023-11,2023-Q4,Ultra (>120K)
SAL-1931,2023-08-08,Manitoba,Prairie Motors,Thomas Martin,I4,Ev,Certified Pre-Owned,Cash,72921.41,Completed,2023,8,3,2023-08,2023-Q3,Mid (60–90K)
SAL-1934,2023-11-30,British Columbia,Vancouver Motors,Linda Moore,X3,Suv,Certified Pre-Owned,Lease,61908.38,Completed,2023,11,4,2023-11,2023-Q4,Mid (60–90K)
SAL-1935,2024-08-10,Ontario,Northside Motors,Charles Garcia,3 Series,Sedan,Certified Pre-Owned,Finance,53468.21,Completed,2024,8,3,2024-08,2024-Q3,Entry (<60K)
SAL-1936,2024-05-18,British Columbia,Pacific Auto Centre,James Brown,X3,Suv,New,Finance,58382.86,Completed,2024,5,2,2024-05,2024-Q2,Entry (<60K)
SAL-1940,2023-01-10,Quebec,Laval Premium Cars,Karen Martinez,5 Series,Sedan,Pre-Owned,Finance,63398.39,Completed,2023,1,1,2023-01,2023-Q1,Mid (60–90K)
SAL-1941,2024-02-02,Manitoba,Prairie Motors,Linda Moore,Ix,Ev,New,Cash,85501.87,Completed,2024,2,1,2024-02,2024-Q1,Mid (60–90K)
SAL-1942,2024-03-20,Manitoba,Prairie Motors,Mary Williams,X3,Suv,New,Lease,56461.73,Completed,2024,3,1,2024-03,2024-Q1,Entry (<60K)
SAL-1943,2024-09-10,Ontario,Lakeview Cars,Karen Martinez,7 Series,Sedan,Pre-Owned,Finance,120242.1,Completed,2024,9,3,2024-09,2024-Q3,Ultra (>120K)
SAL-1944,2024-10-13,Alberta,Calgary Auto Hub,David Taylor,3 Series,Sedan,Pre-Owned,Cash,56414.3,Completed,2024,10,4,2024-10,2024-Q4,Entry (<60K)
SAL-1946,2023-02-24,Quebec,Quebec City Motors,Mary Williams,I4,Ev,New,Lease,72198.94,Completed,2023,2,1,2023-02,2023-Q1,Mid (60–90K)
SAL-1947,2024-06-03,British Columbia,Westcoast Dealership,James Brown,7 Series,Sedan,New,Lease,113899.66,Completed,2024,6,2,2024-06,2024-Q2,Premium (90–120K)
SAL-1948,2023-02-04,Ontario,Northside Motors,Charles Garcia,I4,Ev,Certified Pre-Owned,Lease,67938.65,Completed,2023,2,1,2023-02,2023-Q1,Mid (60–90K)
SAL-1949,2024-02-26,Quebec,Montreal Auto Group,Barbara Anderson,4 Series,Coupe,New,Cash,60295.67,Completed,2024,2,1,2024-02,2024-Q1,Mid (60–90K)
SAL-1950,2023-05-23,British Columbia,Westcoast Dealership,Karen Martinez,7 Series,Sedan,Pre-Owned,Finance,113785.96,Completed,2023,5,2,2023-05,2023-Q2,Premium (90–120K)
SAL-1952,2024-03-12,British Columbia,Pacific Auto Centre,Jessica Harris,5 Series,Sedan,New,Cash,64960.26,Completed,2024,3,1,2024-03,2024-Q1,Mid (60–90K)
SAL-1954,2024-05-24,Alberta,Rocky Mountain Motors,Jessica Harris,4 Series,Coupe,Certified Pre-Owned,Finance,64337.78,Completed,2024,5,2,2024-05,2024-Q2,Mid (60–90K)
SAL-1955,2023-02-17,Alberta,Edmonton Premier Cars,Barbara Anderson,I7,Ev,Pre-Owned,Cash,145764.31,Completed,2023,2,1,2023-02,2023-Q1,Ultra (>120K)
SAL-1956,2024-09-28,Alberta,Edmonton Premier Cars,Robert Johnson,3 Series,Sedan,Certified Pre-Owned,Cash,55603.5,Completed,2024,9,3,2024-09,2024-Q3,Entry (<60K)
SAL-1958,2023-04-14,Manitoba,Winnipeg Auto Centre,James Brown,X5,Suv,Certified Pre-Owned,Lease,77017.18,Completed,2023,4,2,2023-04,2023-Q2,Mid (60–90K)
SAL-1959,2024-12-16,Quebec,Laval Premium Cars,Joseph White,Ix,Ev,New,Cash,98704.76,Completed,2024,12,4,2024-12,2024-Q4,Premium (90–120K)
SAL-1963,2024-10-14,Ontario,Northside Motors,Jessica Harris,5 Series,Sedan,Certified Pre-Owned,Lease,75281.9,Completed,2024,10,4,2024-10,2024-Q4,Mid (60–90K)
SAL-1965,2023-01-03,Manitoba,Winnipeg Auto Centre,Jessica Harris,I4,Ev,New,Finance,72827.97,Completed,2023,1,1,2023-01,2023-Q1,Mid (60–90K)
SAL-1967,2023-02-14,Ontario,Lakeview Cars,Patricia Davis,3 Series,Sedan,New,Cash,49374.84,Completed,2023,2,1,2023-02,2023-Q1,Entry (<60K)
SAL-1969,2024-12-31,British Columbia,Vancouver Motors,Charles Garcia,X3,Suv,Certified Pre-Owned,Cash,59287.48,Completed,2024,12,4,2024-12,2024-Q4,Entry (<60K)
SAL-1970,2023-04-02,Ontario,Oakville Premium,David Taylor,3 Series,Sedan,New,Cash,48057.96,Completed,2023,4,2,2023-04,2023-Q2,Entry (<60K)
SAL-1972,2024-06-03,Quebec,Montreal Auto Group,David Taylor,4 Series,Coupe,New,Lease,65290.43,Completed,2024,6,2,2024-06,2024-Q2,Mid (60–90K)
SAL-1973,2023-05-04,Alberta,Edmonton Premier Cars,Robert Johnson,7 Series,Sedan,New,Finance,110824.5,Completed,2023,5,2,2023-05,2023-Q2,Premium (90–120K)
SAL-1974,2024-06-25,Ontario,Oakville Premium,Thomas Martin,X7,Suv,Pre-Owned,Lease,102295.05,Completed,2024,6,2,2024-06,2024-Q2,Premium (90–120K)
SAL-1976,2024-09-02,British Columbia,Pacific Auto Centre,Daniel Robinson,X7,Suv,Pre-Owned,Finance,109191.89,Completed,2024,9,3,2024-09,2024-Q3,Premium (90–120K)
SAL-1977,2024-04-03,Quebec,Quebec City Motors,Jessica Harris,X3,Suv,Pre-Owned,Cash,55766.27,Completed,2024,4,2,2024-04,2024-Q2,Entry (<60K)
SAL-1978,2024-05-27,Manitoba,Prairie Motors,Jane Doe,8 Series,Coupe,New,Cash,123593.14,Completed,2024,5,2,2024-05,2024-Q2,Ultra (>120K)
SAL-1979,2023-06-16,British Columbia,Pacific Auto Centre,Mary Williams,I4,Ev,Certified Pre-Owned,Lease,76293.85,Completed,2023,6,2,2023-06,2023-Q2,Mid (60–90K)
SAL-1980,2023-09-23,Quebec,Laval Premium Cars,Joseph White,8 Series,Coupe,Pre-Owned,Finance,131838.67,Completed,2023,9,3,2023-09,2023-Q3,Ultra (>120K)
SAL-1981,2024-08-14,Ontario,Oakville Premium,Susan Jackson,3 Series,Sedan,Pre-Owned,Lease,49388.36,Completed,2024,8,3,2024-08,2024-Q3,Entry (<60K)
SAL-1982,2023-03-16,Quebec,Quebec City Motors,John Smith,X5,Suv,Certified Pre-Owned,Cash,81776.99,Completed,2023,3,1,2023-03,2023-Q1,Mid (60–90K)
SAL-1983,2023-08-05,Manitoba,Prairie Motors,Mary Williams,X5,Suv,Pre-Owned,Lease,77478.17,Completed,2023,8,3,2023-08,2023-Q3,Mid (60–90K)
SAL-1987,2023-05-02,Ontario,Downtown Auto Group,David Taylor,4 Series,Coupe,Certified Pre-Owned,Finance,64261.16,Completed,2023,5,2,2023-05,2023-Q2,Mid (60–90K)
SAL-1988,2024-04-28,Manitoba,Prairie Motors,Linda Moore,5 Series,Sedan,Pre-Owned,Finance,67961.5,Completed,2024,4,2,2024-04,2024-Q2,Mid (60–90K)
SAL-1993,2023-04-11,British Columbia,Vancouver Motors,Sarah Thompson,3 Series,Sedan,Certified Pre-Owned,Finance,52917.07,Completed,2023,4,2,2023-04,2023-Q2,Entry (<60K)
SAL-1995,2024-04-06,Quebec,Laval Premium Cars,Patricia Davis,I4,Ev,Pre-Owned,Lease,74895.84,Completed,2024,4,2,2024-04,2024-Q2,Mid (60–90K)
SAL-1996,2024-01-22,British Columbia,Pacific Auto Centre,Michael Wilson,I7,Ev,New,Finance,138390.23,Completed,2024,1,1,2024-01,2024-Q1,Ultra (>120K)
SAL-1997,2024-03-03,British Columbia,Westcoast Dealership,James Brown,Ix,Ev,Certified Pre-Owned,Lease,98721.37,Completed,2024,3,1,2024-03,2024-Q1,Premium (90–120K)
