sale_id,sale_date,region,dealer,customer_name,model,category,sale_type,finance_type,sale_price,status
SAL-0001,2023-08-17,Ontario,Downtown Auto Group,james BROWN,4 Series,Coupe,Pre-Owned,Cash,60755.44,Cancelled
SAL-0002,2023-07-23,British Columbia,Pacific Auto Centre,Karen Martinez,7 Series,Sedan,Certified Pre-Owned,FINANCE,123293.14,Pending
SAL-0003,2023-10-12,British Columbia,Westcoast Dealership,james BROWN,iX,EV,New,Finance,100185.7,Completed
SAL-0004,2024-04-15,Manitoba,Prairie Motors,Karen Martinez,7 Series,Sedan,New,Finance,116815.32,Completed
SAL-0005,2023-03-13,Alberta,Rocky Mountain Motors,jane doe,X7,SUV,Pre-Owned,Cash,96386.22,Completed
SAL-0006,2024-01-09,Quebec,Quebec City Motors,Patricia Davis,i7,EV,Certified Pre-Owned,Finance,127569.48,Completed
SAL-0007,2024-04-18,Ontario,Northside Motors,Joseph White,X3,SUV,Certified Pre-Owned,Lease,53899.02,Cancelled
SAL-0008,2024-02-15,Ontario,Northside Motors,David Taylor,5 Series,Sedan,New,Cash,71984.0,Cancelled
SAL-0009,2023-09-29,Quebec,Laval Premium Cars,james BROWN,i4,EV,New,Lease,73164.84,Cancelled
SAL-0010,2023-05-22,Manitoba,Prairie Motors,charles garcia,4 Series,Coupe,Certified Pre-Owned,Cash,64064.08,Completed
SAL-0011,2024-01-26,Quebec,Laval Premium Cars,LISA CLARK,5 Series,Sedan,Certified Pre-Owned,Lease,62783.96,Completed
SAL-0012,2023-10-28,Ontario,Lakeview Cars,JESSICA HARRIS,4 Series,Coupe,New,Finance,69994.58,Completed
SAL-0013,2023-11-02,Manitoba,Winnipeg Auto Centre,charles garcia,7 Series,Sedan,Pre-Owned,Cash,127172.79,Completed
SAL-0014,2023-01-20,Manitoba,Winnipeg Auto Centre,MARY WILLIAMS,8 Series,Coupe,Certified Pre-Owned,Finance,119246.78,Completed
SAL-0015,2023-05-09,Ontario,Oakville Premium,james BROWN,7 Series,Sedan,Pre-Owned,Finance,109145.58,Cancelled
SAL-0016,2023-11-16,British Columbia,Westcoast Dealership,Joseph White,X7,SUV,Pre-Owned,Lease,101674.82,Completed
SAL-0017,2024-08-25,British Columbia,Pacific Auto Centre,Karen Martinez,4 Series,Coupe,New,Lease,,Completed
SAL-0018,2024-06-10,Ontario,Downtown Auto Group,LINDA MOORE,4 Series,Coupe,Certified Pre-Owned,Lease,62245.58,Pending
SAL-0019,2024-02-21,Manitoba,Prairie Motors,michael Wilson,X5,SUV,New,Cash,77150.67,Pending
SAL-0020,2023-12-14,Ontario,Downtown Auto Group,MARY WILLIAMS,5 Series,Sedan,New,Cash,69015.0,Completed
SAL-0021,2024-07-17,Quebec,Montreal Auto Group,MARY WILLIAMS,5 Series,Sedan,New,Lease,69216.96,Cancelled
SAL-0022,2024-05-07,British Columbia,Pacific Auto Centre,michael Wilson,iX,EV,Certified Pre-Owned,Cash,86693.35,Completed
SAL-0023,2024-07-23,Quebec,Quebec City Motors,SARAH THOMPSON,i7,EV,New,Cash,130510.32,Completed
SAL-0024,2024-08-21,Ontario,Lakeview Cars,SARAH THOMPSON,3 Series,Sedan,Pre-Owned,Lease,50888.13,Completed
SAL-0025,2023-05-03,Ontario,Downtown Auto Group,Daniel Robinson,X5,SUV,New,Lease,,Cancelled
SAL-0026,2024-11-16,Manitoba,Prairie Motors,Richard Thomas,4 Series,Coupe,New,Finance,68070.39,Pending
SAL-0027,2024-07-30,Ontario,Downtown Auto Group,MARY WILLIAMS,i7,EV,New,Lease,128512.95,Completed
SAL-0028,2023-06-11,Ontario,Northside Motors,Thomas Martin,8 Series,Coupe,Pre-Owned,Lease,125284.69,Completed
SAL-0029,2023-09-28,Ontario,Lakeview Cars,MARY WILLIAMS,3 Series,Sedan,New,Lease,52768.89,Cancelled
SAL-0030,2023-09-15,Alberta,Calgary Auto Hub,jane doe,8 Series,Coupe,New,Lease,115929.01,Pending
SAL-0031,2024-03-28,British Columbia,Westcoast Dealership,Karen Martinez,4 Series,Coupe,Pre-Owned,Finance,,Cancelled
SAL-0032,2024-08-19,British Columbia,Westcoast Dealership,Karen Martinez,5 Series,Sedan,New,Finance,64415.3,Completed
SAL-0033,2023-09-13,Ontario,Lakeview Cars,MARY WILLIAMS,X7,SUV,Certified Pre-Owned,Lease,94901.64,Pending
SAL-0034,2023-01-26,British Columbia,Pacific Auto Centre,Patricia Davis,X5,SUV,Pre-Owned,Finance,83602.09,Pending
SAL-0035,2023-02-09,Alberta,Calgary Auto Hub,SARAH THOMPSON,5 Series,Sedan,New,Cash,73066.08,Pending
SAL-0036,2023-12-03,British Columbia,Pacific Auto Centre,David Taylor,X5,SUV,New,Finance,85941.24,Completed
SAL-0037,2023-09-25,Manitoba,Prairie Motors,Patricia Davis,3 Series,Sedan,Pre-Owned,Finance,50374.39,Completed
SAL-0038,2024-08-13,Alberta,Edmonton Premier Cars,michael Wilson,5 Series,Sedan,Certified Pre-Owned,Cash,,Pending
SAL-0039,2024-11-11,British Columbia,Vancouver Motors,Richard Thomas,i4,EV,Pre-Owned,Finance,77828.48,Completed
SAL-0040,2023-10-30,Quebec,Quebec City Motors,Karen Martinez,i7,EV,New,Cash,140392.66,Pending
SAL-0041,2024-07-15,British Columbia,Westcoast Dealership,JOHN SMITH,8 Series,Coupe,Certified Pre-Owned,Finance,117440.76,Completed
SAL-0042,2023-08-07,Quebec,Quebec City Motors,charles garcia,i7,EV,Certified Pre-Owned,Lease,134895.82,Completed
SAL-0043,2024-11-19,Manitoba,Prairie Motors,barbara Anderson,3 Series,Sedan,New,Cash,,Completed
SAL-0044,2024-08-12,Ontario,Oakville Premium,michael Wilson,i7,EV,Pre-Owned,Lease,143841.32,Pending
SAL-0045,2023-06-30,Ontario,Downtown Auto Group,charles garcia,i4,EV,Certified Pre-Owned,Cash,69221.15,Cancelled
SAL-0046,2024-09-19,Quebec,Laval Premium Cars,charles garcia,8 Series,Coupe,Certified Pre-Owned,Lease,128250.45,Pending
SAL-0047,2024-10-03,Alberta,Calgary Auto Hub,LINDA MOORE,8 Series,Coupe,Certified Pre-Owned,Finance,127295.93,Completed
SAL-0048,2023-08-25,Manitoba,Winnipeg Auto Centre,Joseph White,X3,SUV,Pre-Owned,Cash,58186.23,Completed
SAL-0049,2024-02-03,Quebec,Montreal Auto Group,Daniel Robinson,X5,SUV,Pre-Owned,Cash,78582.94,  completed 
SAL-0050,2023-08-13,Quebec,Quebec City Motors,David Taylor,X5,SUV,Certified Pre-Owned,Finance,74066.98,Completed
SAL-0051,2024-06-30,British Columbia,Vancouver Motors,JOHN SMITH,X7,SUV,Certified Pre-Owned,Lease,109663.62,Cancelled
SAL-0052,2024-01-24,Quebec,Montreal Auto Group,Richard Thomas,5 Series,Sedan,New,Finance,70993.45,Completed
SAL-0053,2023-01-20,Quebec,Quebec City Motors,Karen Martinez,5 Series,Sedan,New,Finance,72781.75,Completed
SAL-0054,2024-09-28,Ontario,Northside Motors,james BROWN,X3,SUV,New,Cash,61664.0,Pending
SAL-0055,2024-09-13,Alberta,Edmonton Premier Cars,MARY WILLIAMS,X7,SUV,New,Finance,103597.73,Completed
SAL-0056,2024-08-29,Quebec,Quebec City Motors,LINDA MOORE,X3,SUV,New,Lease,61914.99,Completed
SAL-0057,2024-11-08,Manitoba,Winnipeg Auto Centre,Susan Jackson,8 Series,Coupe,New,Lease,,Completed
SAL-0058,2023-06-06,Quebec,Quebec City Motors,JESSICA HARRIS,i7,EV,New,Lease,128433.23,Cancelled
SAL-0059,2024-08-29,Manitoba,Prairie Motors,David Taylor,iX,EV,Certified Pre-Owned,Cash,85305.75,Completed
SAL-0060,2024-05-21,Manitoba,Prairie Motors,Richard Thomas,4 Series,Coupe,New,Finance,60267.28,Completed
SAL-0061,2023-07-15,Manitoba,Prairie Motors,Robert Johnson,7 Series,Sedan,New,Lease,112951.66,Pending
SAL-0062,2023-10-29,Quebec,Quebec City Motors,LINDA MOORE,3 Series,Sedan,Certified Pre-Owned,Lease,52602.51,Completed
SAL-0063,2024-07-17,Manitoba,Prairie Motors,Richard Thomas,i7,EV,Certified Pre-Owned,Lease,142100.73,Pending
SAL-0064,2024-07-02,British Columbia,Vancouver Motors,Patricia Davis,7 Series,Sedan,New,Cash,112364.26,Pending
SAL-0065,2023-10-31,Manitoba,Prairie Motors,LINDA MOORE,3 Series,Sedan,Certified Pre-Owned,Cash,,Completed
SAL-0066,2024-05-17,Ontario,Lakeview Cars,MARY WILLIAMS,X7,SUV,New,Lease,102696.8,Completed
SAL-0067,2023-03-08,Ontario,Lakeview Cars,Joseph White,i4,EV,Certified Pre-Owned,Cash,67863.45,Cancelled
SAL-0068,2023-05-02,Manitoba,Prairie Motors,Karen Martinez,3 Series,Sedan,Certified Pre-Owned,Lease,54514.28,Cancelled
SAL-0069,2023-11-09,Quebec,Quebec City Motors,Daniel Robinson,8 Series,Coupe,Pre-Owned,Cash,122315.56,Cancelled
SAL-0070,2023-09-03,British Columbia,Vancouver Motors,Patricia Davis,3 Series,Sedan,Pre-Owned,Cash,,Completed
SAL-0071,2024-12-24,Alberta,Calgary Auto Hub,barbara Anderson,X5,SUV,Pre-Owned,Finance,85467.5,Completed
SAL-0072,2024-07-11,Manitoba,Winnipeg Auto Centre,LINDA MOORE,i4,EV,Pre-Owned,Cash,68529.2,Completed
SAL-0073,2023-05-08,Alberta,Rocky Mountain Motors,Thomas Martin,8 Series,Coupe,Pre-Owned,Finance,115110.44,Pending
SAL-0074,2023-11-27,Ontario,Downtown Auto Group,LISA CLARK,i7,EV,Certified Pre-Owned,Cash,148904.67,Completed
SAL-0075,2023-06-29,Manitoba,Winnipeg Auto Centre,SARAH THOMPSON,4 Series,Coupe,Pre-Owned,Lease,64052.02,Pending
SAL-0076,2024-02-23,Quebec,Montreal Auto Group,Richard Thomas,iX,EV,Certified Pre-Owned,Lease,95370.99,Completed
SAL-0077,2023-02-07,Alberta,Rocky Mountain Motors,Thomas Martin,i7,EV,New,Finance,140859.44,Completed
SAL-0078,2023-02-25,Manitoba,Winnipeg Auto Centre,michael Wilson,iX,EV,Pre-Owned,Finance,85729.94,Cancelled
SAL-0079,2024-03-24,British Columbia,Vancouver Motors,SARAH THOMPSON,X5,SUV,New,Cash,76233.65,Cancelled
SAL-0080,2023-04-27,Ontario,Oakville Premium,Thomas Martin,3 Series,Sedan,New,Lease,48804.03,Completed
SAL-0081,2023-09-07,Alberta,Edmonton Premier Cars,Thomas Martin,iX,EV,Pre-Owned,Cash,97344.88,Pending
SAL-0082,2023-12-15,British Columbia,Pacific Auto Centre,charles garcia,8 Series,Coupe,Certified Pre-Owned,Cash,133839.26,Completed
SAL-0083,2024-05-10,Quebec,Montreal Auto Group,Susan Jackson,i7,EV,Certified Pre-Owned,Lease,131347.4,Cancelled
SAL-0084,2024-02-25,British Columbia,Westcoast Dealership,jane doe,i4,EV,Certified Pre-Owned,Lease,66972.19,Pending
SAL-0085,2024-05-29,British Columbia,Vancouver Motors,Daniel Robinson,3 Series,Sedan,Certified Pre-Owned,Cash,50427.37,Pending
SAL-0086,2024-04-25,British Columbia,Vancouver Motors,David Taylor,X3,SUV,Certified Pre-Owned,Lease,56377.7,Pending
SAL-0087,2024-07-08,Manitoba,Prairie Motors,jane doe,8 Series,Coupe,Pre-Owned,Cash,129592.12,Completed
SAL-0088,2024-12-21,Ontario,Oakville Premium,MARY WILLIAMS,7 Series,Sedan,Certified Pre-Owned,Cash,123407.61,Completed
SAL-0089,2023-05-30,Alberta,Edmonton Premier Cars,LINDA MOORE,8 Series,Coupe,Pre-Owned,Finance,132744.25,Cancelled
SAL-0090,2024-08-20,Manitoba,Prairie Motors,james BROWN,X5,SUV,New,Finance,77653.24,Completed
SAL-0091,2024-03-28,Quebec,Quebec City Motors,Susan Jackson,X3,SUV,Pre-Owned,Finance,54469.83,Pending
SAL-0092,2024-01-26,Quebec,Quebec City Motors,Daniel Robinson,3 Series,Sedan,Certified Pre-Owned,Lease,53774.2,Completed
SAL-0093,2024-12-03,Quebec,Quebec City Motors,jane doe,7 Series,Sedan,Pre-Owned,Lease,125788.37,Pending
SAL-0094,2024-10-13,British Columbia,Westcoast Dealership,michael Wilson,4 Series,Coupe,Pre-Owned,Finance,65738.26,Completed
SAL-0095,2024-01-09,Alberta,Edmonton Premier Cars,james BROWN,7 Series,Sedan,New,Finance,119985.8,Completed
SAL-0096,2023-09-21,Manitoba,Prairie Motors,SARAH THOMPSON,4 Series,Coupe,Certified Pre-Owned,Lease,61938.45,Completed
SAL-0097,2024-01-10,British Columbia,Westcoast Dealership,Robert Johnson,i7,EV,Certified Pre-Owned,Cash,135491.03,Completed
SAL-0098,2024-01-16,Alberta,Rocky Mountain Motors,MARY WILLIAMS,i7,EV,Pre-Owned,Cash,,Pending
SAL-0099,2024-04-20,Manitoba,Winnipeg Auto Centre,barbara Anderson,7 Series,Sedan,Pre-Owned,Finance,106267.71,Completed
SAL-0100,2024-07-04,Quebec,Montreal Auto Group,james BROWN,3 Series,Sedan,Certified Pre-Owned,Finance,48737.66,Completed
SAL-0101,2024-11-01,Quebec,Laval Premium Cars,MARY WILLIAMS,X5,SUV,Certified Pre-Owned,Lease,75759.85,Pending
SAL-0102,2024-01-07,British Columbia,Vancouver Motors,MARY WILLIAMS,i4,EV,Pre-Owned,Finance,73571.45,Cancelled
SAL-0103,2023-04-04,Alberta,Calgary Auto Hub,michael Wilson,5 Series,Sedan,Pre-Owned,Lease,65980.19,Cancelled
SAL-0104,2024-07-21,British Columbia,Westcoast Dealership,michael Wilson,X3,SUV,Pre-Owned,Cash,58079.54,Completed
SAL-0105,2024-07-07,Ontario,Lakeview Cars,David Taylor,X3,SUV,New,Cash,61782.22,Completed
SAL-0106,2023-09-29,Manitoba,Prairie Motors,jane doe,3 Series,Sedan,New,Lease,49914.11,Pending
SAL-0107,2024-05-30,Alberta,Rocky Mountain Motors,LINDA MOORE,5 Series,Sedan,Pre-Owned,Cash,67024.97,Cancelled
SAL-0108,2023-04-21,Quebec,Quebec City Motors,SARAH THOMPSON,i7,EV,Pre-Owned,Finance,140519.9,Completed
SAL-0109,2024-09-03,British Columbia,Vancouver Motors,charles garcia,8 Series,Coupe,Certified Pre-Owned,Finance,119575.96,Cancelled
SAL-0110,2023-08-22,Manitoba,Winnipeg Auto Centre,JESSICA HARRIS,iX,EV,Certified Pre-Owned,Finance,85773.14,Pending
SAL-0111,2024-04-30,Alberta,Edmonton Premier Cars,Robert Johnson,X7,SUV,New,Cash,98568.74,Completed
SAL-0112,2024-07-29,British Columbia,Westcoast Dealership,Karen Martinez,7 Series,Sedan,Certified Pre-Owned,Lease,108766.47,Completed
SAL-0113,2024-09-06,Quebec,Laval Premium Cars,barbara Anderson,5 Series,Sedan,Certified Pre-Owned,Cash,72675.11,Cancelled
SAL-0114,2023-10-13,Ontario,Lakeview Cars,Daniel Robinson,4 Series,Coupe,New,Finance,68309.38,Cancelled
SAL-0115,2023-07-04,Manitoba,Winnipeg Auto Centre,David Taylor,4 Series,Coupe,Pre-Owned,Finance,63323.37,Completed
SAL-0116,2024-10-10,Quebec,Montreal Auto Group,JOHN SMITH,X7,SUV,New,Lease,113465.35,Cancelled
SAL-0117,2023-02-23,Alberta,Edmonton Premier Cars,james BROWN,4 Series,Coupe,New,Lease,65012.43,Completed
SAL-0118,2023-10-07,Quebec,Laval Premium Cars,michael Wilson,iX,EV,Pre-Owned,Cash,91755.63,Completed
SAL-0119,2023-08-14,Quebec,Laval Premium Cars,Joseph White,4 Series,Coupe,Pre-Owned,Cash,65894.19,Completed
SAL-0120,2023-01-08,Alberta,Edmonton Premier Cars,SARAH THOMPSON,4 Series,Coupe,Pre-Owned,Finance,62390.28,Completed
SAL-0121,2023-02-13,Manitoba,Prairie Motors,JESSICA HARRIS,5 Series,Sedan,New,Finance,71344.95,Completed
SAL-0122,2023-01-22,Quebec,Quebec City Motors,Richard Thomas,5 Series,Sedan,New,Lease,72309.47,Pending
SAL-0123,2024-02-15,Ontario,Northside Motors,charles garcia,i7,EV,New,Finance,131068.88,Completed
SAL-0124,2023-12-26,Ontario,Downtown Auto Group,james BROWN,X5,SUV,New,Cash,76790.12,Completed
SAL-0125,2024-07-31,Ontario,Northside Motors,Daniel Robinson,iX,EV,Certified Pre-Owned,Lease,87995.21,Cancelled
SAL-0126,2024-04-25,Alberta,Calgary Auto Hub,Thomas Martin,i4,EV,Pre-Owned,Finance,71160.28,Completed
SAL-0127,2024-01-13,Quebec,Quebec City Motors,barbara Anderson,3 Series,Sedan,New,Lease,54645.88,Completed
SAL-0128,2024-10-29,Manitoba,Winnipeg Auto Centre,michael Wilson,i7,EV,Certified Pre-Owned,Lease,149931.37,Pending
SAL-0129,2024-10-23,Alberta,Rocky Mountain Motors,Patricia Davis,7 Series,Sedan,New,Cash,111224.32,Pending
SAL-0130,2024-02-23,Alberta,Edmonton Premier Cars,Richard Thomas,8 Series,Coupe,Pre-Owned,Lease,125214.95,Completed
SAL-0131,2024-11-03,Ontario,Oakville Premium,LISA CLARK,8 Series,Coupe,New,Finance,129515.63,Completed
SAL-0132,2024-07-26,Quebec,Montreal Auto Group,Joseph White,5 Series,Sedan,Pre-Owned,Finance,64976.53,Completed
SAL-0133,2024-01-06,Manitoba,Winnipeg Auto Centre,JOHN SMITH,i7,EV,Certified Pre-Owned,Finance,126789.09,Completed
SAL-0134,2023-03-21,British Columbia,Pacific Auto Centre,barbara Anderson,X3,SUV,New,Lease,56493.07,Cancelled
SAL-0135,2024-01-21,Alberta,Rocky Mountain Motors,james BROWN,X7,SUV,New,Cash,109228.29,Cancelled
SAL-0136,2024-09-17,Quebec,Quebec City Motors,barbara Anderson,X5,SUV,Pre-Owned,Finance,75793.57,Completed
SAL-0137,2024-04-17,Quebec,Montreal Auto Group,barbara Anderson,8 Series,Coupe,Certified Pre-Owned,Lease,125375.81,Cancelled
SAL-0138,2024-10-18,Manitoba,Winnipeg Auto Centre,SARAH THOMPSON,4 Series,Coupe,Certified Pre-Owned,Lease,67214.65,Completed
SAL-0139,2024-06-09,Ontario,Northside Motors,james BROWN,8 Series,Coupe,Certified Pre-Owned,Cash,122272.59,Completed
SAL-0140,2024-01-18,Quebec,Montreal Auto Group,LINDA MOORE,i7,EV,Certified Pre-Owned,Cash,145190.49,Completed
SAL-0141,2023-10-21,Alberta,Calgary Auto Hub,SARAH THOMPSON,X3,SUV,Pre-Owned,Cash,65406.09,  completed 
SAL-0142,2024-09-15,Alberta,Calgary Auto Hub,charles garcia,X7,SUV,Certified Pre-Owned,Cash,97949.09,Completed
SAL-0143,2024-05-26,Manitoba,Prairie Motors,LISA CLARK,3 Series,Sedan,Pre-Owned,Cash,51977.11,Cancelled
SAL-0144,2024-03-02,Ontario,Lakeview Cars,Patricia Davis,X7,SUV,Pre-Owned,Lease,98750.33,Completed
SAL-0145,2023-02-14,Manitoba,Winnipeg Auto Centre,Joseph White,iX,EV,Certified Pre-Owned,Finance,88832.85,Completed
SAL-0146,2023-12-27,Ontario,Lakeview Cars,Karen Martinez,X3,SUV,Certified Pre-Owned,Lease,56387.43,Completed
SAL-0147,2023-03-06,Quebec,Laval Premium Cars,Thomas Martin,X3,SUV,New,Finance,59016.76,Completed
SAL-0148,2024-04-29,Alberta,Rocky Mountain Motors,David Taylor,i7,EV,New,Lease,135057.87,Completed
SAL-0149,2024-03-23,Alberta,Edmonton Premier Cars,Joseph White,5 Series,Sedan,Pre-Owned,Finance,63120.09,Pending
SAL-0150,2024-03-10,Alberta,Rocky Mountain Motors,Robert Johnson,4 Series,Coupe,Certified Pre-Owned,Lease,59804.17,Completed
SAL-0151,2024-03-12,Alberta,Edmonton Premier Cars,Patricia Davis,i7,EV,Pre-Owned,Finance,143818.54,Completed
SAL-0152,2023-03-18,Manitoba,Prairie Motors,Joseph White,4 Series,Coupe,Certified Pre-Owned,Lease,59416.45,Completed
SAL-0153,2023-08-30,Quebec,Montreal Auto Group,Susan Jackson,X3,SUV,Certified Pre-Owned,Finance,,Cancelled
SAL-0154,2024-08-10,Alberta,Edmonton Premier Cars,james BROWN,i4,EV,Pre-Owned,Finance,71878.5,Pending
SAL-0155,2024-02-01,Ontario,Northside Motors,Karen Martinez,i7,EV,New,Finance,145490.05,Completed
SAL-0156,2023-03-17,Quebec,Montreal Auto Group,Thomas Martin,3 Series,Sedan,New,Lease,49853.9,Pending
SAL-0157,2024-07-17,Alberta,Rocky Mountain Motors,Karen Martinez,4 Series,Coupe,Certified Pre-Owned,Finance,63707.58,Completed
SAL-0158,2023-07-25,Alberta,Rocky Mountain Motors,james BROWN,X3,SUV,New,Finance,60427.83,Completed
SAL-0159,2023-11-13,Manitoba,Winnipeg Auto Centre,Joseph White,3 Series,Sedan,Pre-Owned,Lease,52308.0,Pending
SAL-0160,2024-04-05,Ontario,Northside Motors,Thomas Martin,4 Series,Coupe,Pre-Owned,Lease,64263.91,Completed
SAL-0161,2024-05-29,Manitoba,Winnipeg Auto Centre,jane doe,X5,SUV,New,Lease,76349.93,Completed
SAL-0162,2023-09-14,British Columbia,Vancouver Motors,michael Wilson,4 Series,Coupe,Pre-Owned,Lease,63312.47,Completed
SAL-0163,2024-11-05,Manitoba,Winnipeg Auto Centre,LISA CLARK,X3,SUV,Pre-Owned,Lease,62201.11,Completed
SAL-0164,2024-08-13,Ontario,Downtown Auto Group,David Taylor,7 Series,Sedan,Pre-Owned,Cash,115658.25,Cancelled
SAL-0165,2023-09-08,Manitoba,Prairie Motors,Joseph White,8 Series,Coupe,Certified Pre-Owned,Finance,116805.8,Completed
SAL-0166,2023-11-17,Quebec,Montreal Auto Group,Richard Thomas,4 Series,Coupe,Pre-Owned,Finance,68592.51,Pending
SAL-0167,2023-10-01,Alberta,Calgary Auto Hub,Thomas Martin,i4,EV,New,Cash,73432.16,Completed
SAL-0168,2024-08-14,Quebec,Montreal Auto Group,Richard Thomas,X5,SUV,New,Cash,74087.75,Pending
SAL-0169,2024-06-01,Quebec,Montreal Auto Group,Thomas Martin,5 Series,Sedan,New,Cash,63003.63,Cancelled
SAL-0170,2024-03-17,Quebec,Quebec City Motors,james BROWN,3 Series,Sedan,Certified Pre-Owned,Lease,52756.23,Completed
SAL-0171,2023-03-17,Manitoba,Winnipeg Auto Centre,Joseph White,8 Series,Coupe,Pre-Owned,Finance,128551.29,Cancelled
SAL-0172,2024-01-18,Ontario,Northside Motors,Richard Thomas,5 Series,Sedan,Pre-Owned,Finance,62740.48,Completed
SAL-0173,2023-12-08,Ontario,Downtown Auto Group,SARAH THOMPSON,X7,SUV,Pre-Owned,Finance,107307.23,Completed
SAL-0174,2024-09-23,Manitoba,Prairie Motors,barbara Anderson,X5,SUV,Pre-Owned,Finance,74586.67,Cancelled
SAL-0175,2023-12-06,Alberta,Edmonton Premier Cars,MARY WILLIAMS,5 Series,Sedan,Certified Pre-Owned,Lease,73058.45,Completed
SAL-0176,2023-02-22,Ontario,Oakville Premium,Daniel Robinson,4 Series,Coupe,Certified Pre-Owned,Cash,58769.71,Cancelled
SAL-0177,2024-08-09,British Columbia,Westcoast Dealership,MARY WILLIAMS,X3,SUV,New,Cash,59771.9,Pending
SAL-0178,2023-03-05,Quebec,Laval Premium Cars,james BROWN,i7,EV,Pre-Owned,Cash,132553.48,Cancelled
SAL-0179,2023-12-17,Alberta,Calgary Auto Hub,Karen Martinez,i7,EV,Certified Pre-Owned,Lease,151655.04,Completed
SAL-0180,2023-10-23,Manitoba,Prairie Motors,michael Wilson,X5,SUV,Pre-Owned,Lease,77150.07,Pending
SAL-0181,2024-11-23,Alberta,Edmonton Premier Cars,Karen Martinez,7 Series,Sedan,Certified Pre-Owned,Finance,117679.4,Completed
SAL-0182,2024-03-28,Alberta,Rocky Mountain Motors,David Taylor,5 Series,Sedan,Pre-Owned,Finance,63794.59,Completed
SAL-0183,2024-08-23,Alberta,Calgary Auto Hub,LINDA MOORE,7 Series,Sedan,New,Cash,122814.36,Cancelled
SAL-0184,2024-11-28,Alberta,Rocky Mountain Motors,james BROWN,i4,EV,New,Lease,80164.3,Completed
SAL-0185,2023-11-25,Quebec,Laval Premium Cars,barbara Anderson,X5,SUV,Pre-Owned,Cash,78728.07,Completed
SAL-0186,2023-02-07,Ontario,Northside Motors,Joseph White,i4,EV,Certified Pre-Owned,Cash,73843.02,  completed 
SAL-0187,2024-10-18,Ontario,Lakeview Cars,Karen Martinez,8 Series,Coupe,Pre-Owned,Finance,137911.67,Completed
SAL-0188,2024-04-14,Ontario,Lakeview Cars,David Taylor,X7,SUV,Pre-Owned,Cash,102900.88,Completed
SAL-0189,2024-06-11,British Columbia,Pacific Auto Centre,Richard Thomas,iX,EV,New,Finance,92436.46,Completed
SAL-0190,2023-08-30,British Columbia,Pacific Auto Centre,Thomas Martin,8 Series,Coupe,Certified Pre-Owned,Finance,119837.05,Completed
SAL-0191,2024-11-14,Alberta,Rocky Mountain Motors,MARY WILLIAMS,X3,SUV,Certified Pre-Owned,Finance,56935.19,Completed
SAL-0192,2023-10-30,Alberta,Rocky Mountain Motors,Susan Jackson,7 Series,Sedan,Pre-Owned,Cash,128424.21,Completed
SAL-0193,2024-07-16,Manitoba,Prairie Motors,SARAH THOMPSON,i7,EV,Pre-Owned,Lease,143649.03,Completed
SAL-0194,2024-07-31,Ontario,Oakville Premium,MARY WILLIAMS,4 Series,Coupe,New,Lease,63320.37,Cancelled
SAL-0195,2023-07-30,Manitoba,Prairie Motors,Daniel Robinson,7 Series,Sedan,Certified Pre-Owned,Cash,112038.15,Cancelled
SAL-0196,2024-04-18,Quebec,Quebec City Motors,barbara Anderson,7 Series,Sedan,Pre-Owned,Cash,112225.46,  completed 
SAL-0197,2024-12-18,Ontario,Downtown Auto Group,Robert Johnson,iX,EV,Pre-Owned,Cash,100092.37,Completed
SAL-0198,2024-01-27,British Columbia,Pacific Auto Centre,Thomas Martin,iX,EV,Certified Pre-Owned,Finance,97845.46,Completed
SAL-0199,2024-02-07,Alberta,Calgary Auto Hub,charles garcia,X7,SUV,New,Lease,108317.25,Completed
SAL-0200,2024-01-24,Quebec,Laval Premium Cars,LINDA MOORE,i7,EV,New,Finance,141045.31,Completed
SAL-0201,2023-01-17,Ontario,Downtown Auto Group,LINDA MOORE,i7,EV,New,Cash,138067.88,Completed
SAL-0202,2024-03-25,Ontario,Northside Motors,LINDA MOORE,5 Series,Sedan,Pre-Owned,Cash,63475.44,Completed
SAL-0203,2023-11-06,Manitoba,Prairie Motors,james BROWN,4 Series,Coupe,Pre-Owned,Lease,61575.52,Completed
SAL-0204,2024-05-22,Manitoba,Winnipeg Auto Centre,jane doe,i7,EV,Certified Pre-Owned,Lease,143608.77,Pending
SAL-0205,2024-07-04,British Columbia,Vancouver Motors,SARAH THOMPSON,i4,EV,New,Cash,73226.06,Completed
SAL-0206,2024-06-26,Ontario,Oakville Premium,james BROWN,i7,EV,Certified Pre-Owned,Cash,124398.66,Completed
SAL-0207,2023-10-02,Alberta,Calgary Auto Hub,Joseph White,X3,SUV,Pre-Owned,Lease,,Cancelled
SAL-0208,2023-12-07,Manitoba,Winnipeg Auto Centre,barbara Anderson,i4,EV,New,Cash,77577.72,Completed
SAL-0209,2023-09-03,Quebec,Montreal Auto Group,Karen Martinez,X5,SUV,Certified Pre-Owned,Finance,71823.17,Pending
SAL-0210,2023-04-11,Alberta,Rocky Mountain Motors,SARAH THOMPSON,iX,EV,Certified Pre-Owned,Cash,87007.09,Completed
SAL-0211,2023-10-30,British Columbia,Pacific Auto Centre,james BROWN,8 Series,Coupe,New,Finance,132273.41,Completed
SAL-0212,2024-10-19,Alberta,Edmonton Premier Cars,SARAH THOMPSON,i7,EV,Certified Pre-Owned,Cash,146102.18,Completed
SAL-0213,2024-11-15,Manitoba,Winnipeg Auto Centre,jane doe,3 Series,Sedan,New,Finance,55927.53,Completed
SAL-0214,2023-03-03,Ontario,Northside Motors,LISA CLARK,iX,EV,Pre-Owned,Lease,87941.24,Cancelled
SAL-0215,2024-06-26,Manitoba,Prairie Motors,David Taylor,3 Series,Sedan,Pre-Owned,Finance,53765.33,Completed
SAL-0216,2023-06-02,British Columbia,Pacific Auto Centre,LINDA MOORE,7 Series,Sedan,New,Lease,110165.38,Cancelled
SAL-0217,2024-08-01,Ontario,Lakeview Cars,LINDA MOORE,iX,EV,Pre-Owned,Cash,89429.88,Completed
SAL-0218,2024-01-22,Ontario,Downtown Auto Group,Karen Martinez,iX,EV,Certified Pre-Owned,Cash,95628.35,Completed
SAL-0219,2023-02-13,Alberta,Rocky Mountain Motors,LINDA MOORE,7 Series,Sedan,New,Lease,117753.25,Cancelled
SAL-0220,2023-11-19,Alberta,Rocky Mountain Motors,JOHN SMITH,3 Series,Sedan,New,Lease,57650.82,Completed
SAL-0221,2023-09-04,Ontario,Lakeview Cars,Daniel Robinson,X7,SUV,Certified Pre-Owned,Lease,104572.24,Cancelled
SAL-0222,2024-03-23,Ontario,Lakeview Cars,LINDA MOORE,3 Series,Sedan,New,Finance,52568.33,Cancelled
SAL-0223,2024-05-17,Alberta,Calgary Auto Hub,LINDA MOORE,8 Series,Coupe,Certified Pre-Owned,Lease,116873.5,Pending
SAL-0224,2023-03-17,Ontario,Lakeview Cars,Robert Johnson,X7,SUV,Certified Pre-Owned,Cash,99841.12,Pending
SAL-0225,2023-01-06,Alberta,Edmonton Premier Cars,barbara Anderson,3 Series,Sedan,Certified Pre-Owned,Finance,50046.48,Completed
SAL-0226,2023-04-02,Manitoba,Prairie Motors,Susan Jackson,3 Series,Sedan,Pre-Owned,Cash,49869.99,Cancelled
SAL-0227,2024-07-26,Alberta,Edmonton Premier Cars,LINDA MOORE,i4,EV,Pre-Owned,Lease,77449.08,Completed
SAL-0228,2023-06-21,Alberta,Edmonton Premier Cars,JESSICA HARRIS,X3,SUV,Certified Pre-Owned,Finance,57007.95,Completed
SAL-0229,2024-09-23,British Columbia,Westcoast Dealership,michael Wilson,i7,EV,Certified Pre-Owned,Cash,143468.21,Completed
SAL-0230,2023-12-09,Manitoba,Prairie Motors,JESSICA HARRIS,8 Series,Coupe,Pre-Owned,Lease,134003.91,Completed
SAL-0231,2023-11-23,Quebec,Quebec City Motors,barbara Anderson,X5,SUV,Pre-Owned,Lease,85763.21,Pending
SAL-0232,2024-07-31,Alberta,Edmonton Premier Cars,michael Wilson,4 Series,Coupe,Pre-Owned,Lease,62026.16,Completed
SAL-0233,2023-10-26,Quebec,Laval Premium Cars,Robert Johnson,X5,SUV,Certified Pre-Owned,Lease,82907.75,Pending
SAL-0234,2023-03-17,British Columbia,Westcoast Dealership,Thomas Martin,iX,EV,Pre-Owned,Finance,91889.86,Cancelled
SAL-0235,2024-12-19,Quebec,Laval Premium Cars,Karen Martinez,5 Series,Sedan,Pre-Owned,Lease,67918.46,Completed
SAL-0236,2024-10-22,British Columbia,Westcoast Dealership,Joseph White,7 Series,Sedan,Certified Pre-Owned,Finance,,Completed
SAL-0237,2024-02-05,Manitoba,Winnipeg Auto Centre,Thomas Martin,iX,EV,Pre-Owned,Lease,88772.97,Cancelled
SAL-0238,2023-05-26,Alberta,Edmonton Premier Cars,Susan Jackson,3 Series,Sedan,Certified Pre-Owned,Finance,48042.31,Pending
SAL-0239,2023-03-10,Ontario,Oakville Premium,barbara Anderson,iX,EV,New,Lease,,Completed
SAL-0240,2023-06-28,British Columbia,Westcoast Dealership,Karen Martinez,X7,SUV,New,Finance,96730.45,Cancelled
SAL-0241,2023-01-30,British Columbia,Pacific Auto Centre,LISA CLARK,iX,EV,New,Finance,98483.55,  completed 
SAL-0242,2023-04-15,Alberta,Rocky Mountain Motors,Karen Martinez,7 Series,Sedan,New,Finance,123352.29,Completed
SAL-0243,2024-09-17,Quebec,Laval Premium Cars,Joseph White,8 Series,Coupe,Pre-Owned,Cash,133297.29,Completed
SAL-0244,2023-05-18,Alberta,Rocky Mountain Motors,Richard Thomas,7 Series,Sedan,New,Cash,112610.92,Completed
SAL-0245,2024-01-28,Quebec,Quebec City Motors,JESSICA HARRIS,X7,SUV,New,Finance,94092.25,Cancelled
SAL-0246,2023-05-24,Manitoba,Winnipeg Auto Centre,Patricia Davis,iX,EV,Certified Pre-Owned,FINANCE,98304.85,Cancelled
SAL-0247,2024-06-01,British Columbia,Pacific Auto Centre,SARAH THOMPSON,i7,EV,Certified Pre-Owned,Lease,133448.78,Pending
SAL-0248,2023-02-03,Ontario,Downtown Auto Group,David Taylor,X5,SUV,New,Lease,83823.85,Completed
SAL-0249,2023-04-27,Quebec,Laval Premium Cars,David Taylor,7 Series,Sedan,Pre-Owned,Finance,123530.61,Cancelled
SAL-0250,2024-10-31,Manitoba,Winnipeg Auto Centre,LINDA MOORE,i4,EV,Certified Pre-Owned,Cash,79870.0,Pending
SAL-0251,2024-08-25,Ontario,Northside Motors,Susan Jackson,X7,SUV,Pre-Owned,Lease,98645.41,Pending
SAL-0252,2024-09-03,British Columbia,Pacific Auto Centre,Karen Martinez,8 Series,Coupe,New,Finance,122701.95,Completed
SAL-0253,2023-10-11,Ontario,Northside Motors,james BROWN,i4,EV,Pre-Owned,Cash,79847.35,Completed
SAL-0254,2024-10-09,Quebec,Quebec City Motors,David Taylor,X7,SUV,Pre-Owned,Finance,103962.78,Pending
SAL-0255,2024-04-10,Ontario,Oakville Premium,SARAH THOMPSON,8 Series,Coupe,Certified Pre-Owned,Lease,118389.85,Completed
SAL-0256,2024-07-01,Quebec,Laval Premium Cars,Joseph White,4 Series,Coupe,New,Finance,62563.47,Completed
SAL-0257,2024-11-29,Manitoba,Winnipeg Auto Centre,jane doe,iX,EV,New,Cash,,Pending
SAL-0258,2024-12-06,Quebec,Montreal Auto Group,james BROWN,i4,EV,Pre-Owned,Finance,77971.18,Completed
SAL-0259,2024-11-11,Alberta,Edmonton Premier Cars,Patricia Davis,5 Series,Sedan,New,Finance,72200.38,Completed
SAL-0260,2024-05-03,Ontario,Downtown Auto Group,Robert Johnson,3 Series,Sedan,New,FINANCE,48648.51,Completed
SAL-0261,2023-05-16,Alberta,Calgary Auto Hub,SARAH THOMPSON,i7,EV,New,Cash,137484.16,Pending
SAL-0262,2023-05-17,Alberta,Edmonton Premier Cars,james BROWN,X5,SUV,New,Lease,,Cancelled
SAL-0263,2024-09-22,British Columbia,Westcoast Dealership,Thomas Martin,X5,SUV,New,Cash,73508.25,Completed
SAL-0264,2023-09-11,Alberta,Edmonton Premier Cars,David Taylor,4 Series,Coupe,Pre-Owned,Cash,62181.83,Completed
SAL-0265,2024-09-13,Ontario,Lakeview Cars,charles garcia,X7,SUV,New,Lease,108158.73,Pending
SAL-0266,2023-09-04,British Columbia,Vancouver Motors,SARAH THOMPSON,i4,EV,Pre-Owned,Lease,74773.65,Completed
SAL-0267,2024-03-06,Alberta,Calgary Auto Hub,Susan Jackson,i7,EV,Pre-Owned,Lease,139255.54,Completed
SAL-0268,2023-08-09,Ontario,Downtown Auto Group,jane doe,5 Series,Sedan,New,Finance,70203.03,Cancelled
SAL-0269,2024-10-17,Quebec,Laval Premium Cars,Karen Martinez,i4,EV,Pre-Owned,Lease,73900.4,Completed
SAL-0270,2024-08-23,British Columbia,Pacific Auto Centre,Robert Johnson,8 Series,Coupe,Certified Pre-Owned,Lease,120871.84,Pending
SAL-0271,2024-09-18,Ontario,Oakville Premium,LISA CLARK,5 Series,Sedan,New,Finance,71365.85,Completed
SAL-0272,2023-06-20,British Columbia,Vancouver Motors,Susan Jackson,8 Series,Coupe,New,Lease,131202.27,Completed
SAL-0273,2023-09-27,Alberta,Edmonton Premier Cars,Daniel Robinson,4 Series,Coupe,Pre-Owned,Cash,65641.36,Pending
SAL-0274,2023-09-19,Manitoba,Winnipeg Auto Centre,MARY WILLIAMS,4 Series,Coupe,Pre-Owned,Lease,66099.35,Completed
SAL-0275,2024-01-08,Ontario,Northside Motors,Joseph White,5 Series,Sedan,New,Cash,68123.41,Completed
SAL-0276,2024-03-02,Quebec,Montreal Auto Group,Richard Thomas,4 Series,Coupe,Certified Pre-Owned,Cash,62015.04,Cancelled
SAL-0277,2023-03-12,British Columbia,Pacific Auto Centre,Thomas Martin,5 Series,Sedan,Certified Pre-Owned,Finance,71245.45,Completed
SAL-0278,2024-04-20,Alberta,Rocky Mountain Motors,Susan Jackson,4 Series,Coupe,Pre-Owned,Finance,63487.64,Completed
SAL-0279,2023-08-27,British Columbia,Pacific Auto Centre,Karen Martinez,i4,EV,Certified Pre-Owned,Lease,74326.66,  completed 
SAL-0280,2023-09-01,Alberta,Calgary Auto Hub,JESSICA HARRIS,X7,SUV,Certified Pre-Owned,Cash,106827.34,Completed
SAL-0281,2023-03-28,Manitoba,Prairie Motors,Daniel Robinson,8 Series,Coupe,New,Lease,132800.11,Completed
SAL-0282,2023-10-26,Ontario,Oakville Premium,David Taylor,X3,SUV,Certified Pre-Owned,Finance,59321.42,Completed
SAL-0283,2023-04-19,British Columbia,Pacific Auto Centre,Patricia Davis,3 Series,Sedan,Certified Pre-Owned,Finance,50964.85,Completed
SAL-0284,2023-09-29,British Columbia,Vancouver Motors,MARY WILLIAMS,8 Series,Coupe,New,Cash,116879.64,Completed
SAL-0285,2023-09-12,Alberta,Calgary Auto Hub,Susan Jackson,7 Series,Sedan,Certified Pre-Owned,Lease,116440.35,Completed
SAL-0286,2024-07-17,Ontario,Oakville Premium,LINDA MOORE,i7,EV,New,Finance,124976.35,Completed
SAL-0287,2024-01-17,British Columbia,Pacific Auto Centre,Robert Johnson,X5,SUV,Pre-Owned,Lease,77570.66,Completed
SAL-0288,2023-04-05,British Columbia,Westcoast Dealership,Richard Thomas,i4,EV,New,Cash,72491.27,Pending
SAL-0289,2024-11-30,Quebec,Quebec City Motors,JESSICA HARRIS,5 Series,Sedan,New,Finance,68961.45,Completed
SAL-0290,2023-10-30,British Columbia,Pacific Auto Centre,SARAH THOMPSON,X7,SUV,Certified Pre-Owned,Lease,108656.52,Pending
SAL-0291,2024-07-10,British Columbia,Westcoast Dealership,JOHN SMITH,X7,SUV,Certified Pre-Owned,Lease,94337.76,Completed
SAL-0292,2023-07-04,Manitoba,Prairie Motors,JOHN SMITH,iX,EV,Certified Pre-Owned,Lease,,Completed
SAL-0293,2023-06-13,Quebec,Laval Premium Cars,MARY WILLIAMS,4 Series,Coupe,New,Lease,65200.2,Completed
SAL-0294,2023-06-27,Ontario,Northside Motors,Patricia Davis,iX,EV,New,Lease,89942.01,Completed
SAL-0295,2023-07-12,Ontario,Lakeview Cars,SARAH THOMPSON,X7,SUV,Pre-Owned,Finance,95913.63,Completed
SAL-0296,2023-12-06,British Columbia,Pacific Auto Centre,LISA CLARK,i4,EV,New,Cash,75869.05,Completed
SAL-0297,2024-08-23,Alberta,Calgary Auto Hub,james BROWN,3 Series,Sedan,New,Lease,54246.35,Completed
SAL-0298,2023-11-06,Quebec,Laval Premium Cars,Richard Thomas,5 Series,Sedan,New,Cash,68153.54,Pending
SAL-0299,2024-11-12,British Columbia,Westcoast Dealership,Daniel Robinson,4 Series,Coupe,New,Finance,66380.03,Completed
SAL-0300,2024-09-08,Ontario,Oakville Premium,Richard Thomas,3 Series,Sedan,Pre-Owned,Cash,48550.09,Cancelled
SAL-0301,2023-06-21,Ontario,Northside Motors,Robert Johnson,8 Series,Coupe,Pre-Owned,Lease,116033.63,Completed
SAL-0302,2023-01-02,Ontario,Lakeview Cars,jane doe,4 Series,Coupe,Certified Pre-Owned,Finance,62311.04,Pending
SAL-0303,2024-05-05,Quebec,Quebec City Motors,Daniel Robinson,i4,EV,Pre-Owned,Lease,72468.12,Completed
SAL-0304,2023-04-18,Alberta,Calgary Auto Hub,Robert Johnson,8 Series,Coupe,Certified Pre-Owned,Cash,127748.6,Pending
SAL-0305,2023-02-01,Ontario,Lakeview Cars,JESSICA HARRIS,i7,EV,Pre-Owned,Cash,139883.57,Cancelled
SAL-0306,2024-07-21,British Columbia,Pacific Auto Centre,Karen Martinez,i7,EV,Certified Pre-Owned,Lease,145278.4,Completed
SAL-0307,2024-01-05,Manitoba,Prairie Motors,JOHN SMITH,X3,SUV,Certified Pre-Owned,Cash,58151.27,Completed
SAL-0308,2024-10-15,Ontario,Downtown Auto Group,barbara Anderson,X3,SUV,New,Finance,59174.89,Completed
SAL-0309,2024-01-15,Alberta,Calgary Auto Hub,Joseph White,i4,EV,Certified Pre-Owned,Cash,75400.54,Pending
SAL-0310,2024-12-14,Alberta,Rocky Mountain Motors,MARY WILLIAMS,3 Series,Sedan,New,Lease,52597.99,Completed
SAL-0311,2024-06-19,British Columbia,Westcoast Dealership,JESSICA HARRIS,5 Series,Sedan,Pre-Owned,Lease,67336.01,Pending
SAL-0312,2024-08-07,Quebec,Laval Premium Cars,charles garcia,7 Series,Sedan,Pre-Owned,Lease,107243.6,Cancelled
SAL-0313,2023-02-13,British Columbia,Pacific Auto Centre,JESSICA HARRIS,X3,SUV,New,Lease,53595.25,Pending
SAL-0314,2023-03-31,Manitoba,Prairie Motors,Joseph White,4 Series,Coupe,Pre-Owned,Finance,66589.47,Cancelled
SAL-0315,2023-06-03,Ontario,Oakville Premium,james BROWN,5 Series,Sedan,Pre-Owned,Lease,71655.46,Cancelled
SAL-0316,2024-02-25,Manitoba,Winnipeg Auto Centre,David Taylor,8 Series,Coupe,Certified Pre-Owned,Lease,128919.48,Pending
SAL-0317,2024-02-10,Quebec,Montreal Auto Group,Richard Thomas,i4,EV,Pre-Owned,Cash,70951.14,Completed
SAL-0318,2023-10-15,Ontario,Lakeview Cars,SARAH THOMPSON,8 Series,Coupe,Pre-Owned,Lease,124389.18,Completed
SAL-0319,2024-09-11,Quebec,Quebec City Motors,Robert Johnson,8 Series,Coupe,New,Finance,118128.74,Completed
SAL-0320,2023-06-12,Manitoba,Prairie Motors,Robert Johnson,7 Series,Sedan,Certified Pre-Owned,Lease,110404.47,Cancelled
SAL-0321,2023-07-25,Manitoba,Winnipeg Auto Centre,jane doe,X3,SUV,New,Cash,58456.82,Pending
SAL-0322,2023-05-07,Alberta,Edmonton Premier Cars,JOHN SMITH,i7,EV,New,Finance,139635.27,Pending
SAL-0323,2023-09-22,Manitoba,Prairie Motors,Robert Johnson,4 Series,Coupe,Certified Pre-Owned,Cash,63589.16,Pending
SAL-0324,2023-07-31,British Columbia,Pacific Auto Centre,David Taylor,X7,SUV,Pre-Owned,Finance,,Cancelled
SAL-0325,2023-06-27,Ontario,Oakville Premium,LISA CLARK,X7,SUV,New,Cash,109423.4,Completed
SAL-0326,2024-04-15,Alberta,Edmonton Premier Cars,David Taylor,iX,EV,New,Finance,95501.84,Completed
SAL-0327,2023-11-02,Ontario,Downtown Auto Group,MARY WILLIAMS,8 Series,Coupe,Certified Pre-Owned,Cash,132391.44,Completed
SAL-0328,2023-06-03,Alberta,Rocky Mountain Motors,charles garcia,4 Series,Coupe,New,Cash,63108.27,Cancelled
SAL-0329,2024-03-04,Ontario,Oakville Premium,Joseph White,8 Series,Coupe,Certified Pre-Owned,Lease,123392.0,Completed
SAL-0330,2024-07-01,Alberta,Rocky Mountain Motors,SARAH THOMPSON,X7,SUV,Pre-Owned,Finance,97882.97,Cancelled
SAL-0331,2024-04-27,Manitoba,Winnipeg Auto Centre,james BROWN,4 Series,Coupe,Pre-Owned,Finance,60571.25,Cancelled
SAL-0332,2023-12-30,Alberta,Rocky Mountain Motors,LINDA MOORE,3 Series,Sedan,Pre-Owned,Finance,56852.54,Pending
SAL-0333,2023-02-24,Alberta,Edmonton Premier Cars,Daniel Robinson,5 Series,Sedan,Pre-Owned,Lease,62716.6,Completed
SAL-0334,2023-02-25,Quebec,Laval Premium Cars,james BROWN,8 Series,Coupe,New,Cash,117321.45,Completed
SAL-0335,2023-03-24,Quebec,Montreal Auto Group,SARAH THOMPSON,4 Series,Coupe,Certified Pre-Owned,Lease,57496.35,Completed
SAL-0336,2023-04-01,British Columbia,Pacific Auto Centre,james BROWN,X5,SUV,Pre-Owned,Finance,72268.3,Pending
SAL-0337,2023-11-26,Ontario,Northside Motors,charles garcia,4 Series,Coupe,New,Cash,68802.48,Completed
SAL-0338,2024-01-28,Alberta,Edmonton Premier Cars,charles garcia,X3,SUV,Pre-Owned,Finance,59889.94,Completed
SAL-0339,2024-12-04,Quebec,Laval Premium Cars,james BROWN,8 Series,Coupe,Certified Pre-Owned,Finance,130707.65,Completed
SAL-0340,2023-05-15,Quebec,Montreal Auto Group,michael Wilson,X3,SUV,Pre-Owned,Cash,54267.9,Cancelled
SAL-0341,2024-08-31,Ontario,Oakville Premium,jane doe,4 Series,Coupe,Pre-Owned,Cash,61916.83,Completed
SAL-0342,2023-06-06,Ontario,Lakeview Cars,michael Wilson,i7,EV,Pre-Owned,Lease,134426.99,Completed
SAL-0343,2023-04-18,Alberta,Rocky Mountain Motors,charles garcia,X5,SUV,Pre-Owned,Lease,73921.56,Completed
SAL-0344,2024-01-02,Manitoba,Winnipeg Auto Centre,JESSICA HARRIS,4 Series,Coupe,Certified Pre-Owned,Cash,61343.81,Completed
SAL-0345,2023-01-14,Quebec,Quebec City Motors,Robert Johnson,X3,SUV,New,Lease,57058.12,Pending
SAL-0346,2023-10-31,Ontario,Lakeview Cars,David Taylor,X5,SUV,Certified Pre-Owned,Cash,83418.1,Completed
SAL-0347,2023-04-29,Alberta,Rocky Mountain Motors,MARY WILLIAMS,8 Series,Coupe,New,Cash,127701.87,Completed
SAL-0348,2024-01-17,Quebec,Laval Premium Cars,Richard Thomas,4 Series,Coupe,New,Cash,57489.42,Pending
SAL-0349,2023-05-16,Quebec,Quebec City Motors,jane doe,X3,SUV,New,Cash,56836.41,Pending
SAL-0350,2024-09-18,Quebec,Montreal Auto Group,JOHN SMITH,iX,EV,Pre-Owned,Lease,93852.66,Completed
SAL-0351,2024-11-01,Quebec,Montreal Auto Group,Richard Thomas,5 Series,Sedan,New,Lease,71435.83,Cancelled
SAL-0352,2024-11-08,Alberta,Rocky Mountain Motors,LINDA MOORE,5 Series,Sedan,Certified Pre-Owned,Finance,75472.54,Pending
SAL-0353,2023-06-10,Manitoba,Winnipeg Auto Centre,charles garcia,7 Series,Sedan,Certified Pre-Owned,Finance,117919.96,Completed
SAL-0354,2024-10-20,Alberta,Calgary Auto Hub,Joseph White,X7,SUV,Certified Pre-Owned,Cash,101324.04,Completed
SAL-0355,2024-05-24,Quebec,Quebec City Motors,JOHN SMITH,4 Series,Coupe,New,Finance,,Pending
SAL-0356,2024-11-18,Manitoba,Prairie Motors,Thomas Martin,X7,SUV,Certified Pre-Owned,Finance,109540.5,Completed
SAL-0357,2023-04-27,Manitoba,Prairie Motors,MARY WILLIAMS,8 Series,Coupe,Pre-Owned,Cash,115530.23,Completed
SAL-0358,2023-02-16,Alberta,Rocky Mountain Motors,Patricia Davis,4 Series,Coupe,Certified Pre-Owned,Cash,62850.89,Pending
SAL-0359,2023-12-13,Quebec,Montreal Auto Group,MARY WILLIAMS,i4,EV,Certified Pre-Owned,Cash,80925.03,Cancelled
SAL-0360,2024-06-27,Manitoba,Winnipeg Auto Centre,jane doe,i4,EV,Pre-Owned,Finance,72869.46,Cancelled
SAL-0361,2023-05-12,British Columbia,Westcoast Dealership,MARY WILLIAMS,X7,SUV,Certified Pre-Owned,Lease,100174.93,Cancelled
SAL-0362,2024-02-12,Quebec,Laval Premium Cars,Richard Thomas,X5,SUV,Certified Pre-Owned,Finance,79788.24,Completed
SAL-0363,2023-07-25,Manitoba,Prairie Motors,michael Wilson,4 Series,Coupe,Pre-Owned,Lease,61585.87,Completed
SAL-0364,2023-12-27,British Columbia,Westcoast Dealership,Karen Martinez,4 Series,Coupe,Certified Pre-Owned,Lease,65575.14,Cancelled
SAL-0365,2024-06-19,Manitoba,Prairie Motors,MARY WILLIAMS,i4,EV,New,Finance,77085.67,Completed
SAL-0366,2023-03-05,British Columbia,Vancouver Motors,barbara Anderson,4 Series,Coupe,New,Lease,60870.14,Completed
SAL-0367,2024-06-07,Manitoba,Winnipeg Auto Centre,barbara Anderson,i4,EV,Pre-Owned,Lease,77312.92,Completed
SAL-0368,2023-09-15,Alberta,Rocky Mountain Motors,michael Wilson,3 Series,Sedan,Pre-Owned,Finance,55372.52,Completed
SAL-0369,2024-04-04,Manitoba,Winnipeg Auto Centre,Patricia Davis,X5,SUV,Pre-Owned,Cash,74203.47,Completed
SAL-0370,2023-05-14,Ontario,Oakville Premium,Patricia Davis,8 Series,Coupe,Pre-Owned,Finance,116387.23,Completed
SAL-0371,2024-09-22,British Columbia,Vancouver Motors,barbara Anderson,7 Series,Sedan,Certified Pre-Owned,Lease,107654.32,Cancelled
SAL-0372,2023-06-13,British Columbia,Pacific Auto Centre,JESSICA HARRIS,7 Series,Sedan,Pre-Owned,Lease,106135.28,Pending
SAL-0373,2023-08-12,Alberta,Edmonton Premier Cars,LISA CLARK,8 Series,Coupe,Pre-Owned,FINANCE,116888.86,Cancelled
SAL-0374,2024-09-20,Alberta,Edmonton Premier Cars,LISA CLARK,X7,SUV,New,Cash,104986.67,Completed
SAL-0375,2024-06-13,Alberta,Rocky Mountain Motors,Susan Jackson,4 Series,Coupe,Pre-Owned,Lease,57746.19,Pending
SAL-0376,2023-06-21,Alberta,Rocky Mountain Motors,Karen Martinez,3 Series,Sedan,Pre-Owned,Cash,50493.88,Completed
SAL-0377,2024-12-20,Quebec,Montreal Auto Group,JESSICA HARRIS,X7,SUV,Pre-Owned,Cash,,Completed
SAL-0378,2024-07-25,Ontario,Downtown Auto Group,Robert Johnson,X5,SUV,Pre-Owned,Cash,72050.43,Completed
SAL-0379,2023-05-02,Alberta,Calgary Auto Hub,Karen Martinez,i7,EV,New,Lease,141792.52,Cancelled
SAL-0380,2024-12-03,Ontario,Lakeview Cars,barbara Anderson,5 Series,Sedan,Pre-Owned,Cash,68907.91,Completed
SAL-0381,2023-08-14,Ontario,Oakville Premium,james BROWN,X7,SUV,Pre-Owned,Finance,95768.45,Cancelled
SAL-0382,2023-02-12,Alberta,Calgary Auto Hub,JOHN SMITH,X3,SUV,Pre-Owned,Lease,59825.72,Pending
SAL-0383,2024-06-08,Alberta,Calgary Auto Hub,james BROWN,i7,EV,New,Cash,137785.17,Completed
SAL-0384,2024-07-16,Manitoba,Winnipeg Auto Centre,Robert Johnson,i7,EV,Certified Pre-Owned,Lease,143153.4,Completed
SAL-0385,2024-11-02,Alberta,Edmonton Premier Cars,LINDA MOORE,X7,SUV,New,Finance,111128.18,Cancelled
SAL-0386,2024-08-02,Alberta,Rocky Mountain Motors,Daniel Robinson,4 Series,Coupe,Certified Pre-Owned,Finance,65010.53,Pending
SAL-0387,2024-11-26,Quebec,Quebec City Motors,Richard Thomas,4 Series,Coupe,Certified Pre-Owned,Finance,62829.67,Pending
SAL-0388,2023-05-24,British Columbia,Westcoast Dealership,Karen Martinez,5 Series,Sedan,New,Finance,64490.54,Completed
SAL-0389,2024-07-18,Ontario,Oakville Premium,David Taylor,X3,SUV,Pre-Owned,Lease,60325.7,Pending
SAL-0390,2024-05-28,Manitoba,Prairie Motors,charles garcia,X5,SUV,New,Finance,81829.3,Completed
SAL-0391,2023-06-13,Manitoba,Winnipeg Auto Centre,Patricia Davis,X5,SUV,Pre-Owned,Lease,84121.5,Completed
SAL-0392,2023-09-28,British Columbia,Vancouver Motors,Susan Jackson,X3,SUV,New,Cash,57189.09,Completed
SAL-0393,2023-11-28,Quebec,Montreal Auto Group,MARY WILLIAMS,7 Series,Sedan,Pre-Owned,Lease,118277.39,Completed
SAL-0394,2024-08-24,British Columbia,Vancouver Motors,Robert Johnson,iX,EV,Pre-Owned,Finance,96068.8,Pending
SAL-0395,2023-01-07,Alberta,Edmonton Premier Cars,charles garcia,i7,EV,New,Finance,131561.36,Completed
SAL-0396,2024-09-08,British Columbia,Pacific Auto Centre,MARY WILLIAMS,X5,SUV,Pre-Owned,Cash,83375.85,Pending
SAL-0397,2023-06-15,Quebec,Quebec City Motors,JESSICA HARRIS,X7,SUV,New,Cash,107849.3,Completed
SAL-0398,2023-06-20,Manitoba,Winnipeg Auto Centre,David Taylor,X3,SUV,New,Lease,57341.06,Pending
SAL-0399,2024-09-13,Alberta,Calgary Auto Hub,SARAH THOMPSON,X5,SUV,Certified Pre-Owned,Cash,81130.87,Completed
SAL-0400,2024-12-03,British Columbia,Westcoast Dealership,Richard Thomas,4 Series,Coupe,Certified Pre-Owned,Lease,67751.32,Cancelled
SAL-0401,2024-09-12,Ontario,Northside Motors,MARY WILLIAMS,i4,EV,New,Finance,67427.99,Cancelled
SAL-0402,2023-05-14,Ontario,Downtown Auto Group,LISA CLARK,i7,EV,Pre-Owned,Cash,143695.14,Pending
SAL-0403,2024-01-26,Manitoba,Prairie Motors,Susan Jackson,X5,SUV,Pre-Owned,Lease,78065.55,Cancelled
SAL-0404,2023-09-21,British Columbia,Pacific Auto Centre,michael Wilson,8 Series,Coupe,New,FINANCE,131529.15,Completed
SAL-0405,2024-01-06,British Columbia,Westcoast Dealership,MARY WILLIAMS,8 Series,Coupe,New,Finance,121400.99,Cancelled
SAL-0406,2023-07-28,Alberta,Rocky Mountain Motors,JESSICA HARRIS,8 Series,Coupe,Pre-Owned,Lease,132910.46,Pending
SAL-0407,2023-05-22,Alberta,Rocky Mountain Motors,MARY WILLIAMS,8 Series,Coupe,Pre-Owned,Cash,122784.03,Pending
SAL-0408,2023-06-14,Manitoba,Prairie Motors,Joseph White,4 Series,Coupe,Pre-Owned,Cash,57147.51,Completed
SAL-0409,2024-01-15,Ontario,Downtown Auto Group,Robert Johnson,4 Series,Coupe,Pre-Owned,Cash,66021.39,Pending
SAL-0410,2024-10-17,Alberta,Rocky Mountain Motors,SARAH THOMPSON,3 Series,Sedan,Certified Pre-Owned,Cash,51029.48,Completed
SAL-0411,2023-06-23,British Columbia,Pacific Auto Centre,jane doe,X7,SUV,Certified Pre-Owned,Cash,99051.2,Completed
SAL-0412,2024-08-23,Quebec,Quebec City Motors,michael Wilson,iX,EV,Pre-Owned,Cash,98624.91,Completed
SAL-0413,2023-08-20,Manitoba,Prairie Motors,LISA CLARK,8 Series,Coupe,New,Finance,134012.14,Pending
SAL-0414,2023-04-30,Ontario,Downtown Auto Group,charles garcia,8 Series,Coupe,Certified Pre-Owned,Lease,126468.76,Cancelled
SAL-0415,2024-11-28,Quebec,Montreal Auto Group,Thomas Martin,8 Series,Coupe,Pre-Owned,Cash,134018.58,Pending
SAL-0416,2024-02-27,British Columbia,Westcoast Dealership,Susan Jackson,X5,SUV,Pre-Owned,Lease,77356.6,Completed
SAL-0417,2024-07-21,Quebec,Laval Premium Cars,Patricia Davis,4 Series,Coupe,Certified Pre-Owned,Finance,59948.65,Completed
SAL-0418,2023-09-05,British Columbia,Vancouver Motors,David Taylor,X3,SUV,New,Cash,56410.01,Completed
SAL-0419,2024-11-10,Ontario,Downtown Auto Group,SARAH THOMPSON,7 Series,Sedan,Pre-Owned,Cash,124083.06,Cancelled
SAL-0420,2023-07-07,Alberta,Edmonton Premier Cars,charles garcia,8 Series,Coupe,Certified Pre-Owned,Finance,130047.49,Completed
SAL-0421,2023-12-22,Quebec,Quebec City Motors,Joseph White,7 Series,Sedan,Pre-Owned,Cash,126383.31,Pending
SAL-0422,2024-08-17,Ontario,Downtown Auto Group,MARY WILLIAMS,X5,SUV,Certified Pre-Owned,Finance,81614.43,Cancelled
SAL-0423,2023-07-08,Alberta,Edmonton Premier Cars,SARAH THOMPSON,8 Series,Coupe,Certified Pre-Owned,Cash,116824.12,Pending
SAL-0424,2023-05-15,Alberta,Edmonton Premier Cars,Daniel Robinson,X7,SUV,Pre-Owned,Cash,101908.94,Completed
SAL-0425,2023-06-03,Quebec,Montreal Auto Group,SARAH THOMPSON,X7,SUV,New,Cash,94779.36,Pending
SAL-0426,2023-09-14,Manitoba,Prairie Motors,Karen Martinez,iX,EV,Pre-Owned,Cash,92729.07,Pending
SAL-0427,2023-12-09,Alberta,Edmonton Premier Cars,David Taylor,5 Series,Sedan,Certified Pre-Owned,Finance,70732.04,Cancelled
SAL-0428,2024-08-13,Quebec,Montreal Auto Group,Daniel Robinson,4 Series,Coupe,Pre-Owned,Lease,65846.03,Cancelled
SAL-0429,2024-01-26,Manitoba,Prairie Motors,LISA CLARK,i4,EV,Certified Pre-Owned,Finance,70282.54,Completed
SAL-0430,2023-03-23,Quebec,Laval Premium Cars,Patricia Davis,i4,EV,Certified Pre-Owned,Cash,67588.61,Completed
SAL-0431,2024-08-24,Quebec,Quebec City Motors,charles garcia,iX,EV,Certified Pre-Owned,Finance,86744.84,Completed
SAL-0432,2023-06-20,Alberta,Rocky Mountain Motors,Joseph White,3 Series,Sedan,New,Cash,54175.77,Completed
SAL-0433,2023-09-26,Quebec,Laval Premium Cars,LISA CLARK,3 Series,Sedan,New,Cash,52983.57,Pending
SAL-0434,2023-02-05,British Columbia,Pacific Auto Centre,Susan Jackson,X3,SUV,Certified Pre-Owned,Finance,54298.42,Pending
SAL-0435,2024-09-03,Quebec,Montreal Auto Group,Thomas Martin,X7,SUV,Pre-Owned,Lease,95212.62,Cancelled
SAL-0436,2024-03-28,Alberta,Edmonton Premier Cars,barbara Anderson,X3,SUV,Certified Pre-Owned,Finance,59864.99,  completed 
SAL-0437,2024-07-01,British Columbia,Vancouver Motors,JOHN SMITH,8 Series,Coupe,Pre-Owned,Finance,116455.26,Pending
SAL-0438,2024-01-18,Manitoba,Winnipeg Auto Centre,michael Wilson,7 Series,Sedan,Certified Pre-Owned,Lease,120922.23,Pending
SAL-0439,2023-03-23,Quebec,Quebec City Motors,JESSICA HARRIS,X5,SUV,Pre-Owned,Cash,80573.9,Cancelled
SAL-0440,2023-07-12,Alberta,Edmonton Premier Cars,Robert Johnson,8 Series,Coupe,New,Cash,116626.98,Completed
SAL-0441,2023-01-20,Manitoba,Prairie Motors,james BROWN,X5,SUV,New,Lease,72818.77,Completed
SAL-0442,2023-04-03,Quebec,Laval Premium Cars,james BROWN,3 Series,Sedan,New,Finance,56048.84,Completed
SAL-0443,2023-03-24,Alberta,Edmonton Premier Cars,james BROWN,5 Series,Sedan,New,Finance,66632.07,Pending
SAL-0444,2023-09-12,Alberta,Edmonton Premier Cars,Joseph White,3 Series,Sedan,Certified Pre-Owned,Cash,50923.74,Completed
SAL-0445,2023-11-16,British Columbia,Vancouver Motors,Richard Thomas,i7,EV,New,Lease,148844.29,Completed
SAL-0446,2024-01-05,Quebec,Laval Premium Cars,jane doe,4 Series,Coupe,Pre-Owned,Cash,66436.71,Completed
SAL-0447,2023-09-06,Alberta,Rocky Mountain Motors,JOHN SMITH,5 Series,Sedan,New,Lease,73287.69,Pending
SAL-0448,2024-12-03,British Columbia,Pacific Auto Centre,LISA CLARK,i4,EV,Certified Pre-Owned,Lease,78664.86,Completed
SAL-0449,2023-11-21,Ontario,Northside Motors,Karen Martinez,i4,EV,Pre-Owned,Finance,74103.24,Pending
SAL-0450,2024-12-24,British Columbia,Vancouver Motors,Thomas Martin,5 Series,Sedan,Pre-Owned,Finance,66641.91,Cancelled
SAL-0451,2024-09-05,Alberta,Edmonton Premier Cars,Karen Martinez,iX,EV,New,Cash,96079.6,Cancelled
SAL-0452,2024-06-02,Alberta,Edmonton Premier Cars,Joseph White,7 Series,Sedan,Pre-Owned,Cash,116074.64,Completed
SAL-0453,2024-07-05,Alberta,Rocky Mountain Motors,Joseph White,7 Series,Sedan,New,Lease,113605.68,Pending
SAL-0454,2023-04-09,Quebec,Laval Premium Cars,charles garcia,4 Series,Coupe,Pre-Owned,Cash,66031.04,Completed
SAL-0455,2023-04-12,British Columbia,Pacific Auto Centre,jane doe,i4,EV,Pre-Owned,Lease,67520.99,Pending
SAL-0456,2024-09-12,Alberta,Calgary Auto Hub,Robert Johnson,4 Series,Coupe,New,Cash,61926.84,Pending
SAL-0457,2024-12-26,Ontario,Lakeview Cars,jane doe,iX,EV,Pre-Owned,Finance,89047.48,Cancelled
SAL-0458,2023-08-25,British Columbia,Westcoast Dealership,Karen Martinez,3 Series,Sedan,Certified Pre-Owned,Cash,51739.26,Completed
SAL-0459,2023-04-19,British Columbia,Westcoast Dealership,Daniel Robinson,i7,EV,Certified Pre-Owned,Lease,125416.15,Pending
SAL-0460,2023-12-12,British Columbia,Westcoast Dealership,Patricia Davis,i7,EV,Pre-Owned,Lease,133104.79,Pending
SAL-0461,2024-03-16,Alberta,Edmonton Premier Cars,Richard Thomas,i7,EV,Pre-Owned,Cash,126738.57,Cancelled
SAL-0462,2024-02-11,Alberta,Edmonton Premier Cars,JOHN SMITH,iX,EV,Pre-Owned,Cash,94196.38,Completed
SAL-0463,2023-08-08,Alberta,Calgary Auto Hub,Richard Thomas,4 Series,Coupe,New,Lease,64440.77,Completed
SAL-0464,2024-04-16,Manitoba,Winnipeg Auto Centre,Susan Jackson,3 Series,Sedan,New,Cash,52693.63,Completed
SAL-0465,2023-08-11,Alberta,Calgary Auto Hub,Robert Johnson,i7,EV,Pre-Owned,Finance,144982.93,Pending
SAL-0466,2024-08-13,Manitoba,Winnipeg Auto Centre,Joseph White,4 Series,Coupe,New,Cash,60758.72,Completed
SAL-0467,2024-10-09,Ontario,Northside Motors,Joseph White,7 Series,Sedan,New,Finance,116609.96,Cancelled
SAL-0468,2024-11-20,Manitoba,Winnipeg Auto Centre,Joseph White,X3,SUV,Certified Pre-Owned,Lease,64491.63,Cancelled
SAL-0469,2023-03-26,Quebec,Montreal Auto Group,SARAH THOMPSON,X5,SUV,Pre-Owned,Lease,74550.48,Completed
SAL-0470,2024-05-07,Quebec,Laval Premium Cars,Karen Martinez,X3,SUV,New,Finance,62298.71,Pending
SAL-0471,2023-09-30,Manitoba,Winnipeg Auto Centre,JESSICA HARRIS,X3,SUV,Certified Pre-Owned,Lease,53472.79,Cancelled
SAL-0472,2024-08-31,Alberta,Calgary Auto Hub,JOHN SMITH,8 Series,Coupe,Certified Pre-Owned,Cash,134397.58,Completed
SAL-0473,2023-07-24,British Columbia,Vancouver Motors,Susan Jackson,3 Series,Sedan,New,Lease,48199.09,Completed
SAL-0474,2024-12-11,British Columbia,Vancouver Motors,MARY WILLIAMS,5 Series,Sedan,Certified Pre-Owned,Finance,,Pending
SAL-0475,2024-09-29,British Columbia,Westcoast Dealership,james BROWN,8 Series,Coupe,Pre-Owned,Lease,125554.02,Completed
SAL-0476,2023-07-25,Alberta,Calgary Auto Hub,LISA CLARK,5 Series,Sedan,Certified Pre-Owned,Cash,73363.46,  completed 
SAL-0477,2023-01-20,Alberta,Rocky Mountain Motors,barbara Anderson,4 Series,Coupe,Pre-Owned,Finance,57772.06,Completed
SAL-0478,2023-07-23,Alberta,Edmonton Premier Cars,charles garcia,3 Series,Sedan,Certified Pre-Owned,Lease,,Completed
SAL-0479,2023-12-22,Quebec,Quebec City Motors,Susan Jackson,X3,SUV,Certified Pre-Owned,Lease,65472.88,Completed
SAL-0480,2024-07-22,Ontario,Lakeview Cars,David Taylor,i4,EV,New,Cash,72266.09,Completed
SAL-0481,2023-09-04,Quebec,Laval Premium Cars,Daniel Robinson,X5,SUV,New,Finance,79614.9,Completed
SAL-0482,2024-07-08,British Columbia,Westcoast Dealership,michael Wilson,X7,SUV,New,Finance,105194.62,Cancelled
SAL-0483,2023-03-11,British Columbia,Westcoast Dealership,Karen Martinez,X5,SUV,Pre-Owned,Lease,77432.67,Completed
SAL-0484,2023-11-07,Ontario,Lakeview Cars,Thomas Martin,iX,EV,Pre-Owned,Lease,98571.54,Completed
SAL-0485,2023-08-26,Ontario,Lakeview Cars,LINDA MOORE,X7,SUV,Pre-Owned,Cash,103376.01,Completed
SAL-0486,2024-02-01,Manitoba,Prairie Motors,SARAH THOMPSON,4 Series,Coupe,Certified Pre-Owned,Cash,65979.49,Completed
SAL-0487,2024-11-18,Ontario,Lakeview Cars,michael Wilson,i4,EV,New,Cash,70101.72,Completed
SAL-0488,2023-09-10,Quebec,Laval Premium Cars,JESSICA HARRIS,8 Series,Coupe,Certified Pre-Owned,Cash,120619.26,Cancelled
SAL-0489,2024-04-12,Manitoba,Winnipeg Auto Centre,jane doe,5 Series,Sedan,New,Lease,72900.48,Cancelled
SAL-0490,2024-03-26,Manitoba,Winnipeg Auto Centre,Joseph White,X5,SUV,Certified Pre-Owned,Finance,82870.49,Pending
SAL-0491,2024-04-07,Manitoba,Winnipeg Auto Centre,Robert Johnson,i7,EV,Pre-Owned,Lease,134042.19,Completed
SAL-0492,2023-11-28,Manitoba,Winnipeg Auto Centre,Thomas Martin,iX,EV,New,Cash,98456.77,Pending
SAL-0493,2024-12-09,Quebec,Montreal Auto Group,Patricia Davis,8 Series,Coupe,Pre-Owned,Lease,126575.0,Completed
SAL-0494,2024-07-17,Ontario,Oakville Premium,Joseph White,X5,SUV,New,Cash,74107.75,Completed
SAL-0495,2023-11-12,British Columbia,Pacific Auto Centre,barbara Anderson,5 Series,Sedan,Pre-Owned,Finance,70985.29,Completed
SAL-0496,2024-04-14,British Columbia,Pacific Auto Centre,SARAH THOMPSON,4 Series,Coupe,Certified Pre-Owned,Lease,60545.25,Completed
SAL-0497,2023-03-23,Quebec,Quebec City Motors,LISA CLARK,iX,EV,Pre-Owned,Cash,93231.42,Completed
SAL-0498,2023-02-26,British Columbia,Pacific Auto Centre,Susan Jackson,X3,SUV,New,Cash,54081.38,Completed
SAL-0499,2023-07-02,Ontario,Downtown Auto Group,Patricia Davis,5 Series,Sedan,Pre-Owned,Finance,73161.42,Cancelled
SAL-0500,2024-08-15,Manitoba,Winnipeg Auto Centre,Susan Jackson,i7,EV,New,Cash,145502.15,Completed
SAL-0501,2024-04-27,Quebec,Laval Premium Cars,james BROWN,5 Series,Sedan,New,Lease,70156.0,Completed
SAL-0502,2024-08-08,British Columbia,Westcoast Dealership,charles garcia,3 Series,Sedan,New,Finance,52300.32,Cancelled
SAL-0503,2023-05-13,Manitoba,Prairie Motors,LISA CLARK,8 Series,Coupe,Pre-Owned,Finance,121190.55,Cancelled
SAL-0504,2023-01-02,Manitoba,Winnipeg Auto Centre,MARY WILLIAMS,4 Series,Coupe,New,Finance,65112.85,Completed
SAL-0505,2023-12-25,Quebec,Quebec City Motors,Karen Martinez,5 Series,Sedan,Pre-Owned,Cash,73510.37,Completed
SAL-0506,2023-01-07,Ontario,Lakeview Cars,MARY WILLIAMS,8 Series,Coupe,Pre-Owned,Finance,118252.34,Completed
SAL-0507,2024-11-19,British Columbia,Pacific Auto Centre,SARAH THOMPSON,8 Series,Coupe,Certified Pre-Owned,Cash,139879.47,Completed
SAL-0508,2023-02-27,Manitoba,Prairie Motors,charles garcia,iX,EV,Certified Pre-Owned,Lease,96747.75,  completed 
SAL-0509,2023-10-15,Alberta,Edmonton Premier Cars,JOHN SMITH,3 Series,Sedan,Certified Pre-Owned,Finance,58529.45,Cancelled
SAL-0510,2024-12-27,Manitoba,Winnipeg Auto Centre,jane doe,8 Series,Coupe,Certified Pre-Owned,Finance,135990.11,Completed
SAL-0511,2023-04-25,Alberta,Calgary Auto Hub,Susan Jackson,4 Series,Coupe,New,Cash,63125.08,Completed
SAL-0512,2024-05-10,Manitoba,Winnipeg Auto Centre,charles garcia,X5,SUV,Certified Pre-Owned,Finance,76979.67,Completed
SAL-0513,2023-02-07,Manitoba,Winnipeg Auto Centre,Thomas Martin,X7,SUV,Certified Pre-Owned,Lease,109062.13,Cancelled
SAL-0514,2023-02-17,Manitoba,Winnipeg Auto Centre,MARY WILLIAMS,8 Series,Coupe,Pre-Owned,Lease,,Completed
SAL-0515,2023-10-21,British Columbia,Vancouver Motors,David Taylor,X3,SUV,Pre-Owned,Finance,56468.61,Pending
SAL-0516,2024-07-09,Ontario,Downtown Auto Group,Susan Jackson,3 Series,Sedan,Pre-Owned,Finance,48059.37,Completed
SAL-0517,2024-09-19,British Columbia,Pacific Auto Centre,Richard Thomas,5 Series,Sedan,Pre-Owned,Finance,66655.92,Completed
SAL-0518,2024-03-12,Ontario,Oakville Premium,Joseph White,3 Series,Sedan,New,Lease,54583.8,Cancelled
SAL-0519,2023-12-07,Quebec,Laval Premium Cars,michael Wilson,8 Series,Coupe,Pre-Owned,Lease,141482.8,Cancelled
SAL-0520,2024-04-24,Manitoba,Winnipeg Auto Centre,MARY WILLIAMS,7 Series,Sedan,Certified Pre-Owned,Finance,108567.67,Pending
SAL-0521,2023-07-07,Manitoba,Prairie Motors,Richard Thomas,8 Series,Coupe,Certified Pre-Owned,Finance,,Pending
SAL-0522,2024-09-10,Quebec,Montreal Auto Group,Daniel Robinson,8 Series,Coupe,New,Lease,122617.82,Completed
SAL-0523,2024-02-15,Manitoba,Winnipeg Auto Centre,Daniel Robinson,8 Series,Coupe,Certified Pre-Owned,Cash,134398.29,Cancelled
SAL-0524,2024-08-28,Ontario,Lakeview Cars,JESSICA HARRIS,X7,SUV,Certified Pre-Owned,Lease,107583.38,Completed
SAL-0525,2024-09-02,Ontario,Oakville Premium,Thomas Martin,7 Series,Sedan,Certified Pre-Owned,Lease,121225.25,Completed
SAL-0526,2024-05-21,Ontario,Downtown Auto Group,jane doe,iX,EV,New,Cash,91539.16,Completed
SAL-0527,2024-06-28,Ontario,Northside Motors,barbara Anderson,X5,SUV,Certified Pre-Owned,Lease,76936.95,Cancelled
SAL-0528,2023-12-19,Alberta,Rocky Mountain Motors,Robert Johnson,8 Series,Coupe,Pre-Owned,Cash,126491.55,Cancelled
SAL-0529,2023-01-01,Alberta,Calgary Auto Hub,Karen Martinez,4 Series,Coupe,Certified Pre-Owned,Cash,57599.24,Completed
SAL-0530,2024-02-20,Quebec,Laval Premium Cars,Joseph White,8 Series,Coupe,Certified Pre-Owned,Lease,132294.45,Completed
SAL-0531,2023-10-23,Quebec,Quebec City Motors,james BROWN,i4,EV,New,Cash,79384.85,Completed
SAL-0532,2024-10-19,Quebec,Montreal Auto Group,JESSICA HARRIS,3 Series,Sedan,Certified Pre-Owned,Lease,58965.53,Cancelled
SAL-0533,2023-12-30,Quebec,Laval Premium Cars,LINDA MOORE,iX,EV,New,Finance,,Cancelled
SAL-0534,2024-08-13,Manitoba,Prairie Motors,Susan Jackson,i7,EV,New,Cash,136197.32,Cancelled
SAL-0535,2024-06-13,Ontario,Northside Motors,Robert Johnson,8 Series,Coupe,Pre-Owned,Lease,130379.75,Completed
SAL-0536,2024-07-01,Ontario,Lakeview Cars,JOHN SMITH,5 Series,Sedan,Certified Pre-Owned,Finance,72839.05,Cancelled
SAL-0537,2023-02-06,Alberta,Edmonton Premier Cars,LISA CLARK,4 Series,Coupe,Pre-Owned,Finance,65468.5,Cancelled
SAL-0538,2023-10-21,Manitoba,Winnipeg Auto Centre,SARAH THOMPSON,4 Series,Coupe,New,Cash,62468.38,Cancelled
SAL-0539,2023-01-15,Manitoba,Prairie Motors,MARY WILLIAMS,8 Series,Coupe,Pre-Owned,Cash,124010.88,Cancelled
SAL-0540,2023-07-05,British Columbia,Vancouver Motors,charles garcia,X5,SUV,New,Finance,73371.91,Completed
SAL-0541,2024-11-07,Quebec,Quebec City Motors,Thomas Martin,i4,EV,Pre-Owned,Lease,81092.2,Completed
SAL-0542,2024-04-20,Alberta,Calgary Auto Hub,Joseph White,3 Series,Sedan,Certified Pre-Owned,Finance,52883.37,Pending
SAL-0543,2023-09-26,Quebec,Laval Premium Cars,james BROWN,iX,EV,Pre-Owned,Finance,88005.62,Completed
SAL-0544,2024-06-28,Alberta,Rocky Mountain Motors,Susan Jackson,3 Series,Sedan,Certified Pre-Owned,Lease,53428.55,Completed
SAL-0545,2023-09-05,Manitoba,Prairie Motors,Daniel Robinson,i7,EV,New,Lease,137551.57,Completed
SAL-0546,2024-02-26,Ontario,Downtown Auto Group,MARY WILLIAMS,3 Series,Sedan,Pre-Owned,Cash,50819.91,Pending
SAL-0547,2024-08-31,Ontario,Downtown Auto Group,michael Wilson,3 Series,Sedan,Pre-Owned,Lease,48784.8,Completed
SAL-0548,2024-12-13,British Columbia,Vancouver Motors,Patricia Davis,X3,SUV,Certified Pre-Owned,Finance,62571.81,Pending
SAL-0549,2023-06-15,Alberta,Edmonton Premier Cars,Robert Johnson,8 Series,Coupe,Certified Pre-Owned,Cash,125406.15,Pending
SAL-0550,2024-05-18,Alberta,Calgary Auto Hub,michael Wilson,i4,EV,Pre-Owned,Finance,75137.11,Completed
SAL-0551,2023-09-23,Quebec,Montreal Auto Group,MARY WILLIAMS,5 Series,Sedan,New,Cash,68219.38,Completed
SAL-0552,2024-11-11,Quebec,Montreal Auto Group,Joseph White,3 Series,Sedan,Certified Pre-Owned,Cash,57676.66,Completed
SAL-0553,2023-03-13,Quebec,Quebec City Motors,Karen Martinez,iX,EV,New,Cash,92764.07,Pending
SAL-0554,2024-02-15,Manitoba,Prairie Motors,jane doe,8 Series,Coupe,Pre-Owned,Lease,126218.76,Completed
SAL-0555,2024-07-21,Quebec,Quebec City Motors,jane doe,X3,SUV,Certified Pre-Owned,Lease,61495.35,Completed
SAL-0556,2024-03-24,Alberta,Edmonton Premier Cars,michael Wilson,7 Series,Sedan,New,Cash,,Completed
SAL-0557,2024-06-30,Quebec,Montreal Auto Group,Thomas Martin,8 Series,Coupe,New,Cash,117680.3,Completed
SAL-0558,2024-07-03,Ontario,Northside Motors,james BROWN,i7,EV,Pre-Owned,Lease,124821.71,Completed
SAL-0559,2024-12-19,Ontario,Oakville Premium,james BROWN,3 Series,Sedan,New,Cash,56828.88,Completed
SAL-0560,2023-04-27,Manitoba,Winnipeg Auto Centre,SARAH THOMPSON,3 Series,Sedan,Pre-Owned,Lease,53000.98,Completed
SAL-0561,2024-08-12,Quebec,Quebec City Motors,Karen Martinez,7 Series,Sedan,New,Finance,118755.07,Completed
SAL-0562,2023-06-22,Ontario,Lakeview Cars,Susan Jackson,X5,SUV,Pre-Owned,Cash,74417.79,Pending
SAL-0563,2024-05-13,Manitoba,Prairie Motors,Robert Johnson,X3,SUV,New,Cash,54625.53,Completed
SAL-0564,2023-05-10,Alberta,Edmonton Premier Cars,michael Wilson,i7,EV,New,Lease,124514.16,Completed
SAL-0565,2024-05-26,Manitoba,Winnipeg Auto Centre,LISA CLARK,X7,SUV,New,Lease,99561.59,  completed 
SAL-0566,2024-04-20,Ontario,Downtown Auto Group,michael Wilson,4 Series,Coupe,Certified Pre-Owned,Cash,62891.98,Completed
SAL-0567,2024-11-17,Quebec,Quebec City Motors,jane doe,X3,SUV,New,Lease,59850.03,Completed
SAL-0568,2023-02-23,Quebec,Montreal Auto Group,Karen Martinez,7 Series,Sedan,New,Cash,113849.54,Completed
SAL-0569,2023-07-23,Quebec,Laval Premium Cars,Richard Thomas,8 Series,Coupe,New,Cash,133083.17,Completed
SAL-0570,2024-04-27,British Columbia,Vancouver Motors,Daniel Robinson,X3,SUV,Certified Pre-Owned,Cash,56591.81,Pending
SAL-0571,2023-07-18,Quebec,Quebec City Motors,Susan Jackson,X5,SUV,Certified Pre-Owned,Cash,78174.59,Completed
SAL-0572,2024-03-04,British Columbia,Pacific Auto Centre,Patricia Davis,iX,EV,Certified Pre-Owned,Cash,96175.37,Completed
SAL-0573,2024-02-26,Manitoba,Winnipeg Auto Centre,charles garcia,X3,SUV,Certified Pre-Owned,Cash,57039.92,Cancelled
SAL-0574,2023-12-02,Quebec,Laval Premium Cars,JESSICA HARRIS,X3,SUV,Pre-Owned,Cash,62089.61,Cancelled
SAL-0575,2024-05-31,Quebec,Montreal Auto Group,jane doe,5 Series,Sedan,Certified Pre-Owned,Lease,71942.52,Pending
SAL-0576,2024-07-25,Quebec,Quebec City Motors,JOHN SMITH,X3,SUV,Pre-Owned,Lease,62171.55,Pending
SAL-0577,2023-11-09,Ontario,Downtown Auto Group,Patricia Davis,i7,EV,Pre-Owned,Finance,133745.63,Cancelled
SAL-0578,2024-01-15,British Columbia,Westcoast Dealership,Thomas Martin,i4,EV,Pre-Owned,Lease,76914.29,Completed
SAL-0579,2024-03-12,Alberta,Rocky Mountain Motors,David Taylor,5 Series,Sedan,Pre-Owned,Lease,67914.23,Cancelled
SAL-0580,2024-11-21,Manitoba,Prairie Motors,Susan Jackson,7 Series,Sedan,New,Cash,116079.28,Pending
SAL-0581,2024-12-27,British Columbia,Westcoast Dealership,michael Wilson,7 Series,Sedan,New,Finance,119960.5,Completed
SAL-0582,2023-12-28,Manitoba,Winnipeg Auto Centre,David Taylor,X5,SUV,Pre-Owned,Lease,88190.35,Pending
SAL-0583,2024-12-27,Quebec,Laval Premium Cars,Karen Martinez,5 Series,Sedan,Pre-Owned,Lease,71315.67,Completed
SAL-0584,2023-03-24,Ontario,Northside Motors,Joseph White,i4,EV,New,Finance,70027.22,Completed
SAL-0585,2024-10-04,Quebec,Montreal Auto Group,JOHN SMITH,X7,SUV,Certified Pre-Owned,Finance,109385.96,Cancelled
SAL-0586,2023-01-23,Ontario,Lakeview Cars,LINDA MOORE,X3,SUV,Pre-Owned,Lease,55588.55,Completed
SAL-0587,2023-11-08,Alberta,Edmonton Premier Cars,Daniel Robinson,iX,EV,New,Finance,90044.54,Completed
SAL-0588,2023-10-19,Alberta,Calgary Auto Hub,Thomas Martin,X5,SUV,New,Lease,77036.84,Completed
SAL-0589,2023-02-12,British Columbia,Pacific Auto Centre,Richard Thomas,X3,SUV,Pre-Owned,Cash,54548.27,Pending
SAL-0590,2024-01-17,Ontario,Lakeview Cars,Thomas Martin,4 Series,Coupe,Pre-Owned,Cash,58546.87,Cancelled
SAL-0591,2023-06-09,Quebec,Montreal Auto Group,JOHN SMITH,iX,EV,Pre-Owned,Lease,86683.54,Cancelled
SAL-0592,2024-03-28,Alberta,Rocky Mountain Motors,Richard Thomas,X7,SUV,Pre-Owned,Cash,104299.08,Pending
SAL-0593,2023-08-14,Alberta,Calgary Auto Hub,Thomas Martin,i7,EV,Certified Pre-Owned,Cash,128128.61,Completed
SAL-0594,2023-03-27,British Columbia,Vancouver Motors,Karen Martinez,X3,SUV,Certified Pre-Owned,Lease,56567.79,Completed
SAL-0595,2023-06-01,Manitoba,Winnipeg Auto Centre,JESSICA HARRIS,8 Series,Coupe,Certified Pre-Owned,Finance,,Completed
SAL-0596,2024-03-30,Quebec,Laval Premium Cars,JESSICA HARRIS,3 Series,Sedan,Certified Pre-Owned,Finance,51783.36,Completed
SAL-0597,2023-08-01,Quebec,Montreal Auto Group,barbara Anderson,3 Series,Sedan,Certified Pre-Owned,Lease,53394.08,Completed
SAL-0598,2023-10-07,Ontario,Downtown Auto Group,JESSICA HARRIS,i7,EV,New,Lease,134318.21,Pending
SAL-0599,2023-02-13,British Columbia,Vancouver Motors,barbara Anderson,8 Series,Coupe,Pre-Owned,Finance,118845.78,Pending
SAL-0600,2024-10-17,Ontario,Northside Motors,SARAH THOMPSON,8 Series,Coupe,New,Lease,121608.24,Completed
SAL-0601,2024-05-19,British Columbia,Pacific Auto Centre,Robert Johnson,5 Series,Sedan,Pre-Owned,Lease,64398.01,Completed
SAL-0602,2024-06-08,Quebec,Laval Premium Cars,Daniel Robinson,5 Series,Sedan,New,Finance,65591.06,Completed
SAL-0603,2023-10-07,British Columbia,Vancouver Motors,Susan Jackson,X3,SUV,Certified Pre-Owned,Lease,57752.79,Completed
SAL-0604,2024-09-05,Ontario,Northside Motors,Patricia Davis,X3,SUV,Pre-Owned,Finance,54183.16,Completed
SAL-0605,2023-01-14,Alberta,Calgary Auto Hub,james BROWN,4 Series,Coupe,Pre-Owned,Finance,58236.71,Completed
SAL-0606,2024-05-30,British Columbia,Pacific Auto Centre,LINDA MOORE,X3,SUV,New,Lease,57636.03,Cancelled
SAL-0607,2023-03-20,Manitoba,Winnipeg Auto Centre,MARY WILLIAMS,iX,EV,New,Cash,87677.23,Pending
SAL-0608,2024-12-27,Quebec,Laval Premium Cars,barbara Anderson,4 Series,Coupe,New,Lease,63686.23,Completed
SAL-0609,2023-05-14,British Columbia,Vancouver Motors,Robert Johnson,X3,SUV,Certified Pre-Owned,Lease,58031.71,Completed
SAL-0610,2024-11-06,Ontario,Northside Motors,charles garcia,3 Series,Sedan,Pre-Owned,Cash,56263.29,Pending
SAL-0611,2023-07-30,Ontario,Downtown Auto Group,Daniel Robinson,7 Series,Sedan,New,Cash,,Completed
SAL-0612,2023-06-14,Alberta,Rocky Mountain Motors,charles garcia,8 Series,Coupe,Pre-Owned,Lease,130988.21,Completed
SAL-0613,2023-06-25,Ontario,Northside Motors,Karen Martinez,X5,SUV,New,Lease,79596.2,Completed
SAL-0614,2024-11-20,Quebec,Quebec City Motors,MARY WILLIAMS,X5,SUV,New,Finance,76419.37,Pending
SAL-0615,2024-06-16,Alberta,Calgary Auto Hub,james BROWN,i4,EV,Certified Pre-Owned,Finance,76303.63,Completed
SAL-0616,2024-09-06,Ontario,Oakville Premium,barbara Anderson,8 Series,Coupe,Pre-Owned,Finance,133417.45,Completed
SAL-0617,2024-01-12,British Columbia,Pacific Auto Centre,Patricia Davis,i7,EV,New,Lease,125519.28,Pending
SAL-0618,2024-02-15,Ontario,Downtown Auto Group,Daniel Robinson,X5,SUV,New,Lease,75215.43,Completed
SAL-0619,2024-03-10,Manitoba,Prairie Motors,SARAH THOMPSON,3 Series,Sedan,Certified Pre-Owned,Lease,54547.59,Cancelled
SAL-0620,2024-09-09,Quebec,Quebec City Motors,Joseph White,i7,EV,Certified Pre-Owned,Lease,140362.41,Completed
SAL-0621,2023-05-18,Quebec,Quebec City Motors,JOHN SMITH,X7,SUV,New,Lease,96851.38,Completed
SAL-0622,2023-11-07,British Columbia,Vancouver Motors,LISA CLARK,4 Series,Coupe,Pre-Owned,Cash,62072.58,Completed
SAL-0623,2024-05-17,Quebec,Montreal Auto Group,charles garcia,8 Series,Coupe,Certified Pre-Owned,Lease,122409.44,Completed
SAL-0624,2024-04-05,Ontario,Oakville Premium,Richard Thomas,5 Series,Sedan,Certified Pre-Owned,Finance,,Pending
SAL-0625,2024-03-17,Alberta,Rocky Mountain Motors,james BROWN,X5,SUV,Certified Pre-Owned,Lease,79475.82,Pending
SAL-0626,2023-06-10,Manitoba,Prairie Motors,charles garcia,i7,EV,New,Finance,132168.53,Completed
SAL-0627,2023-01-29,Alberta,Edmonton Premier Cars,Daniel Robinson,4 Series,Coupe,New,Cash,61628.34,Completed
SAL-0628,2023-12-20,Alberta,Edmonton Premier Cars,Susan Jackson,5 Series,Sedan,Certified Pre-Owned,Finance,74227.11,Completed
SAL-0629,2023-04-28,Manitoba,Winnipeg Auto Centre,Richard Thomas,5 Series,Sedan,New,Cash,62959.11,Cancelled
SAL-0630,2024-12-13,Manitoba,Prairie Motors,SARAH THOMPSON,4 Series,Coupe,Pre-Owned,Cash,62521.38,Completed
SAL-0631,2024-05-23,Quebec,Montreal Auto Group,charles garcia,X5,SUV,Pre-Owned,Finance,80662.6,Completed
SAL-0632,2023-08-08,Quebec,Laval Premium Cars,barbara Anderson,7 Series,Sedan,Certified Pre-Owned,Cash,122271.81,Completed
SAL-0633,2023-03-10,Ontario,Downtown Auto Group,Daniel Robinson,8 Series,Coupe,Pre-Owned,Finance,125233.55,Pending
SAL-0634,2024-11-10,Alberta,Rocky Mountain Motors,Karen Martinez,8 Series,Coupe,Certified Pre-Owned,Cash,131924.38,Pending
SAL-0635,2024-12-21,Manitoba,Winnipeg Auto Centre,charles garcia,7 Series,Sedan,New,Lease,113160.56,Pending
SAL-0636,2024-10-03,Quebec,Quebec City Motors,jane doe,i7,EV,Pre-Owned,Cash,140557.31,Completed
SAL-0637,2023-03-07,Alberta,Edmonton Premier Cars,michael Wilson,iX,EV,Certified Pre-Owned,Finance,92480.13,Completed
SAL-0638,2023-07-16,Quebec,Montreal Auto Group,JOHN SMITH,3 Series,Sedan,New,Finance,49857.35,Pending
SAL-0639,2023-05-20,Ontario,Northside Motors,JOHN SMITH,X5,SUV,Certified Pre-Owned,Finance,75120.16,Cancelled
SAL-0640,2023-11-18,Quebec,Montreal Auto Group,LISA CLARK,3 Series,Sedan,Certified Pre-Owned,Cash,53527.95,Pending
SAL-0641,2023-04-25,Quebec,Laval Premium Cars,Daniel Robinson,X3,SUV,Pre-Owned,Lease,53546.26,Completed
SAL-0642,2023-09-01,Manitoba,Prairie Motors,LISA CLARK,i4,EV,New,Finance,69950.35,Completed
SAL-0643,2023-04-20,British Columbia,Vancouver Motors,Patricia Davis,X3,SUV,New,Finance,55322.24,Pending
SAL-0644,2024-07-12,Manitoba,Prairie Motors,JESSICA HARRIS,5 Series,Sedan,Certified Pre-Owned,Lease,66123.17,Completed
SAL-0645,2023-01-22,Alberta,Edmonton Premier Cars,LISA CLARK,8 Series,Coupe,New,Lease,117395.24,Completed
SAL-0646,2024-12-02,Manitoba,Prairie Motors,MARY WILLIAMS,8 Series,Coupe,Pre-Owned,Cash,139451.07,Pending
SAL-0647,2023-11-01,Alberta,Edmonton Premier Cars,michael Wilson,3 Series,Sedan,New,Finance,55417.62,Completed
SAL-0648,2024-04-27,Ontario,Lakeview Cars,JESSICA HARRIS,5 Series,Sedan,Certified Pre-Owned,Lease,69948.63,Pending
SAL-0649,2024-03-06,Alberta,Rocky Mountain Motors,LISA CLARK,5 Series,Sedan,Pre-Owned,Lease,71146.18,Completed
SAL-0650,2023-05-20,British Columbia,Westcoast Dealership,JOHN SMITH,i7,EV,Certified Pre-Owned,Cash,134966.35,Completed
SAL-0651,2024-04-07,Manitoba,Winnipeg Auto Centre,SARAH THOMPSON,iX,EV,Pre-Owned,Cash,85919.47,Completed
SAL-0652,2024-01-12,Alberta,Calgary Auto Hub,Patricia Davis,5 Series,Sedan,Certified Pre-Owned,Finance,68403.72,Cancelled
SAL-0653,2023-07-23,Manitoba,Winnipeg Auto Centre,David Taylor,5 Series,Sedan,Pre-Owned,Cash,68944.83,Completed
SAL-0654,2023-05-01,Ontario,Lakeview Cars,JOHN SMITH,X7,SUV,Pre-Owned,Lease,106005.57,Pending
SAL-0655,2023-07-28,Quebec,Montreal Auto Group,michael Wilson,X7,SUV,Certified Pre-Owned,Finance,100884.68,Pending
SAL-0656,2023-07-04,British Columbia,Vancouver Motors,JESSICA HARRIS,X5,SUV,New,Cash,73352.2,Completed
SAL-0657,2023-01-11,British Columbia,Vancouver Motors,SARAH THOMPSON,i4,EV,New,Finance,69509.1,Pending
SAL-0658,2024-07-24,Manitoba,Prairie Motors,jane doe,3 Series,Sedan,New,Finance,50860.84,Completed
SAL-0659,2024-05-31,Manitoba,Winnipeg Auto Centre,LISA CLARK,5 Series,Sedan,Certified Pre-Owned,Finance,69587.58,Pending
SAL-0660,2024-05-30,Ontario,Northside Motors,SARAH THOMPSON,4 Series,Coupe,Certified Pre-Owned,Finance,62702.12,Completed
SAL-0661,2023-05-11,Alberta,Calgary Auto Hub,SARAH THOMPSON,4 Series,Coupe,Certified Pre-Owned,Lease,60572.48,Completed
SAL-0662,2023-06-18,Manitoba,Prairie Motors,Richard Thomas,8 Series,Coupe,Pre-Owned,Finance,134730.3,Completed
SAL-0663,2023-02-25,Quebec,Montreal Auto Group,LINDA MOORE,X3,SUV,New,Cash,58981.59,Pending
SAL-0664,2024-12-27,Quebec,Montreal Auto Group,Karen Martinez,iX,EV,Certified Pre-Owned,Finance,92538.58,Pending
SAL-0665,2023-07-04,Alberta,Calgary Auto Hub,Patricia Davis,X5,SUV,Pre-Owned,Lease,73030.25,Completed
SAL-0666,2023-09-10,Ontario,Northside Motors,SARAH THOMPSON,i4,EV,Pre-Owned,Cash,,Completed
SAL-0667,2023-06-07,Quebec,Quebec City Motors,JOHN SMITH,5 Series,Sedan,New,Finance,65236.02,Pending
SAL-0668,2024-09-29,Ontario,Lakeview Cars,Thomas Martin,7 Series,Sedan,Certified Pre-Owned,Lease,108756.54,Cancelled
SAL-0669,2023-03-14,Alberta,Edmonton Premier Cars,Karen Martinez,7 Series,Sedan,Pre-Owned,Finance,109232.83,Completed
SAL-0670,2023-06-16,Quebec,Montreal Auto Group,Joseph White,3 Series,Sedan,Certified Pre-Owned,Finance,50211.99,Completed
SAL-0671,2024-11-12,Alberta,Rocky Mountain Motors,MARY WILLIAMS,X5,SUV,Certified Pre-Owned,Lease,77619.89,Completed
SAL-0672,2024-01-13,Manitoba,Prairie Motors,LISA CLARK,5 Series,Sedan,New,Finance,72316.81,Pending
SAL-0673,2024-06-23,British Columbia,Westcoast Dealership,charles garcia,X5,SUV,New,Finance,72761.32,Pending
SAL-0674,2024-06-19,British Columbia,Pacific Auto Centre,JESSICA HARRIS,4 Series,Coupe,Certified Pre-Owned,Lease,62243.15,Completed
SAL-0675,2024-04-20,Manitoba,Prairie Motors,Daniel Robinson,i4,EV,Certified Pre-Owned,Finance,70967.77,Completed
SAL-0676,2023-02-16,Quebec,Montreal Auto Group,Robert Johnson,X5,SUV,Certified Pre-Owned,Lease,84020.09,Completed
SAL-0677,2023-07-11,Quebec,Laval Premium Cars,michael Wilson,8 Series,Coupe,New,Cash,117240.78,Cancelled
SAL-0678,2023-01-14,Ontario,Downtown Auto Group,Patricia Davis,i4,EV,Pre-Owned,Finance,70823.3,Pending
SAL-0679,2024-12-08,Manitoba,Prairie Motors,Joseph White,8 Series,Coupe,Certified Pre-Owned,Cash,141108.88,Completed
SAL-0680,2024-10-26,British Columbia,Pacific Auto Centre,james BROWN,X5,SUV,Pre-Owned,Cash,86689.61,Pending
SAL-0681,2024-04-30,Ontario,Lakeview Cars,JESSICA HARRIS,i4,EV,New,Cash,75652.67,Completed
SAL-0682,2024-08-22,Quebec,Quebec City Motors,LINDA MOORE,5 Series,Sedan,New,Finance,65365.98,Cancelled
SAL-0683,2024-08-15,Ontario,Oakville Premium,LISA CLARK,iX,EV,Pre-Owned,Lease,,Completed
SAL-0684,2023-03-04,Manitoba,Prairie Motors,charles garcia,X7,SUV,New,Finance,104752.26,Cancelled
SAL-0685,2024-09-29,Quebec,Quebec City Motors,Susan Jackson,5 Series,Sedan,Certified Pre-Owned,Lease,,Pending
SAL-0686,2023-08-13,Alberta,Edmonton Premier Cars,Daniel Robinson,X7,SUV,Pre-Owned,Finance,102926.37,Cancelled
SAL-0687,2024-11-20,Alberta,Rocky Mountain Motors,Susan Jackson,iX,EV,Certified Pre-Owned,Cash,97706.85,Cancelled
SAL-0688,2023-06-10,Quebec,Montreal Auto Group,LISA CLARK,X3,SUV,Certified Pre-Owned,Cash,55958.21,Pending
SAL-0689,2023-09-25,Manitoba,Winnipeg Auto Centre,Susan Jackson,5 Series,Sedan,Pre-Owned,Cash,70932.08,Completed
SAL-0690,2024-09-24,Ontario,Lakeview Cars,LINDA MOORE,i4,EV,New,Lease,68394.74,Completed
SAL-0691,2024-06-11,Ontario,Lakeview Cars,LISA CLARK,X7,SUV,Pre-Owned,Cash,99122.45,Completed
SAL-0692,2023-02-12,Ontario,Downtown Auto Group,charles garcia,7 Series,Sedan,New,Cash,113628.03,Completed
SAL-0693,2024-05-25,Alberta,Rocky Mountain Motors,MARY WILLIAMS,i7,EV,New,Lease,135164.38,Completed
SAL-0694,2024-04-30,Quebec,Quebec City Motors,Richard Thomas,3 Series,Sedan,Certified Pre-Owned,Lease,49856.85,Completed
SAL-0695,2024-06-26,Alberta,Rocky Mountain Motors,JESSICA HARRIS,X3,SUV,New,Cash,54425.69,Pending
SAL-0696,2023-05-30,Manitoba,Prairie Motors,JOHN SMITH,5 Series,Sedan,Pre-Owned,Lease,69203.55,Completed
SAL-0697,2023-02-07,British Columbia,Vancouver Motors,james BROWN,5 Series,Sedan,Pre-Owned,Cash,65700.3,Cancelled
SAL-0698,2023-01-09,Manitoba,Prairie Motors,David Taylor,8 Series,Coupe,Pre-Owned,Lease,126624.76,Completed
SAL-0699,2023-07-22,Manitoba,Prairie Motors,barbara Anderson,8 Series,Coupe,New,Cash,118087.25,Cancelled
SAL-0700,2023-04-06,British Columbia,Westcoast Dealership,charles garcia,4 Series,Coupe,Pre-Owned,Finance,61812.91,Cancelled
SAL-0701,2024-03-08,Manitoba,Prairie Motors,charles garcia,X5,SUV,New,Lease,78406.72,Completed
SAL-0702,2023-11-02,Ontario,Downtown Auto Group,Daniel Robinson,5 Series,Sedan,Pre-Owned,Cash,66280.03,Pending
SAL-0703,2023-10-19,Manitoba,Winnipeg Auto Centre,Daniel Robinson,8 Series,Coupe,Pre-Owned,Cash,127818.69,Pending
SAL-0704,2023-04-11,Manitoba,Winnipeg Auto Centre,james BROWN,8 Series,Coupe,Pre-Owned,Finance,117688.29,Pending
SAL-0705,2024-01-14,Quebec,Montreal Auto Group,charles garcia,i4,EV,Certified Pre-Owned,Lease,66970.08,Cancelled
SAL-0706,2024-12-06,Quebec,Laval Premium Cars,SARAH THOMPSON,iX,EV,Pre-Owned,Finance,104172.83,Completed
SAL-0707,2023-08-06,British Columbia,Westcoast Dealership,Thomas Martin,7 Series,Sedan,Certified Pre-Owned,Cash,111731.31,Completed
SAL-0708,2024-01-14,Manitoba,Prairie Motors,Daniel Robinson,3 Series,Sedan,Certified Pre-Owned,Cash,54578.16,Cancelled
SAL-0709,2023-05-27,Alberta,Edmonton Premier Cars,james BROWN,i4,EV,Pre-Owned,Finance,69173.46,Completed
SAL-0710,2023-05-06,British Columbia,Westcoast Dealership,Karen Martinez,i4,EV,Certified Pre-Owned,Cash,74090.91,Completed
SAL-0711,2024-09-12,Alberta,Edmonton Premier Cars,james BROWN,i7,EV,New,Lease,140620.92,Pending
SAL-0712,2023-08-27,Alberta,Calgary Auto Hub,Joseph White,iX,EV,Certified Pre-Owned,Lease,93407.8,Completed
SAL-0713,2024-10-07,Ontario,Northside Motors,barbara Anderson,7 Series,Sedan,Pre-Owned,Lease,120200.85,Completed
SAL-0714,2024-05-29,Manitoba,Winnipeg Auto Centre,JOHN SMITH,X5,SUV,New,Lease,76899.77,  completed 
SAL-0715,2024-06-30,British Columbia,Westcoast Dealership,LISA CLARK,i4,EV,Certified Pre-Owned,Finance,70258.96,Cancelled
SAL-0716,2024-06-24,Quebec,Montreal Auto Group,Richard Thomas,i4,EV,Certified Pre-Owned,Finance,76948.18,Completed
SAL-0717,2023-06-07,British Columbia,Pacific Auto Centre,barbara Anderson,4 Series,Coupe,Certified Pre-Owned,Lease,65279.74,Completed
SAL-0718,2023-11-24,Ontario,Lakeview Cars,james BROWN,i4,EV,Certified Pre-Owned,Finance,81224.97,Completed
SAL-0719,2024-06-04,British Columbia,Pacific Auto Centre,charles garcia,X5,SUV,Certified Pre-Owned,Cash,73311.23,Completed
SAL-0720,2023-08-28,Quebec,Montreal Auto Group,JOHN SMITH,i7,EV,Certified Pre-Owned,Lease,139986.74,Cancelled
SAL-0721,2023-03-27,British Columbia,Vancouver Motors,charles garcia,iX,EV,New,Cash,98452.37,Completed
SAL-0722,2023-01-02,Quebec,Laval Premium Cars,Thomas Martin,i4,EV,Pre-Owned,Finance,,Completed
SAL-0723,2024-10-09,Manitoba,Prairie Motors,michael Wilson,iX,EV,Pre-Owned,Lease,89899.77,Completed
SAL-0724,2023-05-06,Alberta,Calgary Auto Hub,james BROWN,i7,EV,Pre-Owned,Lease,140208.21,Completed
SAL-0725,2024-12-25,Alberta,Rocky Mountain Motors,Thomas Martin,8 Series,Coupe,Certified Pre-Owned,Cash,132813.94,Completed
SAL-0726,2024-05-02,Ontario,Northside Motors,JOHN SMITH,7 Series,Sedan,New,Lease,121289.65,Completed
SAL-0727,2024-10-28,Quebec,Laval Premium Cars,Robert Johnson,7 Series,Sedan,Pre-Owned,Cash,113790.4,Pending
SAL-0728,2024-12-14,Manitoba,Prairie Motors,JOHN SMITH,i4,EV,New,Finance,79171.55,Completed
SAL-0729,2023-04-03,Ontario,Lakeview Cars,LISA CLARK,4 Series,Coupe,Pre-Owned,Finance,59040.14,Completed
SAL-0730,2023-07-20,Alberta,Edmonton Premier Cars,Joseph White,X3,SUV,New,Finance,54878.73,Cancelled
SAL-0731,2023-05-12,Manitoba,Winnipeg Auto Centre,Robert Johnson,7 Series,Sedan,New,Finance,108822.49,Cancelled
SAL-0732,2024-11-25,Alberta,Calgary Auto Hub,Karen Martinez,7 Series,Sedan,Pre-Owned,Finance,126827.58,  completed 
SAL-0733,2023-10-08,Ontario,Lakeview Cars,MARY WILLIAMS,iX,EV,Pre-Owned,Lease,99153.29,Pending
SAL-0734,2024-06-29,British Columbia,Pacific Auto Centre,Thomas Martin,8 Series,Coupe,Certified Pre-Owned,Cash,125461.31,Pending
SAL-0735,2023-09-13,Ontario,Northside Motors,michael Wilson,i4,EV,New,Finance,70373.73,Completed
SAL-0736,2023-09-11,Quebec,Montreal Auto Group,MARY WILLIAMS,8 Series,Coupe,Certified Pre-Owned,Cash,132544.01,Completed
SAL-0737,2024-10-02,British Columbia,Pacific Auto Centre,Thomas Martin,i4,EV,Pre-Owned,Cash,74299.02,Completed
SAL-0738,2023-02-26,Ontario,Northside Motors,barbara Anderson,5 Series,Sedan,Pre-Owned,Lease,71444.6,Pending
SAL-0739,2024-09-24,Alberta,Edmonton Premier Cars,JESSICA HARRIS,i4,EV,New,Lease,,Cancelled
SAL-0740,2024-04-09,Manitoba,Winnipeg Auto Centre,charles garcia,4 Series,Coupe,Certified Pre-Owned,Lease,60779.29,  completed 
SAL-0741,2024-06-05,Manitoba,Winnipeg Auto Centre,David Taylor,X7,SUV,Certified Pre-Owned,Finance,101390.93,Pending
SAL-0742,2024-08-21,Ontario,Downtown Auto Group,JESSICA HARRIS,X5,SUV,Pre-Owned,Lease,75521.2,Completed
SAL-0743,2023-10-26,British Columbia,Vancouver Motors,Susan Jackson,8 Series,Coupe,New,Lease,136449.8,Cancelled
SAL-0744,2023-07-20,Manitoba,Winnipeg Auto Centre,michael Wilson,iX,EV,Pre-Owned,Cash,92040.04,Completed
SAL-0745,2024-09-22,Quebec,Laval Premium Cars,barbara Anderson,8 Series,Coupe,Certified Pre-Owned,Finance,119644.25,Completed
SAL-0746,2023-08-17,Quebec,Montreal Auto Group,LINDA MOORE,7 Series,Sedan,Certified Pre-Owned,Lease,122352.17,Completed
SAL-0747,2024-02-14,Alberta,Rocky Mountain Motors,Patricia Davis,i4,EV,New,Finance,70662.43,Completed
SAL-0748,2024-08-22,Alberta,Edmonton Premier Cars,Susan Jackson,X7,SUV,New,Cash,102710.78,Completed
SAL-0749,2023-07-20,British Columbia,Vancouver Motors,JOHN SMITH,X3,SUV,New,Finance,,Completed
SAL-0750,2024-04-12,Ontario,Lakeview Cars,LINDA MOORE,X5,SUV,Certified Pre-Owned,Finance,79550.49,Completed
SAL-0751,2023-05-28,Quebec,Laval Premium Cars,james BROWN,3 Series,Sedan,New,Cash,48812.59,Cancelled
SAL-0752,2023-10-29,British Columbia,Pacific Auto Centre,james BROWN,X7,SUV,Certified Pre-Owned,Cash,114636.96,Completed
SAL-0753,2023-03-25,Manitoba,Prairie Motors,SARAH THOMPSON,X7,SUV,Pre-Owned,Lease,104084.2,Completed
SAL-0754,2024-04-20,Manitoba,Prairie Motors,Patricia Davis,i7,EV,Certified Pre-Owned,Lease,131433.96,Completed
SAL-0755,2024-08-20,Quebec,Quebec City Motors,jane doe,i7,EV,New,Cash,127208.28,Completed
SAL-0756,2023-09-18,Quebec,Quebec City Motors,Karen Martinez,X5,SUV,New,Cash,81669.43,Completed
SAL-0757,2024-04-06,Ontario,Oakville Premium,Thomas Martin,8 Series,Coupe,Certified Pre-Owned,Finance,127401.46,Completed
SAL-0758,2024-10-22,British Columbia,Vancouver Motors,Robert Johnson,X5,SUV,Certified Pre-Owned,Cash,82338.47,Completed
SAL-0759,2023-03-15,Alberta,Calgary Auto Hub,Susan Jackson,3 Series,Sedan,New,Lease,55277.19,Completed
SAL-0760,2024-07-10,Alberta,Calgary Auto Hub,David Taylor,X7,SUV,New,Finance,106709.91,Completed
SAL-0761,2024-10-31,Quebec,Laval Premium Cars,charles garcia,5 Series,Sedan,New,Finance,67420.73,Completed
SAL-0762,2023-03-29,Manitoba,Prairie Motors,Richard Thomas,iX,EV,New,Finance,89228.55,Pending
SAL-0763,2023-01-10,Alberta,Calgary Auto Hub,SARAH THOMPSON,X5,SUV,Pre-Owned,Finance,74861.14,Completed
SAL-0764,2024-08-04,Manitoba,Prairie Motors,jane doe,4 Series,Coupe,New,Cash,64419.95,Completed
SAL-0765,2024-02-05,Manitoba,Prairie Motors,Robert Johnson,i4,EV,Pre-Owned,Finance,66626.29,Completed
SAL-0766,2024-11-22,Alberta,Calgary Auto Hub,Karen Martinez,X3,SUV,New,Cash,61581.01,Cancelled
SAL-0767,2023-10-26,Quebec,Quebec City Motors,charles garcia,X3,SUV,New,Finance,63457.4,  completed 
SAL-0768,2023-05-13,Quebec,Quebec City Motors,Karen Martinez,X3,SUV,Certified Pre-Owned,Finance,61496.39,Completed
SAL-0769,2024-11-11,British Columbia,Vancouver Motors,SARAH THOMPSON,i7,EV,New,Lease,138168.41,Cancelled
SAL-0770,2023-05-27,Quebec,Quebec City Motors,Thomas Martin,X3,SUV,New,Finance,60981.27,Cancelled
SAL-0771,2023-02-10,Quebec,Quebec City Motors,Robert Johnson,i7,EV,Certified Pre-Owned,Lease,126589.65,Pending
SAL-0772,2023-09-13,Quebec,Laval Premium Cars,Patricia Davis,X5,SUV,Pre-Owned,Lease,82323.72,Pending
SAL-0773,2023-02-14,Manitoba,Winnipeg Auto Centre,LINDA MOORE,i7,EV,New,Finance,126953.76,Cancelled
SAL-0774,2023-05-05,British Columbia,Vancouver Motors,Susan Jackson,i7,EV,New,Cash,132781.41,Cancelled
SAL-0775,2023-01-28,Alberta,Calgary Auto Hub,Robert Johnson,5 Series,Sedan,Pre-Owned,Lease,71234.57,Pending
SAL-0776,2023-04-28,Quebec,Montreal Auto Group,james BROWN,5 Series,Sedan,Certified Pre-Owned,Lease,64191.1,Pending
SAL-0777,2024-04-27,British Columbia,Westcoast Dealership,David Taylor,i4,EV,New,Cash,68880.98,Completed
SAL-0778,2023-01-12,Quebec,Montreal Auto Group,David Taylor,7 Series,Sedan,New,Finance,119089.45,Completed
SAL-0779,2023-02-18,Manitoba,Winnipeg Auto Centre,charles garcia,i7,EV,Pre-Owned,Lease,139752.79,Completed
SAL-0780,2023-09-13,Ontario,Downtown Auto Group,Susan Jackson,i4,EV,New,Cash,,Completed
SAL-0781,2023-04-09,British Columbia,Westcoast Dealership,Patricia Davis,3 Series,Sedan,Pre-Owned,Cash,53613.65,Completed
SAL-0782,2024-02-09,Manitoba,Winnipeg Auto Centre,JESSICA HARRIS,X7,SUV,New,Cash,102697.26,Completed
SAL-0783,2024-04-14,Alberta,Calgary Auto Hub,LINDA MOORE,i4,EV,New,Lease,69140.73,Completed
SAL-0784,2023-04-15,British Columbia,Vancouver Motors,Karen Martinez,8 Series,Coupe,Pre-Owned,Cash,121913.92,Completed
SAL-0785,2023-06-29,Quebec,Laval Premium Cars,Richard Thomas,X5,SUV,Pre-Owned,Finance,74026.34,Completed
SAL-0786,2024-08-24,Quebec,Laval Premium Cars,JOHN SMITH,X7,SUV,New,Cash,108665.91,Cancelled
SAL-0787,2023-05-21,Quebec,Montreal Auto Group,Susan Jackson,3 Series,Sedan,Certified Pre-Owned,Finance,52693.82,Completed
SAL-0788,2023-10-12,Manitoba,Prairie Motors,Richard Thomas,4 Series,Coupe,Pre-Owned,Cash,64067.27,Cancelled
SAL-0789,2023-09-06,Ontario,Northside Motors,michael Wilson,8 Series,Coupe,Pre-Owned,Cash,124240.12,Completed
SAL-0790,2024-03-28,Quebec,Laval Premium Cars,JOHN SMITH,4 Series,Coupe,New,Finance,66437.05,Completed
SAL-0791,2024-08-29,British Columbia,Pacific Auto Centre,Karen Martinez,3 Series,Sedan,New,Cash,49115.88,Cancelled
SAL-0792,2024-09-12,British Columbia,Pacific Auto Centre,LINDA MOORE,i4,EV,Certified Pre-Owned,Finance,72993.37,Cancelled
SAL-0793,2024-01-22,Quebec,Montreal Auto Group,Patricia Davis,8 Series,Coupe,Certified Pre-Owned,Finance,125117.77,Pending
SAL-0794,2023-03-27,Quebec,Montreal Auto Group,barbara Anderson,iX,EV,Pre-Owned,Lease,93640.61,Completed
SAL-0795,2024-07-29,Alberta,Edmonton Premier Cars,LISA CLARK,8 Series,Coupe,Certified Pre-Owned,Cash,115362.2,Completed
SAL-0796,2024-01-19,British Columbia,Pacific Auto Centre,SARAH THOMPSON,7 Series,Sedan,Certified Pre-Owned,Finance,121847.08,Pending
SAL-0797,2023-05-08,Manitoba,Winnipeg Auto Centre,Joseph White,i4,EV,Pre-Owned,Cash,76978.0,Completed
SAL-0798,2024-12-06,Alberta,Rocky Mountain Motors,Susan Jackson,i7,EV,Pre-Owned,Cash,143227.22,Pending
SAL-0799,2024-11-12,Ontario,Lakeview Cars,james BROWN,7 Series,Sedan,Certified Pre-Owned,Lease,124549.29,Pending
SAL-0800,2023-04-05,Manitoba,Winnipeg Auto Centre,Joseph White,3 Series,Sedan,Certified Pre-Owned,Lease,55515.19,Cancelled
SAL-0801,2024-12-09,Quebec,Montreal Auto Group,barbara Anderson,iX,EV,Pre-Owned,Lease,99803.08,Pending
SAL-0802,2023-10-03,Ontario,Downtown Auto Group,michael Wilson,4 Series,Coupe,Pre-Owned,Finance,,Completed
SAL-0803,2024-03-02,Ontario,Downtown Auto Group,barbara Anderson,i7,EV,Pre-Owned,Finance,136647.83,Completed
SAL-0804,2024-08-03,Quebec,Montreal Auto Group,michael Wilson,5 Series,Sedan,New,Cash,69161.06,Completed
SAL-0805,2023-06-20,Quebec,Quebec City Motors,Robert Johnson,7 Series,Sedan,Certified Pre-Owned,Cash,113604.0,Pending
SAL-0806,2023-04-14,British Columbia,Vancouver Motors,JOHN SMITH,i7,EV,New,Finance,140107.2,Completed
SAL-0807,2024-09-09,British Columbia,Westcoast Dealership,charles garcia,5 Series,Sedan,Certified Pre-Owned,Finance,72725.91,Pending
SAL-0808,2024-11-12,Alberta,Edmonton Premier Cars,Joseph White,X5,SUV,Certified Pre-Owned,Lease,87476.65,Completed
SAL-0809,2023-05-23,Ontario,Oakville Premium,JOHN SMITH,i7,EV,Pre-Owned,Cash,133938.13,Cancelled
SAL-0810,2024-02-28,Alberta,Edmonton Premier Cars,michael Wilson,i7,EV,New,Lease,,Completed
SAL-0811,2024-09-13,Alberta,Rocky Mountain Motors,SARAH THOMPSON,i4,EV,Certified Pre-Owned,Lease,77585.37,Cancelled
SAL-0812,2024-01-30,Quebec,Laval Premium Cars,barbara Anderson,7 Series,Sedan,Pre-Owned,Cash,121235.72,Completed
SAL-0813,2023-03-31,Manitoba,Winnipeg Auto Centre,barbara Anderson,X5,SUV,Pre-Owned,Lease,73315.79,Pending
SAL-0814,2023-06-24,Manitoba,Winnipeg Auto Centre,Robert Johnson,X3,SUV,New,Finance,61905.41,Completed
SAL-0815,2024-11-17,Alberta,Calgary Auto Hub,MARY WILLIAMS,8 Series,Coupe,Pre-Owned,Cash,139017.82,Cancelled
SAL-0816,2023-12-18,Alberta,Calgary Auto Hub,Joseph White,7 Series,Sedan,Pre-Owned,Lease,121113.95,Pending
SAL-0817,2023-04-29,Quebec,Montreal Auto Group,barbara Anderson,X5,SUV,New,Cash,79139.12,Completed
SAL-0818,2024-01-25,Ontario,Lakeview Cars,Daniel Robinson,X5,SUV,Pre-Owned,Cash,76739.55,Completed
SAL-0819,2024-06-16,Quebec,Quebec City Motors,LISA CLARK,4 Series,Coupe,Pre-Owned,Cash,57583.24,Completed
SAL-0820,2024-11-27,British Columbia,Vancouver Motors,Thomas Martin,X5,SUV,New,Lease,79740.42,Completed
SAL-0821,2023-10-08,Ontario,Lakeview Cars,Daniel Robinson,4 Series,Coupe,Certified Pre-Owned,Lease,68254.52,Completed
SAL-0822,2023-08-19,Alberta,Calgary Auto Hub,jane doe,X7,SUV,New,Finance,93915.59,Pending
SAL-0823,2024-03-08,British Columbia,Pacific Auto Centre,SARAH THOMPSON,iX,EV,Certified Pre-Owned,Finance,89549.11,Pending
SAL-0824,2023-05-15,British Columbia,Westcoast Dealership,Richard Thomas,i4,EV,Pre-Owned,Cash,70826.9,Completed
SAL-0825,2023-08-12,Quebec,Quebec City Motors,michael Wilson,X3,SUV,Pre-Owned,Lease,58347.03,Completed
SAL-0826,2023-06-22,British Columbia,Vancouver Motors,jane doe,i7,EV,New,Finance,144068.88,Pending
SAL-0827,2024-10-04,Alberta,Rocky Mountain Motors,Joseph White,i4,EV,New,Cash,73741.4,Completed
SAL-0828,2024-11-17,British Columbia,Westcoast Dealership,Robert Johnson,i7,EV,Certified Pre-Owned,Lease,138278.9,Pending
SAL-0829,2024-05-15,Ontario,Downtown Auto Group,charles garcia,3 Series,Sedan,New,Cash,53976.01,Cancelled
SAL-0830,2024-10-22,Ontario,Northside Motors,JESSICA HARRIS,iX,EV,Certified Pre-Owned,Lease,95861.48,Completed
SAL-0831,2023-01-21,Manitoba,Winnipeg Auto Centre,Joseph White,i7,EV,Pre-Owned,Lease,129051.46,Cancelled
SAL-0832,2024-09-05,Ontario,Northside Motors,Patricia Davis,3 Series,Sedan,New,Lease,51604.3,Pending
SAL-0833,2024-07-29,British Columbia,Westcoast Dealership,David Taylor,X3,SUV,New,Cash,54667.15,Completed
SAL-0834,2023-11-04,Quebec,Laval Premium Cars,jane doe,3 Series,Sedan,Pre-Owned,Finance,51772.92,Cancelled
SAL-0835,2023-04-12,Manitoba,Prairie Motors,jane doe,X7,SUV,New,Cash,101973.36,Completed
SAL-0836,2024-01-03,British Columbia,Westcoast Dealership,David Taylor,X7,SUV,New,Lease,100676.86,Cancelled
SAL-0837,2023-09-18,British Columbia,Vancouver Motors,JESSICA HARRIS,i4,EV,Pre-Owned,Cash,76779.02,Cancelled
SAL-0838,2024-03-05,British Columbia,Westcoast Dealership,james BROWN,4 Series,Coupe,Certified Pre-Owned,Finance,,Pending
SAL-0839,2023-12-04,Ontario,Downtown Auto Group,Robert Johnson,i4,EV,Certified Pre-Owned,Finance,76574.8,Completed
SAL-0840,2023-04-18,Ontario,Oakville Premium,MARY WILLIAMS,X5,SUV,New,Lease,79650.66,Completed
SAL-0841,2024-09-14,Alberta,Rocky Mountain Motors,MARY WILLIAMS,8 Series,Coupe,New,Cash,115261.89,Completed
SAL-0842,2023-05-11,Manitoba,Prairie Motors,David Taylor,i7,EV,New,Lease,138532.41,Cancelled
SAL-0843,2024-10-16,Manitoba,Prairie Motors,Susan Jackson,7 Series,Sedan,Pre-Owned,Cash,114529.65,Cancelled
SAL-0844,2024-03-14,Alberta,Edmonton Premier Cars,charles garcia,8 Series,Coupe,Pre-Owned,Cash,134221.41,Completed
SAL-0845,2023-09-03,Alberta,Calgary Auto Hub,Robert Johnson,3 Series,Sedan,New,Lease,49076.87,Completed
SAL-0846,2024-05-24,Ontario,Oakville Premium,charles garcia,X5,SUV,Pre-Owned,Lease,76934.51,Cancelled
SAL-0847,2024-11-08,Ontario,Oakville Premium,charles garcia,4 Series,Coupe,Pre-Owned,Lease,60781.0,Completed
SAL-0848,2024-01-11,Manitoba,Winnipeg Auto Centre,james BROWN,X3,SUV,Pre-Owned,Finance,62610.99,Completed
SAL-0849,2023-05-01,Ontario,Lakeview Cars,barbara Anderson,X7,SUV,Certified Pre-Owned,Finance,102035.82,  completed 
SAL-0850,2024-04-19,Quebec,Montreal Auto Group,LISA CLARK,4 Series,Coupe,Certified Pre-Owned,Cash,,Completed
SAL-0851,2024-02-16,Ontario,Downtown Auto Group,Susan Jackson,4 Series,Coupe,New,Cash,57705.4,Pending
SAL-0852,2023-01-08,British Columbia,Vancouver Motors,james BROWN,5 Series,Sedan,Pre-Owned,Finance,70719.57,Completed
SAL-0853,2024-03-25,British Columbia,Westcoast Dealership,Thomas Martin,4 Series,Coupe,New,Cash,59122.26,  completed 
SAL-0854,2023-02-11,British Columbia,Pacific Auto Centre,james BROWN,X5,SUV,Certified Pre-Owned,Finance,82967.72,Completed
SAL-0855,2024-03-07,Quebec,Laval Premium Cars,SARAH THOMPSON,4 Series,Coupe,Pre-Owned,Finance,59074.99,Completed
SAL-0856,2023-04-21,Manitoba,Prairie Motors,JOHN SMITH,X3,SUV,New,Cash,55129.58,Completed
SAL-0857,2024-05-06,Alberta,Edmonton Premier Cars,barbara Anderson,5 Series,Sedan,Certified Pre-Owned,Finance,62957.66,Completed
SAL-0858,2023-04-28,Manitoba,Winnipeg Auto Centre,David Taylor,X5,SUV,Pre-Owned,Cash,77651.4,Pending
SAL-0859,2024-10-06,Manitoba,Winnipeg Auto Centre,james BROWN,X7,SUV,New,Cash,108211.12,Completed
SAL-0860,2023-07-24,British Columbia,Vancouver Motors,Robert Johnson,7 Series,Sedan,New,Finance,107009.04,Pending
SAL-0861,2023-03-04,British Columbia,Vancouver Motors,charles garcia,iX,EV,Certified Pre-Owned,Lease,96055.77,Completed
SAL-0862,2023-11-24,Alberta,Rocky Mountain Motors,jane doe,i4,EV,New,Cash,75034.98,Completed
SAL-0863,2023-07-09,Quebec,Quebec City Motors,David Taylor,5 Series,Sedan,Certified Pre-Owned,Finance,68265.37,Completed
SAL-0864,2024-01-06,Manitoba,Winnipeg Auto Centre,Daniel Robinson,8 Series,Coupe,Pre-Owned,Lease,123815.25,Completed
SAL-0865,2024-09-08,Ontario,Downtown Auto Group,MARY WILLIAMS,X7,SUV,New,Lease,100380.45,Completed
SAL-0866,2023-07-26,Manitoba,Prairie Motors,Karen Martinez,8 Series,Coupe,Pre-Owned,Cash,126192.81,Completed
SAL-0867,2024-10-06,Manitoba,Prairie Motors,MARY WILLIAMS,8 Series,Coupe,Certified Pre-Owned,Cash,124010.05,Pending
SAL-0868,2023-10-24,Ontario,Northside Motors,jane doe,4 Series,Coupe,Pre-Owned,Cash,61786.96,Completed
SAL-0869,2024-06-05,Manitoba,Winnipeg Auto Centre,Joseph White,X5,SUV,Pre-Owned,FINANCE,82515.08,Pending
SAL-0870,2024-04-11,Manitoba,Winnipeg Auto Centre,charles garcia,7 Series,Sedan,Pre-Owned,Lease,123208.52,Cancelled
SAL-0871,2023-08-18,Alberta,Rocky Mountain Motors,jane doe,3 Series,Sedan,Pre-Owned,Cash,,Completed
SAL-0872,2023-09-12,British Columbia,Vancouver Motors,michael Wilson,7 Series,Sedan,Pre-Owned,Cash,110781.7,Completed
SAL-0873,2024-02-23,Alberta,Calgary Auto Hub,LISA CLARK,4 Series,Coupe,Certified Pre-Owned,Finance,63428.48,  completed 
SAL-0874,2024-07-04,Alberta,Calgary Auto Hub,Daniel Robinson,4 Series,Coupe,New,Lease,61094.64,Pending
SAL-0875,2023-11-29,Manitoba,Winnipeg Auto Centre,David Taylor,i4,EV,New,Lease,69859.07,Pending
SAL-0876,2024-05-22,Alberta,Calgary Auto Hub,Patricia Davis,i4,EV,Certified Pre-Owned,Cash,68038.88,Completed
SAL-0877,2023-07-01,Alberta,Calgary Auto Hub,Joseph White,4 Series,Coupe,Pre-Owned,Lease,64142.44,Completed
SAL-0878,2023-01-13,Quebec,Montreal Auto Group,LISA CLARK,X7,SUV,New,Finance,,Pending
SAL-0879,2023-10-02,Ontario,Northside Motors,james BROWN,X3,SUV,Pre-Owned,Lease,56292.02,  completed 
SAL-0880,2023-05-23,Manitoba,Prairie Motors,SARAH THOMPSON,3 Series,Sedan,Pre-Owned,Finance,49686.81,Completed
SAL-0881,2023-02-15,Manitoba,Prairie Motors,MARY WILLIAMS,3 Series,Sedan,Pre-Owned,Finance,49762.54,Completed
SAL-0882,2024-01-30,British Columbia,Pacific Auto Centre,james BROWN,X5,SUV,Certified Pre-Owned,Lease,80145.22,Completed
SAL-0883,2023-08-18,Ontario,Oakville Premium,MARY WILLIAMS,X3,SUV,Certified Pre-Owned,Finance,53542.91,Completed
SAL-0884,2024-03-14,Ontario,Downtown Auto Group,charles garcia,X3,SUV,Certified Pre-Owned,Lease,54326.13,Completed
SAL-0885,2023-04-17,Alberta,Rocky Mountain Motors,David Taylor,8 Series,Coupe,Certified Pre-Owned,Lease,130998.32,Completed
SAL-0886,2023-05-31,Ontario,Downtown Auto Group,Richard Thomas,X7,SUV,New,Finance,96753.85,Pending
SAL-0887,2023-10-13,Ontario,Downtown Auto Group,james BROWN,i7,EV,New,Finance,145214.28,Completed
SAL-0888,2024-10-13,Quebec,Quebec City Motors,Richard Thomas,i7,EV,New,Lease,135811.99,Completed
SAL-0889,2023-03-27,Quebec,Laval Premium Cars,Daniel Robinson,X5,SUV,Pre-Owned,Finance,73001.03,Cancelled
SAL-0890,2023-07-28,Ontario,Northside Motors,JOHN SMITH,4 Series,Coupe,Certified Pre-Owned,Lease,59452.27,Pending
SAL-0891,2024-04-16,Alberta,Edmonton Premier Cars,james BROWN,X5,SUV,Pre-Owned,Finance,80773.89,Completed
SAL-0892,2023-01-27,Ontario,Northside Motors,JESSICA HARRIS,i7,EV,Certified Pre-Owned,Cash,142683.04,Completed
SAL-0893,2023-05-25,British Columbia,Pacific Auto Centre,Robert Johnson,X5,SUV,New,Cash,82121.14,Completed
SAL-0894,2024-06-24,British Columbia,Vancouver Motors,barbara Anderson,X7,SUV,Certified Pre-Owned,Finance,100322.04,Completed
SAL-0895,2023-02-02,Ontario,Northside Motors,LISA CLARK,7 Series,Sedan,New,Lease,,Completed
SAL-0896,2024-12-27,Quebec,Laval Premium Cars,LINDA MOORE,8 Series,Coupe,Certified Pre-Owned,Cash,125054.67,Completed
SAL-0897,2024-09-25,British Columbia,Westcoast Dealership,jane doe,X5,SUV,New,Finance,75418.48,Completed
SAL-0898,2024-10-30,Ontario,Oakville Premium,Joseph White,iX,EV,Certified Pre-Owned,Cash,102725.77,Completed
SAL-0899,2024-09-09,Ontario,Downtown Auto Group,Richard Thomas,5 Series,Sedan,New,Cash,62701.46,Completed
SAL-0900,2023-07-26,Ontario,Lakeview Cars,jane doe,X7,SUV,New,Finance,95235.5,Completed
SAL-0901,2023-04-06,Quebec,Montreal Auto Group,barbara Anderson,5 Series,Sedan,New,Finance,64821.8,Completed
SAL-0902,2024-12-20,Quebec,Laval Premium Cars,MARY WILLIAMS,4 Series,Coupe,Certified Pre-Owned,Finance,60168.36,Cancelled
SAL-0903,2023-02-08,Manitoba,Prairie Motors,barbara Anderson,i7,EV,New,Cash,128119.01,Pending
SAL-0904,2023-06-14,British Columbia,Pacific Auto Centre,charles garcia,X7,SUV,Pre-Owned,Lease,103355.24,Cancelled
SAL-0905,2024-09-30,British Columbia,Vancouver Motors,JESSICA HARRIS,8 Series,Coupe,New,Lease,123428.49,Pending
SAL-0906,2023-01-16,British Columbia,Westcoast Dealership,james BROWN,i4,EV,Certified Pre-Owned,Lease,76523.58,Completed
SAL-0907,2024-08-13,Alberta,Calgary Auto Hub,Susan Jackson,5 Series,Sedan,Certified Pre-Owned,Cash,71453.79,Completed
SAL-0908,2023-05-24,Quebec,Quebec City Motors,MARY WILLIAMS,i7,EV,Pre-Owned,Finance,131583.25,Completed
SAL-0909,2024-06-08,Manitoba,Winnipeg Auto Centre,LISA CLARK,iX,EV,Certified Pre-Owned,Finance,88458.71,Completed
SAL-0910,2024-07-28,Ontario,Downtown Auto Group,JOHN SMITH,X7,SUV,New,Cash,100036.58,Completed
SAL-0911,2023-04-06,British Columbia,Vancouver Motors,Susan Jackson,i7,EV,Certified Pre-Owned,Finance,136950.37,Cancelled
SAL-0912,2024-02-16,Ontario,Oakville Premium,Richard Thomas,i4,EV,New,Finance,69328.09,Completed
SAL-0913,2023-02-09,Quebec,Montreal Auto Group,Karen Martinez,8 Series,Coupe,New,Finance,127482.98,Completed
SAL-0914,2024-03-16,Manitoba,Prairie Motors,SARAH THOMPSON,5 Series,Sedan,New,Cash,67014.4,Completed
SAL-0915,2023-05-26,Alberta,Edmonton Premier Cars,Robert Johnson,X3,SUV,Certified Pre-Owned,Finance,58483.0,Completed
SAL-0916,2023-02-25,Manitoba,Winnipeg Auto Centre,Robert Johnson,4 Series,Coupe,Certified Pre-Owned,Finance,61366.38,Completed
SAL-0917,2024-03-23,Quebec,Laval Premium Cars,Susan Jackson,X7,SUV,Pre-Owned,Lease,98645.68,Pending
SAL-0918,2024-11-11,British Columbia,Pacific Auto Centre,Richard Thomas,X5,SUV,New,Cash,87776.53,Pending
SAL-0919,2023-05-09,Quebec,Quebec City Motors,Thomas Martin,5 Series,Sedan,Pre-Owned,Lease,,Completed
SAL-0920,2023-12-23,Manitoba,Winnipeg Auto Centre,michael Wilson,i4,EV,New,Lease,71246.81,Cancelled
SAL-0921,2024-05-26,Alberta,Edmonton Premier Cars,Thomas Martin,7 Series,Sedan,Certified Pre-Owned,Finance,121779.81,Completed
SAL-0922,2024-03-14,Alberta,Calgary Auto Hub,Susan Jackson,X5,SUV,New,Lease,77843.14,Cancelled
SAL-0923,2023-03-31,Quebec,Laval Premium Cars,MARY WILLIAMS,4 Series,Coupe,New,Lease,65913.96,Completed
SAL-0924,2024-08-18,Manitoba,Winnipeg Auto Centre,jane doe,i7,EV,Pre-Owned,Finance,141476.87,Pending
SAL-0925,2023-12-26,Ontario,Northside Motors,Thomas Martin,i4,EV,Certified Pre-Owned,Lease,,Pending
SAL-0926,2024-02-29,Alberta,Edmonton Premier Cars,LINDA MOORE,8 Series,Coupe,New,Finance,,Completed
SAL-0927,2024-08-08,Manitoba,Prairie Motors,JESSICA HARRIS,4 Series,Coupe,New,Lease,59705.28,Pending
SAL-0928,2024-02-04,Manitoba,Prairie Motors,Patricia Davis,X7,SUV,Certified Pre-Owned,Finance,102679.47,Cancelled
SAL-0929,2024-08-13,British Columbia,Westcoast Dealership,Joseph White,7 Series,Sedan,Pre-Owned,Finance,117456.0,Cancelled
SAL-0930,2024-08-30,Ontario,Oakville Premium,james BROWN,7 Series,Sedan,New,Lease,110545.13,Cancelled
SAL-0931,2023-09-03,British Columbia,Vancouver Motors,LINDA MOORE,4 Series,Coupe,Certified Pre-Owned,Cash,58422.41,Cancelled
SAL-0932,2023-03-26,Quebec,Quebec City Motors,james BROWN,5 Series,Sedan,Pre-Owned,Cash,71644.04,Cancelled
SAL-0933,2023-09-26,Ontario,Downtown Auto Group,Patricia Davis,X5,SUV,New,Cash,84045.34,Pending
SAL-0934,2023-03-17,Ontario,Oakville Premium,SARAH THOMPSON,5 Series,Sedan,Pre-Owned,Cash,68279.51,Completed
SAL-0935,2023-01-11,Quebec,Montreal Auto Group,Patricia Davis,X5,SUV,Pre-Owned,Lease,73902.56,Cancelled
SAL-0936,2024-06-18,Alberta,Edmonton Premier Cars,David Taylor,3 Series,Sedan,New,Cash,,Cancelled
SAL-0937,2023-08-11,British Columbia,Pacific Auto Centre,JOHN SMITH,4 Series,Coupe,Certified Pre-Owned,Cash,57222.44,Completed
SAL-0938,2023-12-23,Alberta,Edmonton Premier Cars,Karen Martinez,X3,SUV,Pre-Owned,Finance,64936.93,Pending
SAL-0939,2023-07-22,Quebec,Montreal Auto Group,David Taylor,4 Series,Coupe,Certified Pre-Owned,Cash,58208.09,Cancelled
SAL-0940,2024-04-01,British Columbia,Westcoast Dealership,JESSICA HARRIS,iX,EV,Pre-Owned,Lease,93126.32,Completed
SAL-0941,2024-10-09,Quebec,Montreal Auto Group,Robert Johnson,8 Series,Coupe,Certified Pre-Owned,Cash,126505.16,Completed
SAL-0942,2023-04-28,Manitoba,Prairie Motors,Patricia Davis,i4,EV,Certified Pre-Owned,Finance,72624.13,Completed
SAL-0943,2023-01-10,Alberta,Calgary Auto Hub,Richard Thomas,4 Series,Coupe,Pre-Owned,Cash,63502.09,Completed
SAL-0944,2023-10-18,British Columbia,Westcoast Dealership,LISA CLARK,5 Series,Sedan,New,Lease,75166.97,Completed
SAL-0945,2023-11-24,Ontario,Oakville Premium,michael Wilson,iX,EV,New,Cash,92062.45,Pending
SAL-0946,2023-12-01,Ontario,Oakville Premium,Daniel Robinson,X7,SUV,Certified Pre-Owned,Cash,,  completed 
SAL-0947,2023-05-15,Manitoba,Winnipeg Auto Centre,Joseph White,iX,EV,New,Lease,,Cancelled
SAL-0948,2023-11-21,Ontario,Oakville Premium,Susan Jackson,8 Series,Coupe,Certified Pre-Owned,Cash,139650.39,Cancelled
SAL-0949,2024-10-18,Alberta,Rocky Mountain Motors,MARY WILLIAMS,iX,EV,Certified Pre-Owned,Lease,,Completed
SAL-0950,2023-06-24,Ontario,Lakeview Cars,Robert Johnson,i4,EV,New,FINANCE,73122.2,Completed
SAL-0951,2023-02-19,Ontario,Lakeview Cars,barbara Anderson,3 Series,Sedan,New,Finance,52836.3,Completed
SAL-0952,2023-05-10,British Columbia,Pacific Auto Centre,Richard Thomas,i4,EV,New,Lease,73901.22,Pending
SAL-0953,2024-05-16,British Columbia,Westcoast Dealership,David Taylor,i7,EV,Certified Pre-Owned,Lease,127988.02,Pending
SAL-0954,2024-10-24,Ontario,Lakeview Cars,michael Wilson,X7,SUV,Pre-Owned,Cash,114201.36,Completed
SAL-0955,2024-05-14,British Columbia,Vancouver Motors,MARY WILLIAMS,i4,EV,Certified Pre-Owned,Cash,71064.24,Cancelled
SAL-0956,2023-06-07,Alberta,Rocky Mountain Motors,charles garcia,i7,EV,New,Cash,132475.79,Completed
SAL-0957,2023-03-12,Manitoba,Winnipeg Auto Centre,David Taylor,i4,EV,Certified Pre-Owned,Cash,72217.93,Completed
SAL-0958,2023-01-17,Quebec,Montreal Auto Group,Thomas Martin,3 Series,Sedan,New,Finance,48230.76,Completed
SAL-0959,2023-08-06,Ontario,Downtown Auto Group,james BROWN,8 Series,Coupe,Certified Pre-Owned,Lease,118325.67,Pending
SAL-0960,2024-03-08,Ontario,Downtown Auto Group,michael Wilson,i7,EV,Certified Pre-Owned,Cash,140141.53,Pending
SAL-0961,2023-02-21,Manitoba,Prairie Motors,LINDA MOORE,7 Series,Sedan,New,Cash,107323.5,Completed
SAL-0962,2024-09-27,Ontario,Downtown Auto Group,Joseph White,4 Series,Coupe,Certified Pre-Owned,Finance,63023.27,Completed
SAL-0963,2023-12-22,Quebec,Montreal Auto Group,barbara Anderson,X3,SUV,Pre-Owned,Lease,58418.68,Completed
SAL-0964,2023-06-24,Manitoba,Prairie Motors,Richard Thomas,4 Series,Coupe,Pre-Owned,Cash,60901.81,Completed
SAL-0965,2023-01-22,Ontario,Oakville Premium,Patricia Davis,iX,EV,Certified Pre-Owned,Cash,88889.57,Completed
SAL-0966,2023-09-11,Quebec,Laval Premium Cars,SARAH THOMPSON,5 Series,Sedan,New,Cash,66429.72,Completed
SAL-0967,2023-04-13,Manitoba,Winnipeg Auto Centre,barbara Anderson,X3,SUV,Pre-Owned,Finance,60032.75,Pending
SAL-0968,2023-01-14,Quebec,Quebec City Motors,Susan Jackson,8 Series,Coupe,Certified Pre-Owned,Lease,120942.43,Completed
SAL-0969,2024-12-03,Manitoba,Prairie Motors,charles garcia,5 Series,Sedan,Pre-Owned,Lease,72158.61,Completed
SAL-0970,2023-09-08,British Columbia,Vancouver Motors,Daniel Robinson,i4,EV,Pre-Owned,Lease,71724.1,Pending
SAL-0971,2024-10-03,Quebec,Laval Premium Cars,Karen Martinez,5 Series,Sedan,Certified Pre-Owned,Lease,73269.78,Completed
SAL-0972,2023-11-13,Quebec,Laval Premium Cars,michael Wilson,iX,EV,New,Lease,103351.64,Cancelled
SAL-0973,2023-04-23,Quebec,Laval Premium Cars,JOHN SMITH,8 Series,Coupe,Certified Pre-Owned,Lease,129651.44,Completed
SAL-0974,2023-10-23,Manitoba,Winnipeg Auto Centre,Robert Johnson,8 Series,Coupe,Certified Pre-Owned,Cash,125263.75,Pending
SAL-0975,2024-03-16,Ontario,Oakville Premium,Susan Jackson,4 Series,Coupe,Pre-Owned,Cash,57349.34,Completed
SAL-0976,2023-10-05,Manitoba,Winnipeg Auto Centre,james BROWN,7 Series,Sedan,Pre-Owned,Cash,116156.94,Pending
SAL-0977,2024-10-14,Quebec,Quebec City Motors,Joseph White,X7,SUV,Certified Pre-Owned,Finance,108729.26,Completed
SAL-0978,2023-11-27,British Columbia,Westcoast Dealership,Daniel Robinson,i7,EV,New,Lease,131576.34,Completed
SAL-0979,2024-07-12,Alberta,Calgary Auto Hub,Patricia Davis,8 Series,Coupe,Certified Pre-Owned,Finance,124927.32,Completed
SAL-0980,2024-04-22,Alberta,Edmonton Premier Cars,JESSICA HARRIS,8 Series,Coupe,Certified Pre-Owned,Finance,126936.86,Completed
SAL-0981,2024-08-17,Ontario,Northside Motors,charles garcia,4 Series,Coupe,Certified Pre-Owned,Cash,60355.7,Cancelled
SAL-0982,2023-01-07,Quebec,Montreal Auto Group,Thomas Martin,i7,EV,Pre-Owned,Finance,140851.7,Completed
SAL-0983,2024-08-02,Ontario,Lakeview Cars,SARAH THOMPSON,5 Series,Sedan,Pre-Owned,Finance,63719.79,Completed
SAL-0984,2024-05-22,Ontario,Northside Motors,james BROWN,X7,SUV,New,Lease,95066.25,Completed
SAL-0985,2023-03-10,Ontario,Oakville Premium,JOHN SMITH,X3,SUV,New,Lease,60117.59,Completed
SAL-0986,2023-05-05,Ontario,Oakville Premium,barbara Anderson,i4,EV,Certified Pre-Owned,Finance,71948.06,Completed
SAL-0987,2023-05-30,Manitoba,Prairie Motors,JOHN SMITH,5 Series,Sedan,New,Cash,70049.82,Completed
SAL-0988,2024-11-14,Quebec,Quebec City Motors,MARY WILLIAMS,8 Series,Coupe,Pre-Owned,Finance,129881.37,Completed
SAL-0989,2023-06-01,Ontario,Oakville Premium,JOHN SMITH,iX,EV,Certified Pre-Owned,Finance,88267.04,  completed 
SAL-0990,2023-05-23,Manitoba,Prairie Motors,Thomas Martin,5 Series,Sedan,Pre-Owned,Finance,,Completed
SAL-0991,2024-06-09,Manitoba,Winnipeg Auto Centre,Robert Johnson,8 Series,Coupe,New,Lease,130988.32,Completed
SAL-0992,2023-03-11,British Columbia,Vancouver Motors,SARAH THOMPSON,8 Series,Coupe,Certified Pre-Owned,Finance,128893.93,Cancelled
SAL-0993,2023-11-28,Manitoba,Prairie Motors,Daniel Robinson,X7,SUV,Pre-Owned,Finance,103195.48,Cancelled
SAL-0994,2023-04-19,British Columbia,Pacific Auto Centre,SARAH THOMPSON,7 Series,Sedan,Pre-Owned,Finance,116660.24,Completed
SAL-0995,2024-01-29,British Columbia,Pacific Auto Centre,JESSICA HARRIS,X7,SUV,New,Cash,99731.09,Cancelled
SAL-0996,2023-11-25,Quebec,Quebec City Motors,MARY WILLIAMS,3 Series,Sedan,Pre-Owned,Finance,51032.06,Pending
SAL-0997,2024-11-26,British Columbia,Vancouver Motors,barbara Anderson,iX,EV,New,Cash,103050.0,Completed
SAL-0998,2023-02-04,Ontario,Downtown Auto Group,james BROWN,3 Series,Sedan,New,Finance,48978.33,Pending
SAL-0999,2024-08-07,Manitoba,Prairie Motors,SARAH THOMPSON,X3,SUV,Pre-Owned,Finance,62178.2,Completed
SAL-1000,2024-01-21,Ontario,Oakville Premium,Robert Johnson,i7,EV,Pre-Owned,Cash,133833.72,Completed
SAL-1001,2023-08-18,British Columbia,Pacific Auto Centre,barbara Anderson,4 Series,Coupe,Certified Pre-Owned,Finance,58876.52,Completed
SAL-1002,2024-09-25,Ontario,Northside Motors,jane doe,8 Series,Coupe,Pre-Owned,Lease,125838.02,Completed
SAL-1003,2023-09-25,Ontario,Downtown Auto Group,michael Wilson,8 Series,Coupe,Certified Pre-Owned,Cash,132458.92,Completed
SAL-1004,2024-07-31,Ontario,Northside Motors,LISA CLARK,i4,EV,Pre-Owned,Cash,74675.23,Completed
SAL-1005,2023-10-05,Manitoba,Winnipeg Auto Centre,jane doe,i4,EV,New,Cash,79308.16,Pending
SAL-1006,2023-01-27,Alberta,Calgary Auto Hub,michael Wilson,3 Series,Sedan,Pre-Owned,Lease,53321.08,Pending
SAL-1007,2023-05-09,Ontario,Oakville Premium,JESSICA HARRIS,i7,EV,Pre-Owned,Finance,139153.17,Cancelled
SAL-1008,2024-03-23,Alberta,Edmonton Premier Cars,jane doe,X5,SUV,New,Cash,82357.96,Completed
SAL-1009,2023-09-13,Manitoba,Winnipeg Auto Centre,jane doe,7 Series,Sedan,New,Cash,110393.89,Completed
SAL-1010,2024-09-12,Manitoba,Winnipeg Auto Centre,Joseph White,4 Series,Coupe,Certified Pre-Owned,Lease,61895.1,Completed
SAL-1011,2024-03-30,British Columbia,Vancouver Motors,barbara Anderson,4 Series,Coupe,Certified Pre-Owned,Lease,59234.4,Completed
SAL-1012,2023-12-21,Alberta,Rocky Mountain Motors,JESSICA HARRIS,3 Series,Sedan,Pre-Owned,Lease,58860.27,Pending
SAL-1013,2023-05-06,Manitoba,Winnipeg Auto Centre,Susan Jackson,4 Series,Coupe,Pre-Owned,Cash,66405.07,Completed
SAL-1014,2023-02-04,Quebec,Montreal Auto Group,David Taylor,5 Series,Sedan,Certified Pre-Owned,Lease,62988.96,Pending
SAL-1015,2024-01-27,Manitoba,Prairie Motors,Joseph White,i4,EV,Certified Pre-Owned,Cash,74368.23,Completed
SAL-1016,2023-12-23,Ontario,Lakeview Cars,JOHN SMITH,7 Series,Sedan,Pre-Owned,Finance,128965.8,Completed
SAL-1017,2023-02-28,Alberta,Rocky Mountain Motors,MARY WILLIAMS,iX,EV,Pre-Owned,Finance,87298.07,Completed
SAL-1018,2024-04-23,Manitoba,Prairie Motors,LINDA MOORE,X5,SUV,New,Cash,78847.96,Completed
SAL-1019,2024-08-07,British Columbia,Westcoast Dealership,Joseph White,8 Series,Coupe,New,Lease,133309.77,Completed
SAL-1020,2024-08-05,Manitoba,Winnipeg Auto Centre,Richard Thomas,5 Series,Sedan,Certified Pre-Owned,Cash,62929.33,Pending
SAL-1021,2023-03-01,Alberta,Edmonton Premier Cars,Daniel Robinson,X5,SUV,New,Finance,80463.8,Cancelled
SAL-1022,2023-05-11,Alberta,Edmonton Premier Cars,LINDA MOORE,8 Series,Coupe,Pre-Owned,Cash,120946.98,Completed
SAL-1023,2023-11-21,Ontario,Northside Motors,jane doe,i7,EV,Pre-Owned,Lease,151375.31,Completed
SAL-1024,2024-09-06,Alberta,Calgary Auto Hub,LINDA MOORE,4 Series,Coupe,Certified Pre-Owned,Cash,66672.9,Completed
SAL-1025,2023-03-15,British Columbia,Vancouver Motors,JESSICA HARRIS,8 Series,Coupe,Certified Pre-Owned,Cash,133885.33,Completed
SAL-1026,2023-10-29,Quebec,Laval Premium Cars,LISA CLARK,8 Series,Coupe,New,Cash,130708.5,Completed
SAL-1027,2024-06-07,Ontario,Downtown Auto Group,charles garcia,X5,SUV,Pre-Owned,Lease,82518.29,Completed
SAL-1028,2023-08-18,British Columbia,Vancouver Motors,Daniel Robinson,3 Series,Sedan,Pre-Owned,Lease,54866.65,Cancelled
SAL-1029,2024-06-21,Manitoba,Winnipeg Auto Centre,charles garcia,i7,EV,Certified Pre-Owned,Finance,131092.57,Completed
SAL-1030,2024-04-11,Alberta,Calgary Auto Hub,Richard Thomas,4 Series,Coupe,Pre-Owned,Cash,65262.84,Completed
SAL-1031,2024-10-31,Ontario,Lakeview Cars,SARAH THOMPSON,5 Series,Sedan,Pre-Owned,Cash,66110.78,Pending
SAL-1032,2024-11-21,British Columbia,Westcoast Dealership,Daniel Robinson,X5,SUV,Pre-Owned,Cash,83161.52,Cancelled
SAL-1033,2023-06-01,Ontario,Oakville Premium,Daniel Robinson,i7,EV,Certified Pre-Owned,Lease,129168.19,Completed
SAL-1034,2023-04-14,Ontario,Oakville Premium,james BROWN,8 Series,Coupe,New,Finance,117411.34,Completed
SAL-1035,2023-05-11,Manitoba,Prairie Motors,Joseph White,iX,EV,Pre-Owned,Lease,85772.75,Completed
SAL-1036,2023-02-16,Alberta,Rocky Mountain Motors,Robert Johnson,7 Series,Sedan,Pre-Owned,Finance,118611.71,Pending
SAL-1037,2023-05-18,Quebec,Quebec City Motors,Patricia Davis,i7,EV,Pre-Owned,Lease,131541.3,Cancelled
SAL-1038,2023-11-25,Alberta,Rocky Mountain Motors,Thomas Martin,iX,EV,New,Lease,100074.0,Cancelled
SAL-1039,2024-06-14,Quebec,Quebec City Motors,charles garcia,7 Series,Sedan,Pre-Owned,Lease,107002.56,Pending
SAL-1040,2024-06-15,British Columbia,Pacific Auto Centre,David Taylor,X5,SUV,Pre-Owned,Lease,75694.82,Completed
SAL-1041,2023-06-23,Alberta,Edmonton Premier Cars,barbara Anderson,i4,EV,Certified Pre-Owned,Lease,72454.94,Completed
SAL-1042,2024-09-04,British Columbia,Westcoast Dealership,jane doe,X3,SUV,Pre-Owned,Lease,,Completed
SAL-1043,2024-03-31,British Columbia,Vancouver Motors,charles garcia,i7,EV,New,Finance,131085.05,Completed
SAL-1044,2023-09-27,Ontario,Oakville Premium,Robert Johnson,iX,EV,New,Finance,93853.12,Completed
SAL-1045,2023-06-10,British Columbia,Westcoast Dealership,charles garcia,5 Series,Sedan,Certified Pre-Owned,Finance,72199.44,Pending
SAL-1046,2024-12-23,Alberta,Calgary Auto Hub,charles garcia,i4,EV,Certified Pre-Owned,Cash,77001.48,Cancelled
SAL-1047,2024-01-21,Ontario,Northside Motors,LINDA MOORE,X7,SUV,Pre-Owned,Cash,97641.9,Completed
SAL-1048,2024-10-12,Quebec,Quebec City Motors,Robert Johnson,X3,SUV,Pre-Owned,Lease,,Completed
SAL-1049,2024-03-04,British Columbia,Westcoast Dealership,David Taylor,X3,SUV,Pre-Owned,Finance,61434.52,Cancelled
SAL-1050,2024-11-15,British Columbia,Vancouver Motors,SARAH THOMPSON,X5,SUV,Certified Pre-Owned,Lease,75626.71,Pending
SAL-1051,2024-04-02,British Columbia,Pacific Auto Centre,Richard Thomas,8 Series,Coupe,New,Lease,132494.03,Pending
SAL-1052,2023-05-12,Ontario,Lakeview Cars,SARAH THOMPSON,i7,EV,Certified Pre-Owned,Lease,135625.04,Pending
SAL-1053,2023-11-27,British Columbia,Vancouver Motors,David Taylor,7 Series,Sedan,Pre-Owned,Finance,129232.79,Pending
SAL-1054,2023-08-13,Ontario,Lakeview Cars,Richard Thomas,i7,EV,Pre-Owned,Cash,141453.72,Completed
SAL-1055,2024-09-17,Manitoba,Winnipeg Auto Centre,Richard Thomas,7 Series,Sedan,New,Lease,,Cancelled
SAL-1056,2024-11-01,Ontario,Lakeview Cars,jane doe,4 Series,Coupe,Pre-Owned,Cash,63545.01,Completed
SAL-1057,2023-06-15,Quebec,Laval Premium Cars,Susan Jackson,X5,SUV,Certified Pre-Owned,Finance,81334.51,Completed
SAL-1058,2023-02-13,Ontario,Downtown Auto Group,Patricia Davis,iX,EV,Certified Pre-Owned,Finance,90556.42,Completed
SAL-1059,2024-11-02,Alberta,Rocky Mountain Motors,Joseph White,5 Series,Sedan,New,Lease,71170.1,Completed
SAL-1060,2024-07-08,Quebec,Montreal Auto Group,LISA CLARK,7 Series,Sedan,New,Cash,117346.1,Cancelled
SAL-1061,2023-01-24,Alberta,Edmonton Premier Cars,barbara Anderson,i7,EV,Certified Pre-Owned,Finance,143071.43,Completed
SAL-1062,2023-08-16,Quebec,Quebec City Motors,JESSICA HARRIS,i4,EV,Pre-Owned,Finance,77576.64,Pending
SAL-1063,2024-02-08,Quebec,Montreal Auto Group,Susan Jackson,i7,EV,Pre-Owned,Lease,140794.71,Completed
SAL-1064,2024-07-30,British Columbia,Vancouver Motors,MARY WILLIAMS,8 Series,Coupe,Pre-Owned,Finance,123355.34,Completed
SAL-1065,2024-08-30,Manitoba,Winnipeg Auto Centre,LINDA MOORE,X5,SUV,New,Cash,77018.54,Pending
SAL-1066,2023-09-16,Manitoba,Winnipeg Auto Centre,JESSICA HARRIS,5 Series,Sedan,Certified Pre-Owned,Lease,70584.9,Completed
SAL-1067,2024-12-07,Manitoba,Prairie Motors,michael Wilson,5 Series,Sedan,Pre-Owned,Finance,68415.79,Cancelled
SAL-1068,2024-07-22,Quebec,Laval Premium Cars,Robert Johnson,i7,EV,New,Finance,126586.24,Completed
SAL-1069,2023-04-27,Ontario,Northside Motors,jane doe,X5,SUV,Certified Pre-Owned,Finance,76185.68,Completed
SAL-1070,2023-10-31,Manitoba,Prairie Motors,MARY WILLIAMS,i4,EV,Certified Pre-Owned,Finance,73026.44,Completed
SAL-1071,2024-09-20,British Columbia,Pacific Auto Centre,Susan Jackson,4 Series,Coupe,Pre-Owned,Lease,59979.38,Completed
SAL-1072,2023-11-22,British Columbia,Pacific Auto Centre,JESSICA HARRIS,i4,EV,New,Cash,72377.72,Pending
SAL-1073,2024-04-14,British Columbia,Pacific Auto Centre,Richard Thomas,7 Series,Sedan,New,Cash,106574.51,Cancelled
SAL-1074,2023-07-17,Manitoba,Winnipeg Auto Centre,David Taylor,4 Series,Coupe,Certified Pre-Owned,Finance,57217.31,Cancelled
SAL-1075,2024-08-29,Alberta,Rocky Mountain Motors,james BROWN,X3,SUV,New,Lease,62526.06,Completed
SAL-1076,2024-09-22,Manitoba,Prairie Motors,SARAH THOMPSON,8 Series,Coupe,New,Cash,123555.46,Completed
SAL-1077,2024-05-01,Manitoba,Winnipeg Auto Centre,JOHN SMITH,X3,SUV,Certified Pre-Owned,Cash,56926.55,Completed
SAL-1078,2023-09-04,Quebec,Quebec City Motors,Karen Martinez,4 Series,Coupe,Certified Pre-Owned,Finance,63782.1,Pending
SAL-1079,2023-08-08,Alberta,Rocky Mountain Motors,Patricia Davis,7 Series,Sedan,Pre-Owned,Finance,109815.87,Completed
SAL-1080,2024-03-21,Alberta,Rocky Mountain Motors,Susan Jackson,7 Series,Sedan,New,Cash,123279.29,Completed
SAL-1081,2024-01-19,Quebec,Montreal Auto Group,Patricia Davis,X5,SUV,Pre-Owned,FINANCE,81573.59,Completed
SAL-1082,2023-09-17,Alberta,Edmonton Premier Cars,charles garcia,5 Series,Sedan,New,Lease,,Completed
SAL-1083,2024-08-08,Ontario,Lakeview Cars,JOHN SMITH,4 Series,Coupe,Pre-Owned,Finance,61182.4,Cancelled
SAL-1084,2023-01-30,Manitoba,Winnipeg Auto Centre,LISA CLARK,5 Series,Sedan,Pre-Owned,Cash,72124.81,Completed
SAL-1085,2024-12-28,Ontario,Downtown Auto Group,jane doe,i7,EV,Certified Pre-Owned,Cash,151836.52,Cancelled
SAL-1086,2024-08-23,Ontario,Lakeview Cars,Susan Jackson,4 Series,Coupe,Pre-Owned,Cash,61676.62,Pending
SAL-1087,2023-10-01,British Columbia,Westcoast Dealership,Robert Johnson,X7,SUV,New,Finance,109043.42,Completed
SAL-1088,2023-10-08,British Columbia,Westcoast Dealership,Karen Martinez,5 Series,Sedan,Certified Pre-Owned,Cash,67596.2,Completed
SAL-1089,2023-07-06,Quebec,Montreal Auto Group,Robert Johnson,3 Series,Sedan,New,Finance,56086.52,Cancelled
SAL-1090,2023-03-25,Ontario,Northside Motors,LINDA MOORE,8 Series,Coupe,Certified Pre-Owned,Lease,119633.43,Completed
SAL-1091,2023-10-13,Quebec,Laval Premium Cars,james BROWN,4 Series,Coupe,Pre-Owned,Finance,69711.49,Pending
SAL-1092,2023-09-28,British Columbia,Vancouver Motors,Robert Johnson,8 Series,Coupe,Certified Pre-Owned,Finance,127992.93,Cancelled
SAL-1093,2024-07-04,British Columbia,Pacific Auto Centre,Daniel Robinson,i4,EV,New,Lease,73241.13,Pending
SAL-1094,2024-06-09,British Columbia,Vancouver Motors,michael Wilson,4 Series,Coupe,Certified Pre-Owned,Cash,62125.87,Pending
SAL-1095,2024-08-23,British Columbia,Vancouver Motors,Richard Thomas,X5,SUV,Certified Pre-Owned,Lease,74638.76,Pending
SAL-1096,2024-03-07,Ontario,Lakeview Cars,SARAH THOMPSON,3 Series,Sedan,Certified Pre-Owned,Finance,49308.71,Completed
SAL-1097,2024-09-23,Manitoba,Winnipeg Auto Centre,Thomas Martin,5 Series,Sedan,Pre-Owned,Lease,64958.89,Pending
SAL-1098,2024-11-25,Alberta,Rocky Mountain Motors,Joseph White,8 Series,Coupe,Certified Pre-Owned,Cash,124665.2,Completed
SAL-1099,2024-08-30,Quebec,Quebec City Motors,JOHN SMITH,8 Series,Coupe,New,Lease,130591.69,Completed
SAL-1100,2024-11-10,Manitoba,Winnipeg Auto Centre,Richard Thomas,X3,SUV,New,Cash,59439.62,Completed
SAL-1101,2024-11-05,Quebec,Montreal Auto Group,james BROWN,i4,EV,New,Cash,70251.67,Completed
SAL-1102,2024-12-02,Quebec,Montreal Auto Group,Karen Martinez,X3,SUV,Certified Pre-Owned,Cash,65470.94,Pending
SAL-1103,2024-11-15,Quebec,Laval Premium Cars,Joseph White,X5,SUV,Certified Pre-Owned,Lease,86929.13,Completed
SAL-1104,2024-11-21,British Columbia,Vancouver Motors,JESSICA HARRIS,8 Series,Coupe,Pre-Owned,Finance,140232.8,Cancelled
SAL-1105,2023-07-02,Manitoba,Winnipeg Auto Centre,LINDA MOORE,X7,SUV,Certified Pre-Owned,Finance,110076.9,  completed 
SAL-1106,2024-05-26,Quebec,Montreal Auto Group,michael Wilson,X3,SUV,New,Cash,54973.75,Completed
SAL-1107,2024-02-01,Quebec,Montreal Auto Group,SARAH THOMPSON,8 Series,Coupe,New,Finance,122924.84,Pending
SAL-1108,2024-12-03,Ontario,Oakville Premium,MARY WILLIAMS,5 Series,Sedan,Pre-Owned,Finance,74350.12,Completed
SAL-1109,2024-11-17,Quebec,Montreal Auto Group,Joseph White,i7,EV,Certified Pre-Owned,Cash,146195.75,Completed
SAL-1110,2024-12-30,Quebec,Laval Premium Cars,Richard Thomas,8 Series,Coupe,Pre-Owned,Finance,123981.81,Completed
SAL-1111,2023-01-08,Quebec,Laval Premium Cars,Richard Thomas,3 Series,Sedan,Pre-Owned,Lease,54627.73,Completed
SAL-1112,2023-10-16,Quebec,Quebec City Motors,jane doe,5 Series,Sedan,New,Finance,68252.01,Pending
SAL-1113,2023-01-25,Alberta,Edmonton Premier Cars,Karen Martinez,8 Series,Coupe,Certified Pre-Owned,Cash,119476.35,  completed 
SAL-1114,2024-06-28,Ontario,Downtown Auto Group,Joseph White,4 Series,Coupe,New,Cash,62366.79,Completed
SAL-1115,2024-04-14,Quebec,Quebec City Motors,LISA CLARK,8 Series,Coupe,New,Lease,126858.8,Cancelled
SAL-1116,2024-06-08,Ontario,Northside Motors,Robert Johnson,5 Series,Sedan,Certified Pre-Owned,Lease,68871.34,Completed
SAL-1117,2023-04-30,Alberta,Rocky Mountain Motors,michael Wilson,5 Series,Sedan,Pre-Owned,Finance,63555.38,Completed
SAL-1118,2024-03-23,Ontario,Lakeview Cars,David Taylor,i4,EV,Pre-Owned,Lease,76348.35,Completed
SAL-1119,2023-01-06,British Columbia,Westcoast Dealership,JESSICA HARRIS,8 Series,Coupe,New,Cash,120312.0,Pending
SAL-1120,2023-01-19,Alberta,Calgary Auto Hub,Richard Thomas,X3,SUV,New,Cash,54561.9,Cancelled
SAL-1121,2024-05-02,Manitoba,Prairie Motors,Karen Martinez,8 Series,Coupe,New,Finance,132774.96,Completed
SAL-1122,2024-02-04,Quebec,Montreal Auto Group,David Taylor,X7,SUV,Certified Pre-Owned,Cash,109436.23,Cancelled
SAL-1123,2024-06-26,Alberta,Calgary Auto Hub,Susan Jackson,X7,SUV,Certified Pre-Owned,Finance,107909.92,Completed
SAL-1124,2024-03-01,Manitoba,Winnipeg Auto Centre,JOHN SMITH,8 Series,Coupe,Certified Pre-Owned,Lease,131190.32,Pending
SAL-1125,2024-02-10,Quebec,Laval Premium Cars,michael Wilson,3 Series,Sedan,New,Cash,53291.61,Cancelled
SAL-1126,2023-08-11,Quebec,Laval Premium Cars,JESSICA HARRIS,iX,EV,Pre-Owned,Finance,92748.62,Completed
SAL-1127,2024-02-18,Alberta,Rocky Mountain Motors,SARAH THOMPSON,i4,EV,Certified Pre-Owned,Finance,67242.09,Pending
SAL-1128,2023-06-26,Ontario,Lakeview Cars,MARY WILLIAMS,i7,EV,Certified Pre-Owned,Lease,133022.59,Pending
SAL-1129,2024-09-26,Manitoba,Winnipeg Auto Centre,charles garcia,X7,SUV,New,Lease,99922.28,Cancelled
SAL-1130,2023-04-04,British Columbia,Pacific Auto Centre,Susan Jackson,i7,EV,New,Lease,129810.68,Cancelled
SAL-1131,2023-09-03,British Columbia,Pacific Auto Centre,Patricia Davis,iX,EV,Certified Pre-Owned,Lease,95288.74,Completed
SAL-1132,2023-09-08,British Columbia,Westcoast Dealership,LISA CLARK,iX,EV,Certified Pre-Owned,Cash,91939.29,Completed
SAL-1133,2024-04-18,Manitoba,Prairie Motors,Robert Johnson,X3,SUV,New,Lease,54112.11,Completed
SAL-1134,2023-09-24,Quebec,Quebec City Motors,Karen Martinez,5 Series,Sedan,New,Lease,64955.59,Cancelled
SAL-1135,2024-02-12,Quebec,Laval Premium Cars,jane doe,5 Series,Sedan,Certified Pre-Owned,Finance,69993.86,Cancelled
SAL-1136,2023-06-23,Ontario,Northside Motors,Susan Jackson,4 Series,Coupe,Certified Pre-Owned,Lease,57795.22,Completed
SAL-1137,2024-04-14,Alberta,Calgary Auto Hub,SARAH THOMPSON,4 Series,Coupe,New,Finance,65483.97,Completed
SAL-1138,2023-05-24,Alberta,Rocky Mountain Motors,james BROWN,4 Series,Coupe,Pre-Owned,Finance,61951.85,Completed
SAL-1139,2024-10-11,Alberta,Edmonton Premier Cars,barbara Anderson,X7,SUV,Certified Pre-Owned,Lease,106767.33,Pending
SAL-1140,2023-09-21,British Columbia,Pacific Auto Centre,LINDA MOORE,8 Series,Coupe,New,Cash,126848.16,Cancelled
SAL-1141,2023-06-24,Manitoba,Prairie Motors,Susan Jackson,i7,EV,Pre-Owned,Cash,142013.11,Cancelled
SAL-1142,2024-05-08,Quebec,Laval Premium Cars,Patricia Davis,X7,SUV,Certified Pre-Owned,Finance,99516.25,Completed
SAL-1143,2024-09-15,British Columbia,Pacific Auto Centre,MARY WILLIAMS,X5,SUV,Pre-Owned,Cash,80221.64,Completed
SAL-1144,2024-11-11,Ontario,Northside Motors,jane doe,X5,SUV,Certified Pre-Owned,Lease,82761.35,Completed
SAL-1145,2024-08-03,Manitoba,Winnipeg Auto Centre,charles garcia,5 Series,Sedan,New,Cash,65465.27,Completed
SAL-1146,2023-02-11,British Columbia,Pacific Auto Centre,LISA CLARK,i4,EV,Certified Pre-Owned,Lease,76361.82,Completed
SAL-1147,2023-08-01,Ontario,Northside Motors,LINDA MOORE,4 Series,Coupe,New,Lease,64950.47,Cancelled
SAL-1148,2024-05-04,Ontario,Lakeview Cars,MARY WILLIAMS,3 Series,Sedan,Certified Pre-Owned,Cash,53318.32,Pending
SAL-1149,2024-03-16,Quebec,Quebec City Motors,MARY WILLIAMS,7 Series,Sedan,Pre-Owned,Finance,121450.7,Completed
SAL-1150,2023-10-05,Ontario,Lakeview Cars,SARAH THOMPSON,i7,EV,Pre-Owned,Cash,150080.23,Completed
SAL-1151,2023-10-09,Alberta,Edmonton Premier Cars,Karen Martinez,X5,SUV,Pre-Owned,Finance,84630.39,Pending
SAL-1152,2023-06-17,Ontario,Lakeview Cars,Patricia Davis,iX,EV,New,Finance,96960.84,Completed
SAL-1153,2023-08-26,Manitoba,Winnipeg Auto Centre,michael Wilson,X3,SUV,Certified Pre-Owned,Lease,59832.54,Completed
SAL-1154,2024-11-19,Alberta,Rocky Mountain Motors,james BROWN,X7,SUV,Certified Pre-Owned,Cash,110186.89,Completed
SAL-1155,2024-10-31,Manitoba,Winnipeg Auto Centre,LISA CLARK,8 Series,Coupe,Certified Pre-Owned,Lease,133740.84,Completed
SAL-1156,2023-12-08,Alberta,Edmonton Premier Cars,Susan Jackson,X5,SUV,Pre-Owned,Finance,85211.6,Pending
SAL-1157,2023-12-29,Ontario,Oakville Premium,james BROWN,5 Series,Sedan,Certified Pre-Owned,Finance,67499.9,Completed
SAL-1158,2023-11-26,Alberta,Edmonton Premier Cars,JESSICA HARRIS,4 Series,Coupe,Certified Pre-Owned,Finance,69067.15,Cancelled
SAL-1159,2023-03-18,Manitoba,Prairie Motors,LINDA MOORE,4 Series,Coupe,New,Finance,65688.69,Pending
SAL-1160,2023-10-14,Ontario,Oakville Premium,LISA CLARK,i4,EV,Pre-Owned,Finance,69905.78,Completed
SAL-1161,2024-04-28,Alberta,Edmonton Premier Cars,james BROWN,4 Series,Coupe,Pre-Owned,Cash,65232.1,Completed
SAL-1162,2024-07-29,British Columbia,Westcoast Dealership,Robert Johnson,4 Series,Coupe,Certified Pre-Owned,Cash,58318.39,Completed
SAL-1163,2023-03-11,Manitoba,Prairie Motors,Richard Thomas,3 Series,Sedan,Certified Pre-Owned,Finance,50628.19,Completed
SAL-1164,2024-09-10,Alberta,Calgary Auto Hub,JOHN SMITH,8 Series,Coupe,New,Cash,129870.17,Pending
SAL-1165,2024-08-02,Manitoba,Winnipeg Auto Centre,JESSICA HARRIS,4 Series,Coupe,New,Lease,58634.74,Completed
SAL-1166,2023-04-26,Ontario,Downtown Auto Group,Karen Martinez,7 Series,Sedan,New,Lease,120850.59,Completed
SAL-1167,2024-04-21,British Columbia,Pacific Auto Centre,Thomas Martin,iX,EV,Pre-Owned,Cash,96889.02,Completed
SAL-1168,2024-08-11,Manitoba,Prairie Motors,barbara Anderson,5 Series,Sedan,New,Lease,,Pending
SAL-1169,2024-10-31,Alberta,Calgary Auto Hub,michael Wilson,8 Series,Coupe,Pre-Owned,Finance,120884.1,Cancelled
SAL-1170,2024-09-08,British Columbia,Pacific Auto Centre,jane doe,7 Series,Sedan,New,Lease,111081.5,Completed
SAL-1171,2023-11-07,British Columbia,Westcoast Dealership,Patricia Davis,X3,SUV,Certified Pre-Owned,Finance,62039.34,Completed
SAL-1172,2023-01-27,British Columbia,Vancouver Motors,Thomas Martin,5 Series,Sedan,Pre-Owned,Lease,73235.31,Completed
SAL-1173,2023-06-29,British Columbia,Vancouver Motors,charles garcia,3 Series,Sedan,Pre-Owned,Lease,53096.69,Cancelled
SAL-1174,2024-03-01,Quebec,Laval Premium Cars,michael Wilson,8 Series,Coupe,New,Cash,120196.07,Cancelled
SAL-1175,2024-03-06,Quebec,Montreal Auto Group,Joseph White,5 Series,Sedan,New,Finance,69457.98,Completed
SAL-1176,2024-10-21,Alberta,Calgary Auto Hub,Joseph White,7 Series,Sedan,Certified Pre-Owned,Cash,121522.52,Completed
SAL-1177,2024-06-15,British Columbia,Pacific Auto Centre,james BROWN,3 Series,Sedan,New,Lease,54328.31,Pending
SAL-1178,2024-03-05,Alberta,Edmonton Premier Cars,Patricia Davis,i4,EV,New,Lease,67472.42,Completed
SAL-1179,2023-07-28,Ontario,Northside Motors,barbara Anderson,5 Series,Sedan,Certified Pre-Owned,Lease,70839.98,Completed
SAL-1180,2023-02-05,Ontario,Lakeview Cars,james BROWN,5 Series,Sedan,Certified Pre-Owned,Cash,68448.98,Cancelled
SAL-1181,2023-08-17,British Columbia,Pacific Auto Centre,Robert Johnson,5 Series,Sedan,Certified Pre-Owned,Cash,73037.35,Completed
SAL-1182,2024-10-14,Manitoba,Prairie Motors,JOHN SMITH,X7,SUV,Certified Pre-Owned,Finance,104390.32,Pending
SAL-1183,2024-05-19,Manitoba,Prairie Motors,Daniel Robinson,5 Series,Sedan,New,Cash,69442.93,Completed
SAL-1184,2024-09-21,Ontario,Downtown Auto Group,MARY WILLIAMS,iX,EV,New,Cash,98359.45,Completed
SAL-1185,2023-12-02,Quebec,Laval Premium Cars,JESSICA HARRIS,4 Series,Coupe,Certified Pre-Owned,Lease,60959.74,Completed
SAL-1186,2023-07-06,Quebec,Laval Premium Cars,JOHN SMITH,3 Series,Sedan,New,Lease,55637.74,Completed
SAL-1187,2023-07-12,Ontario,Oakville Premium,Daniel Robinson,iX,EV,Certified Pre-Owned,Finance,94765.68,Completed
SAL-1188,2023-07-10,Alberta,Rocky Mountain Motors,David Taylor,8 Series,Coupe,Certified Pre-Owned,Finance,116356.74,Cancelled
SAL-1189,2024-03-12,Manitoba,Prairie Motors,JOHN SMITH,5 Series,Sedan,Pre-Owned,Cash,65834.48,Completed
SAL-1190,2023-11-11,Manitoba,Prairie Motors,Thomas Martin,X5,SUV,Certified Pre-Owned,Lease,84627.89,Completed
SAL-1191,2023-08-16,Manitoba,Winnipeg Auto Centre,JOHN SMITH,X7,SUV,New,Lease,94939.16,Completed
SAL-1192,2024-12-11,Manitoba,Winnipeg Auto Centre,charles garcia,4 Series,Coupe,New,Finance,65955.89,Completed
SAL-1193,2024-09-16,Manitoba,Winnipeg Auto Centre,JESSICA HARRIS,X7,SUV,New,Finance,99484.81,Completed
SAL-1194,2023-11-26,Manitoba,Prairie Motors,james BROWN,iX,EV,Pre-Owned,Finance,98468.87,Completed
SAL-1195,2024-02-25,British Columbia,Westcoast Dealership,james BROWN,3 Series,Sedan,New,Finance,48220.57,Completed
SAL-1196,2024-03-05,British Columbia,Vancouver Motors,Joseph White,X7,SUV,Pre-Owned,Cash,108063.48,Completed
SAL-1197,2024-08-22,Alberta,Calgary Auto Hub,james BROWN,i4,EV,New,Finance,77454.59,Completed
SAL-1198,2024-09-04,Ontario,Lakeview Cars,SARAH THOMPSON,7 Series,Sedan,New,Lease,123627.35,Pending
SAL-1199,2023-12-16,Quebec,Montreal Auto Group,David Taylor,7 Series,Sedan,New,Finance,125573.27,Completed
SAL-1200,2023-04-16,Quebec,Quebec City Motors,Robert Johnson,X7,SUV,Pre-Owned,Lease,95963.01,Cancelled
SAL-1201,2023-02-28,Quebec,Laval Premium Cars,MARY WILLIAMS,iX,EV,Certified Pre-Owned,Lease,95801.63,Completed
SAL-1202,2023-04-14,Alberta,Edmonton Premier Cars,SARAH THOMPSON,3 Series,Sedan,New,Lease,48044.56,Pending
SAL-1203,2024-06-15,Quebec,Laval Premium Cars,Joseph White,i7,EV,New,Lease,124677.87,Completed
SAL-1204,2024-01-05,Manitoba,Winnipeg Auto Centre,Daniel Robinson,3 Series,Sedan,Pre-Owned,Lease,50532.44,Cancelled
SAL-1205,2024-08-10,Alberta,Rocky Mountain Motors,charles garcia,iX,EV,New,Finance,91832.83,Pending
SAL-1206,2024-02-27,Ontario,Lakeview Cars,JOHN SMITH,5 Series,Sedan,Pre-Owned,Finance,70942.03,Completed
SAL-1207,2023-11-29,British Columbia,Vancouver Motors,Thomas Martin,i4,EV,Pre-Owned,Lease,77817.14,Completed
SAL-1208,2023-06-26,Manitoba,Prairie Motors,SARAH THOMPSON,iX,EV,New,Finance,91203.69,Completed
SAL-1209,2023-04-03,British Columbia,Vancouver Motors,Joseph White,4 Series,Coupe,Certified Pre-Owned,Lease,59754.38,Pending
SAL-1210,2024-01-06,Quebec,Quebec City Motors,Patricia Davis,8 Series,Coupe,New,Finance,134942.49,Completed
SAL-1211,2024-09-25,Manitoba,Prairie Motors,Robert Johnson,X5,SUV,New,Cash,77078.74,Completed
SAL-1212,2024-02-11,Alberta,Calgary Auto Hub,james BROWN,8 Series,Coupe,Certified Pre-Owned,Cash,124027.74,Completed
SAL-1213,2024-07-15,British Columbia,Vancouver Motors,james BROWN,3 Series,Sedan,Pre-Owned,Finance,49201.35,Completed
SAL-1214,2023-08-10,British Columbia,Pacific Auto Centre,james BROWN,i7,EV,New,Finance,141367.89,Completed
SAL-1215,2023-07-10,Quebec,Quebec City Motors,charles garcia,X5,SUV,Pre-Owned,Finance,80417.15,Cancelled
SAL-1216,2024-01-09,Alberta,Edmonton Premier Cars,LINDA MOORE,iX,EV,Certified Pre-Owned,Lease,87889.73,Completed
SAL-1217,2024-06-03,British Columbia,Westcoast Dealership,SARAH THOMPSON,X3,SUV,Pre-Owned,Finance,54124.5,Completed
SAL-1218,2024-08-11,Manitoba,Winnipeg Auto Centre,jane doe,iX,EV,Certified Pre-Owned,Lease,94656.95,Pending
SAL-1219,2024-10-27,British Columbia,Pacific Auto Centre,jane doe,i7,EV,Certified Pre-Owned,Finance,145254.31,Completed
SAL-1220,2024-12-31,Alberta,Rocky Mountain Motors,LISA CLARK,4 Series,Coupe,Certified Pre-Owned,Finance,62738.27,Completed
SAL-1221,2024-08-06,Manitoba,Prairie Motors,charles garcia,4 Series,Coupe,Certified Pre-Owned,Cash,66472.57,Cancelled
SAL-1222,2023-03-14,Manitoba,Winnipeg Auto Centre,LISA CLARK,4 Series,Coupe,New,Lease,58538.49,Pending
SAL-1223,2024-10-26,Manitoba,Winnipeg Auto Centre,SARAH THOMPSON,X3,SUV,Pre-Owned,Cash,60240.67,Completed
SAL-1224,2024-04-30,Quebec,Quebec City Motors,james BROWN,i7,EV,Certified Pre-Owned,Cash,144582.1,Completed
SAL-1225,2023-09-24,Alberta,Edmonton Premier Cars,Joseph White,3 Series,Sedan,New,Cash,51332.13,Completed
SAL-1226,2023-03-04,Ontario,Lakeview Cars,Karen Martinez,7 Series,Sedan,New,Lease,117548.88,  completed 
SAL-1227,2023-11-10,Ontario,Downtown Auto Group,JOHN SMITH,8 Series,Coupe,Pre-Owned,Lease,129099.48,Completed
SAL-1228,2023-08-12,Manitoba,Prairie Motors,Susan Jackson,X7,SUV,New,Lease,98315.19,Completed
SAL-1229,2023-02-01,British Columbia,Westcoast Dealership,LISA CLARK,X5,SUV,New,Lease,84040.04,Completed
SAL-1230,2024-06-14,Alberta,Rocky Mountain Motors,Patricia Davis,X7,SUV,New,Finance,100520.33,Completed
SAL-1231,2023-04-30,Quebec,Laval Premium Cars,Karen Martinez,iX,EV,New,Finance,97801.14,Completed
SAL-1232,2023-03-02,British Columbia,Vancouver Motors,SARAH THOMPSON,5 Series,Sedan,Pre-Owned,Lease,65061.91,Cancelled
SAL-1233,2024-10-20,Alberta,Rocky Mountain Motors,michael Wilson,i7,EV,Certified Pre-Owned,Finance,135243.21,Completed
SAL-1234,2023-03-26,Quebec,Quebec City Motors,SARAH THOMPSON,iX,EV,New,Finance,85098.29,Completed
SAL-1235,2023-02-12,Quebec,Quebec City Motors,michael Wilson,7 Series,Sedan,New,Finance,117790.67,Cancelled
SAL-1236,2023-01-29,Alberta,Rocky Mountain Motors,jane doe,7 Series,Sedan,Certified Pre-Owned,Finance,112580.88,Completed
SAL-1237,2024-01-15,Quebec,Laval Premium Cars,jane doe,X7,SUV,New,Cash,107946.33,Pending
SAL-1238,2024-08-07,Ontario,Northside Motors,LISA CLARK,i4,EV,New,Cash,71691.38,Pending
SAL-1239,2024-02-04,Ontario,Northside Motors,LINDA MOORE,4 Series,Coupe,Certified Pre-Owned,Finance,66644.48,Completed
SAL-1240,2024-10-31,Alberta,Edmonton Premier Cars,David Taylor,4 Series,Coupe,Certified Pre-Owned,Lease,61824.43,Completed
SAL-1241,2024-10-03,British Columbia,Vancouver Motors,Joseph White,4 Series,Coupe,New,Lease,68939.58,Pending
SAL-1242,2023-03-10,Ontario,Downtown Auto Group,Patricia Davis,X5,SUV,Pre-Owned,Finance,81451.93,Completed
SAL-1243,2024-08-06,Quebec,Quebec City Motors,David Taylor,8 Series,Coupe,New,Cash,130418.44,Pending
SAL-1244,2024-06-14,Manitoba,Prairie Motors,jane doe,X3,SUV,Certified Pre-Owned,Finance,61199.59,Completed
SAL-1245,2024-09-22,Ontario,Downtown Auto Group,Susan Jackson,X5,SUV,Certified Pre-Owned,Lease,81257.58,Completed
SAL-1246,2023-11-22,Manitoba,Winnipeg Auto Centre,jane doe,X7,SUV,Pre-Owned,Cash,109262.91,Completed
SAL-1247,2023-02-27,Alberta,Edmonton Premier Cars,Joseph White,X7,SUV,Certified Pre-Owned,Cash,95981.92,Completed
SAL-1248,2024-03-27,Alberta,Rocky Mountain Motors,Robert Johnson,i4,EV,New,Lease,66614.7,Cancelled
SAL-1249,2023-03-08,Alberta,Calgary Auto Hub,JESSICA HARRIS,7 Series,Sedan,Pre-Owned,Lease,122743.6,Completed
SAL-1250,2024-12-01,Alberta,Calgary Auto Hub,LINDA MOORE,X3,SUV,New,Finance,62036.64,Completed
SAL-1251,2024-07-12,Ontario,Northside Motors,Robert Johnson,7 Series,Sedan,New,Lease,120456.29,Pending
SAL-1252,2023-09-01,Manitoba,Prairie Motors,SARAH THOMPSON,i7,EV,Pre-Owned,Finance,134600.88,Completed
SAL-1253,2023-05-28,British Columbia,Vancouver Motors,barbara Anderson,4 Series,Coupe,Pre-Owned,Lease,58203.7,Completed
SAL-1254,2023-11-04,British Columbia,Vancouver Motors,james BROWN,5 Series,Sedan,New,Finance,67118.12,Pending
SAL-1255,2024-02-20,Quebec,Montreal Auto Group,JESSICA HARRIS,4 Series,Coupe,Certified Pre-Owned,Finance,63840.81,Pending
SAL-1256,2024-06-26,Alberta,Rocky Mountain Motors,michael Wilson,i4,EV,New,Cash,71197.12,Completed
SAL-1257,2024-02-23,Manitoba,Prairie Motors,Susan Jackson,i7,EV,Pre-Owned,Finance,128531.33,Completed
SAL-1258,2023-07-24,Quebec,Quebec City Motors,michael Wilson,i4,EV,Certified Pre-Owned,Lease,71903.17,Completed
SAL-1259,2024-08-04,Quebec,Montreal Auto Group,Patricia Davis,X5,SUV,Certified Pre-Owned,Lease,72561.33,Cancelled
SAL-1260,2024-04-24,British Columbia,Pacific Auto Centre,LINDA MOORE,iX,EV,Pre-Owned,Cash,93206.62,Pending
SAL-1261,2023-01-22,Ontario,Downtown Auto Group,JOHN SMITH,3 Series,Sedan,New,Finance,50078.03,Completed
SAL-1262,2024-01-07,British Columbia,Pacific Auto Centre,LISA CLARK,4 Series,Coupe,Certified Pre-Owned,Lease,64951.79,Pending
SAL-1263,2024-03-01,Ontario,Northside Motors,MARY WILLIAMS,X3,SUV,Pre-Owned,Lease,56240.16,Pending
SAL-1264,2024-11-10,Alberta,Rocky Mountain Motors,james BROWN,X3,SUV,Certified Pre-Owned,Cash,60463.67,Completed
SAL-1265,2024-08-21,British Columbia,Pacific Auto Centre,Daniel Robinson,8 Series,Coupe,New,Finance,115232.41,Completed
SAL-1266,2023-07-01,Alberta,Calgary Auto Hub,james BROWN,4 Series,Coupe,Pre-Owned,Finance,57758.67,Pending
SAL-1267,2024-12-29,British Columbia,Westcoast Dealership,Robert Johnson,8 Series,Coupe,Certified Pre-Owned,Lease,,Pending
SAL-1268,2024-06-09,British Columbia,Vancouver Motors,David Taylor,4 Series,Coupe,Pre-Owned,Cash,61800.99,Pending
SAL-1269,2023-12-12,Alberta,Edmonton Premier Cars,jane doe,iX,EV,Certified Pre-Owned,Lease,98145.92,Pending
SAL-1270,2024-01-25,Manitoba,Winnipeg Auto Centre,michael Wilson,5 Series,Sedan,Certified Pre-Owned,Finance,,Pending
SAL-1271,2024-12-25,Alberta,Edmonton Premier Cars,Richard Thomas,iX,EV,New,Finance,99613.64,Completed
SAL-1272,2023-11-23,Quebec,Laval Premium Cars,charles garcia,7 Series,Sedan,New,Cash,127707.56,Completed
SAL-1273,2023-08-31,Alberta,Calgary Auto Hub,Robert Johnson,X7,SUV,New,Cash,106567.17,Completed
SAL-1274,2023-12-05,Ontario,Northside Motors,MARY WILLIAMS,i7,EV,Pre-Owned,Cash,131308.55,Completed
SAL-1275,2023-04-04,Ontario,Northside Motors,JOHN SMITH,7 Series,Sedan,Certified Pre-Owned,Lease,114641.33,Completed
SAL-1276,2024-12-26,Manitoba,Winnipeg Auto Centre,SARAH THOMPSON,i4,EV,Pre-Owned,Lease,70821.24,Completed
SAL-1277,2023-01-07,Ontario,Oakville Premium,Robert Johnson,X7,SUV,New,Cash,97790.17,Completed
SAL-1278,2023-11-26,Ontario,Downtown Auto Group,LINDA MOORE,X3,SUV,New,Finance,65642.04,Cancelled
SAL-1279,2023-09-04,British Columbia,Vancouver Motors,charles garcia,8 Series,Coupe,New,Lease,117849.91,Completed
SAL-1280,2024-03-16,Quebec,Quebec City Motors,Robert Johnson,7 Series,Sedan,Pre-Owned,Lease,,Pending
SAL-1281,2023-09-26,Manitoba,Prairie Motors,Richard Thomas,7 Series,Sedan,Certified Pre-Owned,Finance,117174.07,Pending
SAL-1282,2023-06-24,Manitoba,Winnipeg Auto Centre,jane doe,X7,SUV,Pre-Owned,Finance,105304.23,Pending
SAL-1283,2023-06-06,Quebec,Quebec City Motors,james BROWN,iX,EV,Pre-Owned,Finance,92878.03,Pending
SAL-1284,2024-01-10,Quebec,Laval Premium Cars,JOHN SMITH,X5,SUV,Certified Pre-Owned,Lease,71881.94,Completed
SAL-1285,2023-10-05,Ontario,Oakville Premium,Richard Thomas,i4,EV,New,Cash,73500.88,Pending
SAL-1286,2024-05-13,Manitoba,Prairie Motors,LISA CLARK,X3,SUV,Pre-Owned,Finance,58164.36,Pending
SAL-1287,2023-11-28,Ontario,Lakeview Cars,SARAH THOMPSON,3 Series,Sedan,Pre-Owned,Finance,50999.6,Completed
SAL-1288,2024-10-08,Quebec,Quebec City Motors,Patricia Davis,5 Series,Sedan,Certified Pre-Owned,Lease,69693.56,Completed
SAL-1289,2024-01-18,British Columbia,Westcoast Dealership,james BROWN,8 Series,Coupe,Certified Pre-Owned,Lease,115664.06,Pending
SAL-1290,2024-10-11,British Columbia,Vancouver Motors,SARAH THOMPSON,X5,SUV,Certified Pre-Owned,Lease,76377.69,Completed
SAL-1291,2024-08-30,British Columbia,Vancouver Motors,LISA CLARK,X7,SUV,New,Cash,100317.79,Pending
SAL-1292,2023-11-26,Ontario,Oakville Premium,Robert Johnson,X7,SUV,Pre-Owned,Finance,100806.22,Pending
SAL-1293,2023-07-17,Alberta,Calgary Auto Hub,David Taylor,iX,EV,Pre-Owned,Cash,92994.2,Completed
SAL-1294,2024-07-29,Ontario,Lakeview Cars,james BROWN,8 Series,Coupe,Certified Pre-Owned,Finance,128789.3,Pending
SAL-1295,2023-03-04,British Columbia,Westcoast Dealership,michael Wilson,5 Series,Sedan,Pre-Owned,Lease,71270.38,Completed
SAL-1296,2023-05-28,Ontario,Lakeview Cars,barbara Anderson,4 Series,Coupe,New,Cash,59025.49,Pending
SAL-1297,2023-06-10,British Columbia,Vancouver Motors,LISA CLARK,i7,EV,Certified Pre-Owned,Finance,127817.62,Completed
SAL-1298,2024-08-23,Manitoba,Prairie Motors,james BROWN,4 Series,Coupe,Certified Pre-Owned,Cash,58077.31,Completed
SAL-1299,2023-01-27,British Columbia,Vancouver Motors,JESSICA HARRIS,i7,EV,Pre-Owned,Finance,137946.89,Pending
SAL-1300,2023-02-27,Alberta,Edmonton Premier Cars,james BROWN,7 Series,Sedan,Certified Pre-Owned,Cash,118799.15,Completed
SAL-1301,2023-12-13,British Columbia,Pacific Auto Centre,Robert Johnson,8 Series,Coupe,Certified Pre-Owned,Finance,121413.31,Completed
SAL-1302,2023-04-02,Quebec,Laval Premium Cars,michael Wilson,X7,SUV,Certified Pre-Owned,Cash,109118.98,Completed
SAL-1303,2024-12-15,Ontario,Downtown Auto Group,LINDA MOORE,7 Series,Sedan,Certified Pre-Owned,Cash,112094.09,Completed
SAL-1304,2024-02-01,British Columbia,Westcoast Dealership,Joseph White,8 Series,Coupe,New,Lease,125825.93,Completed
SAL-1305,2024-08-26,Manitoba,Winnipeg Auto Centre,jane doe,3 Series,Sedan,New,Cash,53739.38,Cancelled
SAL-1306,2023-08-06,Alberta,Rocky Mountain Motors,james BROWN,X5,SUV,Pre-Owned,Cash,82629.69,Cancelled
SAL-1307,2023-07-20,British Columbia,Pacific Auto Centre,Richard Thomas,8 Series,Coupe,Certified Pre-Owned,Finance,129281.74,Completed
SAL-1308,2023-04-26,Manitoba,Prairie Motors,jane doe,X3,SUV,Certified Pre-Owned,Cash,60800.04,Completed
SAL-1309,2024-04-19,British Columbia,Westcoast Dealership,jane doe,8 Series,Coupe,Pre-Owned,Lease,121789.0,Completed
SAL-1310,2023-08-10,Manitoba,Winnipeg Auto Centre,Patricia Davis,4 Series,Coupe,Certified Pre-Owned,Cash,65123.07,Pending
SAL-1311,2024-05-06,Quebec,Laval Premium Cars,Karen Martinez,X5,SUV,Pre-Owned,FINANCE,72759.83,Completed
SAL-1312,2023-01-01,Ontario,Downtown Auto Group,barbara Anderson,5 Series,Sedan,Certified Pre-Owned,Finance,72295.61,Cancelled
SAL-1313,2023-10-14,British Columbia,Vancouver Motors,JESSICA HARRIS,4 Series,Coupe,Pre-Owned,Cash,65595.72,Completed
SAL-1314,2024-10-13,Alberta,Edmonton Premier Cars,JOHN SMITH,X3,SUV,Certified Pre-Owned,Cash,63991.75,Completed
SAL-1315,2024-12-20,Manitoba,Prairie Motors,Daniel Robinson,4 Series,Coupe,Certified Pre-Owned,Cash,64603.35,Completed
SAL-1316,2024-02-27,Ontario,Oakville Premium,Patricia Davis,iX,EV,New,Lease,94113.46,Completed
SAL-1317,2023-10-01,Alberta,Rocky Mountain Motors,JOHN SMITH,i4,EV,Pre-Owned,FINANCE,75919.37,Completed
SAL-1318,2023-02-18,Ontario,Oakville Premium,barbara Anderson,i4,EV,Certified Pre-Owned,Cash,74667.91,Cancelled
SAL-1319,2023-11-25,Alberta,Rocky Mountain Motors,Susan Jackson,4 Series,Coupe,Certified Pre-Owned,Cash,60742.26,Cancelled
SAL-1320,2024-07-09,Alberta,Calgary Auto Hub,JESSICA HARRIS,i7,EV,Certified Pre-Owned,Finance,125503.61,Completed
SAL-1321,2024-07-06,Alberta,Rocky Mountain Motors,Patricia Davis,iX,EV,New,Finance,88277.36,Cancelled
SAL-1322,2023-05-23,Alberta,Rocky Mountain Motors,michael Wilson,X7,SUV,Pre-Owned,Finance,96443.77,Completed
SAL-1323,2023-01-05,Manitoba,Winnipeg Auto Centre,David Taylor,7 Series,Sedan,Pre-Owned,Lease,121840.82,Completed
SAL-1324,2024-07-15,Quebec,Montreal Auto Group,Joseph White,8 Series,Coupe,Pre-Owned,Lease,119384.28,Pending
SAL-1325,2024-12-11,Ontario,Northside Motors,michael Wilson,i4,EV,Pre-Owned,Cash,81356.07,Cancelled
SAL-1326,2023-08-03,Alberta,Calgary Auto Hub,Karen Martinez,iX,EV,Pre-Owned,Cash,,Completed
SAL-1327,2023-09-17,British Columbia,Westcoast Dealership,Thomas Martin,3 Series,Sedan,New,Finance,49355.22,  completed 
SAL-1328,2023-11-08,Alberta,Edmonton Premier Cars,JESSICA HARRIS,4 Series,Coupe,Pre-Owned,Lease,68117.5,Pending
SAL-1329,2023-02-01,Ontario,Oakville Premium,David Taylor,8 Series,Coupe,Pre-Owned,Finance,128174.16,Pending
SAL-1330,2024-01-25,Manitoba,Prairie Motors,jane doe,i4,EV,Certified Pre-Owned,Cash,71979.21,Pending
SAL-1331,2023-12-12,Ontario,Oakville Premium,LINDA MOORE,i7,EV,Pre-Owned,Finance,143005.65,Completed
SAL-1332,2023-01-11,Quebec,Montreal Auto Group,james BROWN,i4,EV,Pre-Owned,Lease,74525.2,Completed
SAL-1333,2024-10-31,Quebec,Quebec City Motors,jane doe,i7,EV,Certified Pre-Owned,Lease,135591.35,Completed
SAL-1334,2024-09-07,Alberta,Calgary Auto Hub,Richard Thomas,5 Series,Sedan,Certified Pre-Owned,Cash,73400.11,Completed
SAL-1335,2024-10-31,British Columbia,Pacific Auto Centre,Patricia Davis,i7,EV,Certified Pre-Owned,Cash,152518.31,Completed
SAL-1336,2023-04-29,Quebec,Montreal Auto Group,MARY WILLIAMS,i7,EV,New,Cash,138247.03,Completed
SAL-1337,2023-01-22,Quebec,Quebec City Motors,charles garcia,8 Series,Coupe,Pre-Owned,Finance,118990.85,Cancelled
SAL-1338,2023-03-31,Manitoba,Prairie Motors,David Taylor,3 Series,Sedan,Pre-Owned,Finance,53499.5,Pending
SAL-1339,2023-03-30,British Columbia,Pacific Auto Centre,Daniel Robinson,3 Series,Sedan,New,Lease,48440.69,Completed
SAL-1340,2023-07-09,Alberta,Edmonton Premier Cars,Daniel Robinson,7 Series,Sedan,Certified Pre-Owned,Cash,,Cancelled
SAL-1341,2024-06-06,Quebec,Montreal Auto Group,JOHN SMITH,4 Series,Coupe,New,Lease,59596.21,  completed 
SAL-1342,2023-08-07,British Columbia,Vancouver Motors,michael Wilson,X5,SUV,Pre-Owned,Finance,77533.53,Pending
SAL-1343,2023-05-11,Manitoba,Winnipeg Auto Centre,charles garcia,X7,SUV,New,Cash,108010.21,Pending
SAL-1344,2024-01-06,British Columbia,Westcoast Dealership,LINDA MOORE,i7,EV,Certified Pre-Owned,Finance,139906.85,Completed
SAL-1345,2024-01-18,Quebec,Montreal Auto Group,Joseph White,X7,SUV,Certified Pre-Owned,Lease,105960.97,Completed
SAL-1346,2024-09-05,Manitoba,Prairie Motors,charles garcia,X3,SUV,Certified Pre-Owned,Finance,57308.58,Completed
SAL-1347,2023-10-12,Ontario,Northside Motors,Joseph White,5 Series,Sedan,Certified Pre-Owned,Finance,69639.96,Completed
SAL-1348,2024-12-05,Alberta,Edmonton Premier Cars,Daniel Robinson,iX,EV,Pre-Owned,Lease,94606.78,Cancelled
SAL-1349,2024-06-29,Alberta,Calgary Auto Hub,charles garcia,iX,EV,Pre-Owned,Lease,99178.2,Completed
SAL-1350,2023-11-28,Alberta,Rocky Mountain Motors,LINDA MOORE,X5,SUV,Pre-Owned,Cash,75873.59,Completed
SAL-1351,2024-11-16,Quebec,Quebec City Motors,michael Wilson,8 Series,Coupe,Pre-Owned,Cash,138957.66,Completed
SAL-1352,2024-08-18,Manitoba,Prairie Motors,charles garcia,X5,SUV,New,Cash,78981.87,Completed
SAL-1353,2023-09-09,Alberta,Calgary Auto Hub,Joseph White,iX,EV,Certified Pre-Owned,Lease,91096.42,Completed
SAL-1354,2023-05-08,Alberta,Rocky Mountain Motors,Joseph White,5 Series,Sedan,Pre-Owned,Finance,70450.8,Completed
SAL-1355,2023-07-23,Quebec,Quebec City Motors,David Taylor,8 Series,Coupe,New,Finance,124733.38,Pending
SAL-1356,2024-01-06,Ontario,Northside Motors,jane doe,X3,SUV,New,Cash,61465.37,Completed
SAL-1357,2024-11-07,Ontario,Oakville Premium,Daniel Robinson,X3,SUV,New,Cash,64804.44,Completed
SAL-1358,2024-09-25,Quebec,Montreal Auto Group,LISA CLARK,X3,SUV,Pre-Owned,Finance,57273.57,Cancelled
SAL-1359,2024-01-28,Manitoba,Prairie Motors,michael Wilson,X3,SUV,Pre-Owned,Lease,55928.96,Completed
SAL-1360,2023-09-10,Alberta,Edmonton Premier Cars,JESSICA HARRIS,3 Series,Sedan,New,Cash,52768.35,Pending
SAL-1361,2024-11-18,Alberta,Calgary Auto Hub,barbara Anderson,3 Series,Sedan,Certified Pre-Owned,Lease,58202.41,Cancelled
SAL-1362,2023-06-03,Ontario,Oakville Premium,Joseph White,iX,EV,Pre-Owned,Finance,87740.95,Completed
SAL-1363,2023-01-22,Quebec,Quebec City Motors,SARAH THOMPSON,8 Series,Coupe,Pre-Owned,Lease,127459.33,Pending
SAL-1364,2023-08-01,Ontario,Oakville Premium,michael Wilson,X5,SUV,Certified Pre-Owned,Finance,79641.87,Pending
SAL-1365,2024-12-03,Quebec,Laval Premium Cars,Daniel Robinson,i4,EV,New,Lease,78419.74,Completed
SAL-1366,2024-05-17,Alberta,Edmonton Premier Cars,JESSICA HARRIS,i4,EV,Pre-Owned,Finance,67755.66,Pending
SAL-1367,2023-06-22,Alberta,Edmonton Premier Cars,LINDA MOORE,i4,EV,Pre-Owned,Lease,74486.3,Cancelled
SAL-1368,2023-04-03,Quebec,Quebec City Motors,Patricia Davis,3 Series,Sedan,New,Lease,55403.15,Cancelled
SAL-1369,2024-03-22,Quebec,Montreal Auto Group,David Taylor,4 Series,Coupe,New,Cash,58822.46,Pending
SAL-1370,2024-07-15,Ontario,Downtown Auto Group,SARAH THOMPSON,X5,SUV,Certified Pre-Owned,Cash,,Completed
SAL-1371,2023-07-03,Ontario,Downtown Auto Group,Karen Martinez,5 Series,Sedan,New,Finance,73128.78,Cancelled
SAL-1372,2023-06-25,British Columbia,Pacific Auto Centre,David Taylor,5 Series,Sedan,Pre-Owned,Cash,64529.03,Cancelled
SAL-1373,2023-09-05,Ontario,Oakville Premium,LISA CLARK,X3,SUV,Certified Pre-Owned,Lease,61288.69,Completed
SAL-1374,2024-01-22,British Columbia,Pacific Auto Centre,james BROWN,3 Series,Sedan,New,Finance,51935.75,Pending
SAL-1375,2024-06-16,Manitoba,Prairie Motors,Susan Jackson,i7,EV,Pre-Owned,Lease,129540.19,Pending
SAL-1376,2023-07-31,Manitoba,Prairie Motors,Robert Johnson,X3,SUV,Pre-Owned,Finance,61440.56,Completed
SAL-1377,2024-05-13,Alberta,Edmonton Premier Cars,michael Wilson,5 Series,Sedan,New,Cash,67404.92,Pending
SAL-1378,2023-09-08,Manitoba,Winnipeg Auto Centre,james BROWN,8 Series,Coupe,New,Cash,125296.35,Pending
SAL-1379,2024-03-01,Alberta,Calgary Auto Hub,jane doe,i4,EV,New,Cash,70378.37,Completed
SAL-1380,2024-09-04,Quebec,Laval Premium Cars,barbara Anderson,i4,EV,Certified Pre-Owned,Lease,73070.79,Cancelled
SAL-1381,2023-07-18,Quebec,Montreal Auto Group,barbara Anderson,8 Series,Coupe,Pre-Owned,Cash,118270.48,Completed
SAL-1382,2023-08-12,Alberta,Calgary Auto Hub,charles garcia,7 Series,Sedan,Certified Pre-Owned,Cash,112995.9,Pending
SAL-1383,2023-02-22,Manitoba,Prairie Motors,charles garcia,8 Series,Coupe,Pre-Owned,Cash,134388.25,Pending
SAL-1384,2023-12-05,Manitoba,Winnipeg Auto Centre,Thomas Martin,X5,SUV,Pre-Owned,Lease,78730.58,Completed
SAL-1385,2023-08-14,Manitoba,Prairie Motors,jane doe,8 Series,Coupe,New,Finance,128134.73,Completed
SAL-1386,2024-08-04,Quebec,Montreal Auto Group,David Taylor,i7,EV,New,Cash,131224.11,Completed
SAL-1387,2024-11-19,Ontario,Northside Motors,SARAH THOMPSON,i4,EV,New,Cash,78907.93,Pending
SAL-1388,2024-10-08,Alberta,Edmonton Premier Cars,Richard Thomas,8 Series,Coupe,Pre-Owned,Cash,123498.35,Cancelled
SAL-1389,2024-05-09,British Columbia,Pacific Auto Centre,David Taylor,5 Series,Sedan,Certified Pre-Owned,Lease,73111.65,Completed
SAL-1390,2023-06-01,Manitoba,Prairie Motors,Karen Martinez,4 Series,Coupe,New,Cash,61541.59,Completed
SAL-1391,2024-02-14,Manitoba,Prairie Motors,JESSICA HARRIS,i7,EV,Pre-Owned,Finance,129298.69,Completed
SAL-1392,2024-02-20,Ontario,Lakeview Cars,JESSICA HARRIS,5 Series,Sedan,New,Finance,63359.64,Pending
SAL-1393,2024-02-10,Alberta,Calgary Auto Hub,Daniel Robinson,iX,EV,New,Finance,87138.84,Pending
SAL-1394,2023-12-01,British Columbia,Vancouver Motors,Daniel Robinson,X7,SUV,Certified Pre-Owned,FINANCE,107438.85,Completed
SAL-1395,2024-12-15,Manitoba,Prairie Motors,james BROWN,i4,EV,New,Cash,73628.39,Pending
SAL-1396,2023-02-11,Alberta,Rocky Mountain Motors,Patricia Davis,4 Series,Coupe,Certified Pre-Owned,Finance,,Completed
SAL-1397,2024-02-05,Manitoba,Winnipeg Auto Centre,SARAH THOMPSON,X3,SUV,New,Finance,57358.64,Cancelled
SAL-1398,2024-04-18,Manitoba,Prairie Motors,LISA CLARK,X3,SUV,Certified Pre-Owned,Cash,55668.07,Cancelled
SAL-1399,2024-12-12,Ontario,Oakville Premium,SARAH THOMPSON,4 Series,Coupe,Certified Pre-Owned,Finance,66320.18,Cancelled
SAL-1400,2023-08-04,Quebec,Montreal Auto Group,LINDA MOORE,8 Series,Coupe,Certified Pre-Owned,Cash,,Completed
SAL-1401,2023-06-02,British Columbia,Pacific Auto Centre,Robert Johnson,i4,EV,Certified Pre-Owned,Finance,68164.32,Completed
SAL-1402,2024-11-02,Ontario,Lakeview Cars,jane doe,X5,SUV,Certified Pre-Owned,Cash,77544.48,Pending
SAL-1403,2024-04-19,Alberta,Edmonton Premier Cars,Joseph White,X5,SUV,Pre-Owned,Finance,72217.66,Pending
SAL-1404,2023-01-08,Quebec,Laval Premium Cars,Patricia Davis,4 Series,Coupe,Certified Pre-Owned,Finance,64345.11,Completed
SAL-1405,2023-07-27,British Columbia,Pacific Auto Centre,Patricia Davis,iX,EV,Certified Pre-Owned,Cash,94411.2,Completed
SAL-1406,2024-05-09,Alberta,Edmonton Premier Cars,charles garcia,3 Series,Sedan,New,Cash,51788.93,Completed
SAL-1407,2024-08-27,Manitoba,Prairie Motors,LISA CLARK,i7,EV,Pre-Owned,Cash,142434.08,Pending
SAL-1408,2023-10-19,Manitoba,Prairie Motors,Richard Thomas,i4,EV,New,Finance,79297.39,Cancelled
SAL-1409,2024-08-28,Quebec,Quebec City Motors,LINDA MOORE,X5,SUV,Certified Pre-Owned,Finance,79065.22,Completed
SAL-1410,2023-01-05,Manitoba,Prairie Motors,charles garcia,iX,EV,New,Cash,97420.95,Completed
SAL-1411,2024-07-02,Quebec,Montreal Auto Group,Karen Martinez,5 Series,Sedan,Certified Pre-Owned,Cash,64799.55,Cancelled
SAL-1412,2024-08-17,Alberta,Rocky Mountain Motors,michael Wilson,5 Series,Sedan,Pre-Owned,Lease,63777.69,Cancelled
SAL-1413,2024-07-12,Quebec,Laval Premium Cars,michael Wilson,4 Series,Coupe,New,Lease,59715.92,Pending
SAL-1414,2023-09-22,Ontario,Downtown Auto Group,Patricia Davis,X7,SUV,Pre-Owned,Finance,94771.66,Completed
SAL-1415,2023-11-13,British Columbia,Vancouver Motors,Karen Martinez,5 Series,Sedan,Pre-Owned,Lease,71756.08,Completed
SAL-1416,2023-07-03,Ontario,Northside Motors,MARY WILLIAMS,5 Series,Sedan,Certified Pre-Owned,Finance,72750.27,Completed
SAL-1417,2024-09-21,Manitoba,Winnipeg Auto Centre,David Taylor,i7,EV,New,Finance,125049.82,Completed
SAL-1418,2023-03-30,Alberta,Rocky Mountain Motors,Robert Johnson,7 Series,Sedan,New,Cash,108046.82,Completed
SAL-1419,2023-12-15,Quebec,Laval Premium Cars,Joseph White,4 Series,Coupe,Certified Pre-Owned,Cash,64602.11,Cancelled
SAL-1420,2023-08-21,Manitoba,Prairie Motors,SARAH THOMPSON,7 Series,Sedan,Pre-Owned,Finance,122983.3,Pending
SAL-1421,2024-08-07,Ontario,Oakville Premium,Susan Jackson,X3,SUV,New,Lease,56293.93,Completed
SAL-1422,2023-04-09,Alberta,Edmonton Premier Cars,LISA CLARK,3 Series,Sedan,Pre-Owned,Lease,52060.19,Completed
SAL-1423,2023-02-03,Manitoba,Prairie Motors,Richard Thomas,7 Series,Sedan,New,Finance,106564.94,Cancelled
SAL-1424,2023-09-22,Ontario,Lakeview Cars,Joseph White,X7,SUV,New,Finance,96260.96,Completed
SAL-1425,2023-11-04,Alberta,Calgary Auto Hub,JESSICA HARRIS,iX,EV,New,Cash,104121.36,Completed
SAL-1426,2023-04-08,Manitoba,Winnipeg Auto Centre,David Taylor,4 Series,Coupe,Certified Pre-Owned,Finance,66613.98,Completed
SAL-1427,2024-07-17,British Columbia,Pacific Auto Centre,Karen Martinez,8 Series,Coupe,New,Lease,115098.8,Cancelled
SAL-1428,2023-02-11,Manitoba,Prairie Motors,barbara Anderson,5 Series,Sedan,Certified Pre-Owned,Cash,72915.71,Completed
SAL-1429,2023-02-13,Manitoba,Winnipeg Auto Centre,SARAH THOMPSON,5 Series,Sedan,Certified Pre-Owned,Finance,69513.62,Cancelled
SAL-1430,2023-07-09,British Columbia,Pacific Auto Centre,Daniel Robinson,4 Series,Coupe,Pre-Owned,Cash,65649.75,Completed
SAL-1431,2024-11-28,Manitoba,Winnipeg Auto Centre,charles garcia,i4,EV,Certified Pre-Owned,Lease,75052.53,Completed
SAL-1432,2023-10-27,Manitoba,Prairie Motors,Susan Jackson,X7,SUV,New,Finance,107367.25,Cancelled
SAL-1433,2024-10-25,Manitoba,Winnipeg Auto Centre,LISA CLARK,iX,EV,Certified Pre-Owned,Cash,96427.61,Completed
SAL-1434,2024-08-17,British Columbia,Westcoast Dealership,MARY WILLIAMS,X7,SUV,Pre-Owned,Cash,104723.22,Completed
SAL-1435,2023-08-12,Ontario,Downtown Auto Group,David Taylor,i4,EV,New,Lease,67848.78,Completed
SAL-1436,2023-07-31,Ontario,Oakville Premium,Thomas Martin,5 Series,Sedan,New,Cash,62886.11,Completed
SAL-1437,2023-07-26,Manitoba,Prairie Motors,james BROWN,i7,EV,New,Finance,130851.29,Completed
SAL-1438,2024-03-23,British Columbia,Vancouver Motors,jane doe,iX,EV,Certified Pre-Owned,Cash,95012.9,Pending
SAL-1439,2024-02-28,Ontario,Oakville Premium,MARY WILLIAMS,4 Series,Coupe,Certified Pre-Owned,Cash,59042.39,Completed
SAL-1440,2023-11-07,Manitoba,Winnipeg Auto Centre,LINDA MOORE,iX,EV,Certified Pre-Owned,Cash,99280.57,Completed
SAL-1441,2023-01-18,Quebec,Montreal Auto Group,LINDA MOORE,i4,EV,Pre-Owned,Finance,77413.39,Pending
SAL-1442,2024-06-18,British Columbia,Pacific Auto Centre,David Taylor,8 Series,Coupe,Pre-Owned,Cash,116878.01,Completed
SAL-1443,2023-04-20,Quebec,Montreal Auto Group,LINDA MOORE,7 Series,Sedan,Certified Pre-Owned,Finance,118175.88,Completed
SAL-1444,2023-01-04,Manitoba,Winnipeg Auto Centre,james BROWN,i7,EV,New,Finance,133785.0,Cancelled
SAL-1445,2023-09-15,British Columbia,Pacific Auto Centre,David Taylor,8 Series,Coupe,Pre-Owned,Cash,132362.85,Pending
SAL-1446,2024-10-01,Alberta,Calgary Auto Hub,michael Wilson,iX,EV,New,Finance,91610.03,Completed
SAL-1447,2024-03-17,Manitoba,Prairie Motors,Karen Martinez,i4,EV,New,Lease,74219.05,Completed
SAL-1448,2024-07-01,Ontario,Northside Motors,Robert Johnson,iX,EV,New,Lease,96977.06,Cancelled
SAL-1449,2023-09-20,British Columbia,Vancouver Motors,JOHN SMITH,3 Series,Sedan,Pre-Owned,Finance,55699.19,Completed
SAL-1450,2024-09-18,British Columbia,Pacific Auto Centre,MARY WILLIAMS,4 Series,Coupe,New,Finance,63817.82,Cancelled
SAL-1451,2024-11-04,Ontario,Oakville Premium,JOHN SMITH,4 Series,Coupe,Certified Pre-Owned,Cash,65070.57,Pending
SAL-1452,2024-03-13,British Columbia,Westcoast Dealership,Susan Jackson,4 Series,Coupe,Certified Pre-Owned,Finance,63169.04,Cancelled
SAL-1453,2023-06-26,Manitoba,Winnipeg Auto Centre,Patricia Davis,4 Series,Coupe,New,Lease,65659.54,Completed
SAL-1454,2024-11-08,British Columbia,Vancouver Motors,Thomas Martin,i4,EV,New,Lease,,Completed
SAL-1455,2023-06-07,Alberta,Rocky Mountain Motors,Robert Johnson,8 Series,Coupe,New,Finance,,Pending
SAL-1456,2023-08-05,Quebec,Montreal Auto Group,Robert Johnson,3 Series,Sedan,New,Finance,55585.49,Completed
SAL-1457,2024-08-31,Manitoba,Prairie Motors,Karen Martinez,i4,EV,Pre-Owned,Lease,74183.35,Completed
SAL-1458,2024-09-12,Quebec,Quebec City Motors,michael Wilson,8 Series,Coupe,Pre-Owned,Cash,128530.27,Completed
SAL-1459,2023-08-24,Ontario,Downtown Auto Group,Karen Martinez,X3,SUV,New,Lease,55361.47,Pending
SAL-1460,2023-08-26,British Columbia,Pacific Auto Centre,james BROWN,X7,SUV,New,Cash,104593.01,Cancelled
SAL-1461,2023-09-23,Manitoba,Winnipeg Auto Centre,David Taylor,4 Series,Coupe,Certified Pre-Owned,Lease,60947.13,Completed
SAL-1462,2024-10-13,British Columbia,Pacific Auto Centre,Robert Johnson,X7,SUV,Pre-Owned,Cash,109691.53,Cancelled
SAL-1463,2024-11-28,Ontario,Lakeview Cars,David Taylor,i4,EV,Certified Pre-Owned,Cash,70841.35,Completed
SAL-1464,2023-06-18,Ontario,Downtown Auto Group,Daniel Robinson,5 Series,Sedan,New,Cash,69717.36,Completed
SAL-1465,2024-09-11,Manitoba,Prairie Motors,JOHN SMITH,7 Series,Sedan,Pre-Owned,Cash,124189.21,Completed
SAL-1466,2023-06-13,Manitoba,Prairie Motors,Robert Johnson,8 Series,Coupe,Pre-Owned,Cash,115964.24,Cancelled
SAL-1467,2023-10-23,Manitoba,Winnipeg Auto Centre,charles garcia,X3,SUV,Pre-Owned,Cash,65549.59,Completed
SAL-1468,2024-11-08,Ontario,Downtown Auto Group,David Taylor,3 Series,Sedan,New,Finance,53786.75,Completed
SAL-1469,2024-01-22,Alberta,Rocky Mountain Motors,Daniel Robinson,X5,SUV,New,Cash,82627.0,Pending
SAL-1470,2023-11-14,Alberta,Edmonton Premier Cars,Patricia Davis,5 Series,Sedan,Pre-Owned,Finance,74625.97,Completed
SAL-1471,2024-09-08,Quebec,Montreal Auto Group,LISA CLARK,X5,SUV,Pre-Owned,Finance,78836.36,Cancelled
SAL-1472,2023-03-04,Manitoba,Winnipeg Auto Centre,David Taylor,X3,SUV,New,Cash,60212.81,Pending
SAL-1473,2024-10-21,Manitoba,Winnipeg Auto Centre,Patricia Davis,8 Series,Coupe,Pre-Owned,Finance,139198.83,Pending
SAL-1474,2023-10-02,British Columbia,Westcoast Dealership,LINDA MOORE,5 Series,Sedan,New,Lease,70304.9,Completed
SAL-1475,2023-11-01,British Columbia,Westcoast Dealership,Patricia Davis,8 Series,Coupe,New,Cash,127617.7,Pending
SAL-1476,2023-11-14,Manitoba,Prairie Motors,David Taylor,X3,SUV,New,Finance,62533.03,Completed
SAL-1477,2023-10-25,Quebec,Montreal Auto Group,jane doe,8 Series,Coupe,New,Finance,137714.76,Completed
SAL-1478,2023-01-24,British Columbia,Vancouver Motors,Robert Johnson,X7,SUV,Certified Pre-Owned,Finance,106280.49,Completed
SAL-1479,2023-04-22,Manitoba,Winnipeg Auto Centre,Susan Jackson,X7,SUV,New,Lease,106860.32,Cancelled
SAL-1480,2024-12-05,British Columbia,Vancouver Motors,Richard Thomas,7 Series,Sedan,New,Finance,119505.47,Completed
SAL-1481,2024-06-22,British Columbia,Pacific Auto Centre,David Taylor,4 Series,Coupe,Pre-Owned,Finance,65152.92,Completed
SAL-1482,2024-09-06,Ontario,Downtown Auto Group,Thomas Martin,7 Series,Sedan,Pre-Owned,Finance,108011.85,Completed
SAL-1483,2023-08-10,Manitoba,Winnipeg Auto Centre,james BROWN,X5,SUV,Certified Pre-Owned,Lease,78555.22,Completed
SAL-1484,2024-06-01,Ontario,Downtown Auto Group,SARAH THOMPSON,7 Series,Sedan,Certified Pre-Owned,Finance,105905.96,Completed
SAL-1485,2023-08-02,Manitoba,Winnipeg Auto Centre,JOHN SMITH,3 Series,Sedan,New,Lease,50540.55,Completed
SAL-1486,2024-01-22,Manitoba,Winnipeg Auto Centre,Richard Thomas,X7,SUV,Certified Pre-Owned,Lease,99820.65,Pending
SAL-1487,2024-11-27,Ontario,Oakville Premium,michael Wilson,7 Series,Sedan,Certified Pre-Owned,Finance,118744.06,Cancelled
SAL-1488,2024-06-22,Alberta,Rocky Mountain Motors,Daniel Robinson,3 Series,Sedan,Certified Pre-Owned,Cash,53626.29,Cancelled
SAL-1489,2023-07-19,Alberta,Calgary Auto Hub,Patricia Davis,X5,SUV,Pre-Owned,Cash,76609.21,Completed
SAL-1490,2024-03-04,Quebec,Quebec City Motors,Robert Johnson,8 Series,Coupe,New,Finance,123973.87,Completed
SAL-1491,2024-10-07,Manitoba,Prairie Motors,JOHN SMITH,5 Series,Sedan,Certified Pre-Owned,Cash,68401.7,Pending
SAL-1492,2023-05-12,Ontario,Downtown Auto Group,JESSICA HARRIS,7 Series,Sedan,New,Cash,112667.83,Completed
SAL-1493,2023-04-01,Alberta,Edmonton Premier Cars,JOHN SMITH,i7,EV,Certified Pre-Owned,Cash,129109.02,Pending
SAL-1494,2023-12-31,British Columbia,Pacific Auto Centre,jane doe,8 Series,Coupe,Certified Pre-Owned,Lease,122287.11,Cancelled
SAL-1495,2023-08-04,Quebec,Quebec City Motors,charles garcia,X7,SUV,Certified Pre-Owned,Finance,103688.28,Completed
SAL-1496,2023-11-02,Manitoba,Prairie Motors,LINDA MOORE,X5,SUV,Certified Pre-Owned,Lease,84104.26,Cancelled
SAL-1497,2023-02-24,British Columbia,Pacific Auto Centre,MARY WILLIAMS,4 Series,Coupe,Pre-Owned,Finance,63185.34,  completed 
SAL-1498,2023-10-20,Manitoba,Prairie Motors,Daniel Robinson,5 Series,Sedan,New,Cash,70982.96,Pending
SAL-1499,2023-10-31,Manitoba,Prairie Motors,Karen Martinez,i7,EV,Pre-Owned,Lease,139023.54,Cancelled
SAL-1500,2024-07-02,Quebec,Montreal Auto Group,Susan Jackson,4 Series,Coupe,Pre-Owned,Finance,65604.27,Cancelled
SAL-1501,2023-07-14,Ontario,Lakeview Cars,MARY WILLIAMS,X3,SUV,New,Cash,58177.08,Completed
SAL-1502,2024-12-17,Manitoba,Winnipeg Auto Centre,JOHN SMITH,i7,EV,Pre-Owned,Finance,141277.84,Completed
SAL-1503,2023-08-10,Ontario,Oakville Premium,barbara Anderson,X7,SUV,Pre-Owned,Lease,94258.48,Completed
SAL-1504,2023-05-22,Manitoba,Prairie Motors,Karen Martinez,X7,SUV,New,Finance,99409.16,Completed
SAL-1505,2023-01-31,Ontario,Northside Motors,Karen Martinez,iX,EV,New,Finance,90236.48,Cancelled
SAL-1506,2024-01-23,Alberta,Calgary Auto Hub,Susan Jackson,i7,EV,Certified Pre-Owned,Lease,132814.57,Completed
SAL-1507,2024-06-25,Quebec,Montreal Auto Group,Richard Thomas,X3,SUV,Pre-Owned,Finance,58744.0,Completed
SAL-1508,2023-11-15,Manitoba,Winnipeg Auto Centre,charles garcia,X7,SUV,Certified Pre-Owned,Lease,107675.81,Completed
SAL-1509,2024-06-10,British Columbia,Pacific Auto Centre,JESSICA HARRIS,7 Series,Sedan,Pre-Owned,Finance,116985.45,Pending
SAL-1510,2023-03-25,Quebec,Laval Premium Cars,michael Wilson,X3,SUV,Pre-Owned,Finance,60458.12,Completed
SAL-1511,2024-10-06,Manitoba,Prairie Motors,LISA CLARK,5 Series,Sedan,New,Lease,74975.55,Completed
SAL-1512,2024-02-26,Manitoba,Winnipeg Auto Centre,james BROWN,i7,EV,New,Lease,139711.46,Completed
SAL-1513,2023-10-16,Quebec,Quebec City Motors,Joseph White,i7,EV,New,Cash,152081.28,Pending
SAL-1514,2023-05-21,Quebec,Laval Premium Cars,Susan Jackson,X7,SUV,New,Lease,94137.56,Completed
SAL-1515,2024-08-01,Quebec,Quebec City Motors,LISA CLARK,3 Series,Sedan,New,Finance,49468.87,Completed
SAL-1516,2024-04-09,Ontario,Northside Motors,LINDA MOORE,X3,SUV,New,Cash,53430.18,Completed
SAL-1517,2023-03-23,Quebec,Montreal Auto Group,Thomas Martin,i7,EV,New,Cash,138185.45,Completed
SAL-1518,2023-09-01,Quebec,Montreal Auto Group,charles garcia,X5,SUV,Pre-Owned,Finance,82967.42,Completed
SAL-1519,2024-04-03,Quebec,Montreal Auto Group,Robert Johnson,X3,SUV,Pre-Owned,Lease,55619.52,Completed
SAL-1520,2023-05-25,British Columbia,Westcoast Dealership,Joseph White,4 Series,Coupe,Certified Pre-Owned,Lease,66236.18,Completed
SAL-1521,2024-11-29,Ontario,Northside Motors,David Taylor,i4,EV,New,Finance,70280.99,Pending
SAL-1522,2023-03-18,Quebec,Laval Premium Cars,JOHN SMITH,X3,SUV,New,Lease,62031.57,Completed
SAL-1523,2024-06-15,British Columbia,Pacific Auto Centre,JESSICA HARRIS,X5,SUV,New,Lease,76148.25,Cancelled
SAL-1524,2023-08-26,Manitoba,Prairie Motors,Karen Martinez,X5,SUV,New,Cash,73025.73,Cancelled
SAL-1525,2024-04-05,Ontario,Lakeview Cars,JOHN SMITH,X7,SUV,Certified Pre-Owned,Lease,101769.43,Cancelled
SAL-1526,2023-03-04,Ontario,Oakville Premium,Joseph White,i7,EV,Certified Pre-Owned,Cash,129746.37,Pending
SAL-1527,2024-07-07,Ontario,Lakeview Cars,james BROWN,5 Series,Sedan,New,Lease,65659.42,Completed
SAL-1528,2024-11-06,British Columbia,Pacific Auto Centre,Susan Jackson,i7,EV,New,Finance,137379.34,Cancelled
SAL-1529,2023-03-16,Quebec,Laval Premium Cars,charles garcia,X7,SUV,Pre-Owned,Cash,106945.38,Completed
SAL-1530,2024-08-27,Quebec,Laval Premium Cars,Karen Martinez,7 Series,Sedan,Pre-Owned,Finance,115720.57,Completed
SAL-1531,2023-02-08,Manitoba,Winnipeg Auto Centre,Richard Thomas,X3,SUV,New,Lease,56248.94,Completed
SAL-1532,2023-11-02,Manitoba,Prairie Motors,LISA CLARK,4 Series,Coupe,Certified Pre-Owned,Lease,66249.24,Cancelled
SAL-1533,2024-07-12,Alberta,Edmonton Premier Cars,charles garcia,i7,EV,Certified Pre-Owned,Cash,139668.85,Pending
SAL-1534,2024-05-04,Manitoba,Prairie Motors,michael Wilson,iX,EV,Pre-Owned,Lease,,Completed
SAL-1535,2024-09-17,Ontario,Downtown Auto Group,Karen Martinez,iX,EV,Certified Pre-Owned,Finance,90727.44,Cancelled
SAL-1536,2023-11-24,Manitoba,Prairie Motors,charles garcia,X3,SUV,Pre-Owned,Cash,57215.66,Pending
SAL-1537,2024-10-20,Alberta,Rocky Mountain Motors,Patricia Davis,5 Series,Sedan,Pre-Owned,Lease,67757.45,Completed
SAL-1538,2024-09-26,Alberta,Edmonton Premier Cars,Richard Thomas,i7,EV,Pre-Owned,Finance,,Cancelled
SAL-1539,2023-10-02,Manitoba,Winnipeg Auto Centre,David Taylor,8 Series,Coupe,New,Lease,124560.21,Pending
SAL-1540,2023-09-10,Manitoba,Prairie Motors,james BROWN,X7,SUV,Pre-Owned,Lease,102410.67,Cancelled
SAL-1541,2024-02-19,British Columbia,Pacific Auto Centre,Patricia Davis,5 Series,Sedan,Certified Pre-Owned,Cash,70274.42,Completed
SAL-1542,2023-06-21,Quebec,Montreal Auto Group,Daniel Robinson,8 Series,Coupe,New,Finance,117137.54,Cancelled
SAL-1543,2024-05-31,Manitoba,Prairie Motors,MARY WILLIAMS,3 Series,Sedan,Pre-Owned,Lease,52560.04,Pending
SAL-1544,2023-11-29,Manitoba,Prairie Motors,JOHN SMITH,i7,EV,Pre-Owned,Finance,136228.84,Pending
SAL-1545,2024-11-22,Ontario,Northside Motors,charles garcia,4 Series,Coupe,Pre-Owned,Cash,69921.85,Completed
SAL-1546,2023-10-03,British Columbia,Westcoast Dealership,jane doe,4 Series,Coupe,New,Finance,64928.61,Completed
SAL-1547,2023-04-20,Ontario,Lakeview Cars,michael Wilson,4 Series,Coupe,Pre-Owned,Cash,65035.45,Completed
SAL-1548,2024-04-03,Manitoba,Winnipeg Auto Centre,Richard Thomas,X5,SUV,New,Cash,78626.83,Cancelled
SAL-1549,2023-12-29,Ontario,Lakeview Cars,Patricia Davis,3 Series,Sedan,Certified Pre-Owned,Finance,50611.25,Cancelled
SAL-1550,2023-05-15,Manitoba,Prairie Motors,SARAH THOMPSON,7 Series,Sedan,New,Finance,117449.99,Completed
SAL-1551,2023-12-05,Alberta,Edmonton Premier Cars,Karen Martinez,X3,SUV,Certified Pre-Owned,Finance,65298.47,Completed
SAL-1552,2023-11-02,Quebec,Quebec City Motors,Patricia Davis,iX,EV,New,Finance,98170.51,Completed
SAL-1553,2024-01-08,Alberta,Rocky Mountain Motors,Richard Thomas,8 Series,Coupe,Pre-Owned,Lease,131383.78,Completed
SAL-1554,2023-01-27,Ontario,Downtown Auto Group,james BROWN,iX,EV,New,Cash,97655.52,Completed
SAL-1555,2023-05-15,Manitoba,Winnipeg Auto Centre,MARY WILLIAMS,3 Series,Sedan,Certified Pre-Owned,Finance,49737.62,Completed
SAL-1556,2023-07-06,Manitoba,Winnipeg Auto Centre,MARY WILLIAMS,i7,EV,Certified Pre-Owned,Finance,128780.17,Completed
SAL-1557,2024-12-07,Manitoba,Prairie Motors,LINDA MOORE,X5,SUV,Certified Pre-Owned,Finance,83354.29,Pending
SAL-1558,2024-01-13,Ontario,Northside Motors,barbara Anderson,4 Series,Coupe,New,Cash,61117.4,Cancelled
SAL-1559,2023-05-10,Ontario,Northside Motors,michael Wilson,X3,SUV,Pre-Owned,Cash,61153.91,Completed
SAL-1560,2023-09-26,Ontario,Downtown Auto Group,SARAH THOMPSON,X5,SUV,New,Cash,82992.29,Cancelled
SAL-1561,2024-04-11,Quebec,Quebec City Motors,Patricia Davis,7 Series,Sedan,New,Finance,112302.95,Pending
SAL-1562,2024-01-24,Manitoba,Prairie Motors,james BROWN,i4,EV,Pre-Owned,Cash,68968.75,Completed
SAL-1563,2023-04-15,Quebec,Quebec City Motors,Joseph White,X7,SUV,New,Lease,106578.18,Completed
SAL-1564,2023-08-09,British Columbia,Pacific Auto Centre,michael Wilson,i7,EV,Certified Pre-Owned,Lease,130135.81,Completed
SAL-1565,2023-06-08,Ontario,Lakeview Cars,Daniel Robinson,X3,SUV,Pre-Owned,Lease,60993.86,Completed
SAL-1566,2023-11-07,Quebec,Quebec City Motors,LINDA MOORE,7 Series,Sedan,Pre-Owned,Lease,119276.62,Completed
SAL-1567,2024-07-23,British Columbia,Westcoast Dealership,barbara Anderson,X5,SUV,Certified Pre-Owned,Finance,80091.02,Completed
SAL-1568,2023-10-24,Quebec,Montreal Auto Group,LINDA MOORE,X5,SUV,New,Lease,76599.89,Completed
SAL-1569,2024-04-02,Quebec,Laval Premium Cars,LISA CLARK,3 Series,Sedan,Pre-Owned,Finance,53030.51,Completed
SAL-1570,2024-09-02,Ontario,Lakeview Cars,Thomas Martin,X7,SUV,Pre-Owned,Finance,101212.85,Completed
SAL-1571,2023-06-02,British Columbia,Westcoast Dealership,JOHN SMITH,X3,SUV,Pre-Owned,Cash,58803.73,Completed
SAL-1572,2023-02-15,Ontario,Northside Motors,David Taylor,X3,SUV,Pre-Owned,Finance,54919.17,Cancelled
SAL-1573,2024-12-10,Manitoba,Prairie Motors,Susan Jackson,4 Series,Coupe,Pre-Owned,Lease,67567.28,Completed
SAL-1574,2023-10-12,Ontario,Downtown Auto Group,barbara Anderson,X3,SUV,New,Finance,64435.09,Completed
SAL-1575,2023-06-16,Ontario,Oakville Premium,michael Wilson,5 Series,Sedan,Pre-Owned,Lease,,Completed
SAL-1576,2023-11-07,Manitoba,Prairie Motors,michael Wilson,3 Series,Sedan,Certified Pre-Owned,Finance,51068.16,Cancelled
SAL-1577,2023-08-04,Ontario,Oakville Premium,Daniel Robinson,i4,EV,Certified Pre-Owned,Cash,66512.32,Cancelled
SAL-1578,2023-08-01,British Columbia,Westcoast Dealership,Patricia Davis,X3,SUV,New,Lease,59317.5,Pending
SAL-1579,2024-01-27,Ontario,Downtown Auto Group,Joseph White,3 Series,Sedan,New,Cash,52891.02,Completed
SAL-1580,2023-09-12,British Columbia,Westcoast Dealership,michael Wilson,8 Series,Coupe,Pre-Owned,Lease,,Completed
SAL-1581,2023-07-03,Alberta,Calgary Auto Hub,Thomas Martin,7 Series,Sedan,Pre-Owned,Lease,110067.83,Completed
SAL-1582,2023-10-19,Alberta,Calgary Auto Hub,JOHN SMITH,3 Series,Sedan,Pre-Owned,Lease,53646.95,Pending
SAL-1583,2024-09-02,Ontario,Lakeview Cars,barbara Anderson,X3,SUV,Certified Pre-Owned,Cash,58876.74,Completed
SAL-1584,2024-11-01,Alberta,Edmonton Premier Cars,JOHN SMITH,i4,EV,New,Lease,75560.89,Cancelled
SAL-1585,2024-04-09,Quebec,Montreal Auto Group,MARY WILLIAMS,3 Series,Sedan,New,Finance,56058.38,Completed
SAL-1586,2023-08-06,Alberta,Edmonton Premier Cars,JOHN SMITH,4 Series,Coupe,Certified Pre-Owned,Cash,,Completed
SAL-1587,2024-05-05,Quebec,Montreal Auto Group,LINDA MOORE,4 Series,Coupe,Pre-Owned,Finance,63935.83,Completed
SAL-1588,2023-01-23,Ontario,Oakville Premium,JESSICA HARRIS,i7,EV,New,Cash,132933.29,Completed
SAL-1589,2023-06-12,Ontario,Lakeview Cars,JOHN SMITH,8 Series,Coupe,New,Lease,,Completed
SAL-1590,2024-10-17,Alberta,Edmonton Premier Cars,Thomas Martin,i7,EV,Certified Pre-Owned,Finance,146685.12,Completed
SAL-1591,2023-06-26,Alberta,Edmonton Premier Cars,LINDA MOORE,8 Series,Coupe,Certified Pre-Owned,Finance,128848.72,Completed
SAL-1592,2023-03-02,Ontario,Downtown Auto Group,MARY WILLIAMS,7 Series,Sedan,Pre-Owned,Cash,124039.11,Completed
SAL-1593,2024-04-05,Quebec,Laval Premium Cars,Joseph White,X3,SUV,Certified Pre-Owned,Cash,54551.5,Pending
SAL-1594,2023-04-20,Manitoba,Winnipeg Auto Centre,james BROWN,8 Series,Coupe,Pre-Owned,Cash,117082.19,Completed
SAL-1595,2024-04-08,British Columbia,Westcoast Dealership,MARY WILLIAMS,5 Series,Sedan,New,Cash,70440.81,Pending
SAL-1596,2023-11-04,Alberta,Edmonton Premier Cars,michael Wilson,8 Series,Coupe,Certified Pre-Owned,Cash,132896.13,Completed
SAL-1597,2024-03-12,British Columbia,Vancouver Motors,JESSICA HARRIS,8 Series,Coupe,Pre-Owned,FINANCE,,Pending
SAL-1598,2024-02-17,British Columbia,Westcoast Dealership,Patricia Davis,X7,SUV,Certified Pre-Owned,Finance,95136.12,Pending
SAL-1599,2023-09-04,Alberta,Rocky Mountain Motors,james BROWN,7 Series,Sedan,Pre-Owned,Finance,,Completed
SAL-1600,2024-10-03,Quebec,Montreal Auto Group,Daniel Robinson,8 Series,Coupe,New,Cash,139528.01,Completed
SAL-1601,2024-11-01,Ontario,Lakeview Cars,David Taylor,3 Series,Sedan,Pre-Owned,Cash,51908.15,Cancelled
SAL-1602,2023-09-13,Manitoba,Prairie Motors,Robert Johnson,5 Series,Sedan,Certified Pre-Owned,Cash,66078.28,Completed
SAL-1603,2024-09-12,Manitoba,Prairie Motors,charles garcia,iX,EV,Certified Pre-Owned,Lease,87976.38,Completed
SAL-1604,2024-07-23,Ontario,Oakville Premium,barbara Anderson,i7,EV,New,Finance,131867.92,Pending
SAL-1605,2023-09-30,Ontario,Oakville Premium,LINDA MOORE,i7,EV,New,Cash,125699.56,Completed
SAL-1606,2024-04-01,Manitoba,Prairie Motors,JOHN SMITH,7 Series,Sedan,New,Lease,115350.7,Completed
SAL-1607,2023-02-22,British Columbia,Pacific Auto Centre,charles garcia,X5,SUV,Certified Pre-Owned,Lease,72603.8,Completed
SAL-1608,2023-03-27,Ontario,Lakeview Cars,LINDA MOORE,7 Series,Sedan,Certified Pre-Owned,Lease,120526.56,Cancelled
SAL-1609,2023-03-27,Manitoba,Prairie Motors,Thomas Martin,X3,SUV,New,Lease,55528.85,Cancelled
SAL-1610,2024-02-13,Manitoba,Winnipeg Auto Centre,David Taylor,7 Series,Sedan,Certified Pre-Owned,Lease,115736.22,Completed
SAL-1611,2024-03-26,Alberta,Rocky Mountain Motors,charles garcia,X7,SUV,Certified Pre-Owned,Finance,108202.89,Completed
SAL-1612,2023-11-24,Manitoba,Winnipeg Auto Centre,SARAH THOMPSON,iX,EV,Pre-Owned,Cash,98931.96,Completed
SAL-1613,2024-11-15,Manitoba,Prairie Motors,Robert Johnson,7 Series,Sedan,New,Lease,121386.74,Pending
SAL-1614,2024-02-06,Manitoba,Prairie Motors,Daniel Robinson,X5,SUV,Pre-Owned,Finance,75807.69,Completed
SAL-1615,2024-03-09,Ontario,Lakeview Cars,MARY WILLIAMS,7 Series,Sedan,Certified Pre-Owned,Finance,111927.24,Completed
SAL-1616,2024-01-22,Quebec,Quebec City Motors,Susan Jackson,X5,SUV,New,Finance,80115.2,Cancelled
SAL-1617,2024-09-11,Quebec,Montreal Auto Group,JESSICA HARRIS,4 Series,Coupe,Pre-Owned,Lease,66901.86,Completed
SAL-1618,2023-09-30,Alberta,Rocky Mountain Motors,Thomas Martin,i4,EV,Pre-Owned,Finance,73864.39,  completed 
SAL-1619,2023-12-31,Ontario,Oakville Premium,Daniel Robinson,X3,SUV,New,FINANCE,61463.04,Pending
SAL-1620,2024-06-29,Manitoba,Winnipeg Auto Centre,charles garcia,8 Series,Coupe,New,Lease,129613.01,Completed
SAL-1621,2024-08-12,Quebec,Montreal Auto Group,Robert Johnson,i7,EV,Certified Pre-Owned,Cash,134248.44,Cancelled
SAL-1622,2023-07-29,Ontario,Northside Motors,JESSICA HARRIS,4 Series,Coupe,New,FINANCE,57636.61,Completed
SAL-1623,2023-11-25,British Columbia,Pacific Auto Centre,Karen Martinez,5 Series,Sedan,Pre-Owned,Cash,72111.68,Pending
SAL-1624,2024-05-22,British Columbia,Vancouver Motors,james BROWN,8 Series,Coupe,Certified Pre-Owned,Cash,134152.51,Cancelled
SAL-1625,2023-01-29,British Columbia,Westcoast Dealership,Daniel Robinson,8 Series,Coupe,Certified Pre-Owned,Finance,118506.06,Completed
SAL-1626,2024-07-13,Ontario,Northside Motors,Karen Martinez,4 Series,Coupe,Pre-Owned,Cash,63884.85,Pending
SAL-1627,2024-06-13,Ontario,Oakville Premium,MARY WILLIAMS,8 Series,Coupe,New,Finance,119018.67,Cancelled
SAL-1628,2024-11-10,Alberta,Rocky Mountain Motors,Karen Martinez,i7,EV,Pre-Owned,Cash,142562.57,Cancelled
SAL-1629,2023-12-02,Manitoba,Prairie Motors,Richard Thomas,4 Series,Coupe,Pre-Owned,Finance,60898.98,Completed
SAL-1630,2024-12-04,British Columbia,Westcoast Dealership,SARAH THOMPSON,X3,SUV,Certified Pre-Owned,Cash,60416.41,Pending
SAL-1631,2023-03-05,Quebec,Montreal Auto Group,LINDA MOORE,i7,EV,Pre-Owned,Lease,140533.13,Cancelled
SAL-1632,2024-06-11,Quebec,Laval Premium Cars,Daniel Robinson,X3,SUV,Certified Pre-Owned,FINANCE,56585.46,Completed
SAL-1633,2024-06-27,Ontario,Lakeview Cars,Daniel Robinson,X5,SUV,Certified Pre-Owned,Cash,80058.1,Completed
SAL-1634,2024-05-24,Alberta,Rocky Mountain Motors,JESSICA HARRIS,iX,EV,New,Finance,96349.02,  completed 
SAL-1635,2024-05-16,Alberta,Edmonton Premier Cars,Thomas Martin,iX,EV,Certified Pre-Owned,Lease,98288.06,Completed
SAL-1636,2024-09-15,Alberta,Calgary Auto Hub,JOHN SMITH,X7,SUV,Certified Pre-Owned,Cash,97669.36,Completed
SAL-1637,2023-12-11,Quebec,Montreal Auto Group,barbara Anderson,X5,SUV,New,Cash,80580.64,Pending
SAL-1638,2023-07-11,Ontario,Downtown Auto Group,MARY WILLIAMS,i4,EV,New,Cash,67995.83,Completed
SAL-1639,2024-02-15,Quebec,Laval Premium Cars,james BROWN,iX,EV,Certified Pre-Owned,Lease,99249.36,Completed
SAL-1640,2024-06-30,Ontario,Downtown Auto Group,charles garcia,8 Series,Coupe,Pre-Owned,Finance,,Completed
SAL-1641,2024-12-29,Ontario,Oakville Premium,SARAH THOMPSON,iX,EV,Pre-Owned,Cash,97217.58,Completed
SAL-1642,2024-04-01,Alberta,Edmonton Premier Cars,james BROWN,5 Series,Sedan,Pre-Owned,Finance,71721.32,Completed
SAL-1643,2023-02-24,British Columbia,Westcoast Dealership,michael Wilson,3 Series,Sedan,Pre-Owned,Finance,52174.37,Completed
SAL-1644,2023-02-19,Quebec,Quebec City Motors,Thomas Martin,i7,EV,Pre-Owned,Finance,137669.45,Completed
SAL-1645,2024-07-24,Alberta,Calgary Auto Hub,LINDA MOORE,7 Series,Sedan,Pre-Owned,Finance,107439.89,Completed
SAL-1646,2023-11-09,Ontario,Downtown Auto Group,Susan Jackson,iX,EV,Certified Pre-Owned,Lease,100545.46,Pending
SAL-1647,2023-06-07,Ontario,Downtown Auto Group,Thomas Martin,X3,SUV,Certified Pre-Owned,Lease,54545.18,Cancelled
SAL-1648,2024-02-12,Manitoba,Winnipeg Auto Centre,michael Wilson,iX,EV,New,Lease,96799.72,Completed
SAL-1649,2024-07-05,British Columbia,Pacific Auto Centre,Joseph White,X7,SUV,Pre-Owned,Cash,106602.7,Completed
SAL-1650,2024-02-01,Manitoba,Winnipeg Auto Centre,LINDA MOORE,7 Series,Sedan,New,Finance,118840.9,Completed
SAL-1651,2024-10-01,British Columbia,Vancouver Motors,LINDA MOORE,X5,SUV,Certified Pre-Owned,Cash,,Completed
SAL-1652,2024-04-30,Ontario,Downtown Auto Group,charles garcia,iX,EV,Certified Pre-Owned,Lease,89102.05,Completed
SAL-1653,2023-09-26,Alberta,Edmonton Premier Cars,JESSICA HARRIS,8 Series,Coupe,New,Lease,120262.25,Completed
SAL-1654,2024-12-22,Quebec,Laval Premium Cars,Karen Martinez,X5,SUV,New,Cash,80067.23,Completed
SAL-1655,2024-09-29,Quebec,Laval Premium Cars,Daniel Robinson,8 Series,Coupe,Pre-Owned,Finance,116752.85,Cancelled
SAL-1656,2024-05-07,Manitoba,Winnipeg Auto Centre,Daniel Robinson,8 Series,Coupe,Pre-Owned,Cash,133739.16,Pending
SAL-1657,2023-04-02,Alberta,Edmonton Premier Cars,LISA CLARK,X3,SUV,Pre-Owned,Lease,58499.28,Pending
SAL-1658,2024-04-05,British Columbia,Westcoast Dealership,Patricia Davis,X7,SUV,Pre-Owned,Cash,98826.16,Completed
SAL-1659,2023-06-10,Manitoba,Prairie Motors,Daniel Robinson,5 Series,Sedan,New,Cash,66879.16,Cancelled
SAL-1660,2023-05-05,Manitoba,Winnipeg Auto Centre,jane doe,X3,SUV,New,Cash,57510.04,Completed
SAL-1661,2024-01-24,Manitoba,Prairie Motors,MARY WILLIAMS,iX,EV,New,Cash,93480.75,Cancelled
SAL-1662,2023-01-12,Quebec,Laval Premium Cars,Karen Martinez,i4,EV,New,Finance,72180.63,Completed
SAL-1663,2024-10-27,British Columbia,Westcoast Dealership,LINDA MOORE,8 Series,Coupe,Pre-Owned,Cash,140057.23,Cancelled
SAL-1664,2023-11-19,Quebec,Laval Premium Cars,barbara Anderson,X3,SUV,Certified Pre-Owned,Lease,60870.41,Completed
SAL-1665,2024-02-18,British Columbia,Westcoast Dealership,Patricia Davis,5 Series,Sedan,New,Finance,73354.68,Completed
SAL-1666,2024-12-06,Quebec,Montreal Auto Group,jane doe,4 Series,Coupe,Certified Pre-Owned,Finance,68760.44,Pending
SAL-1667,2024-12-26,Quebec,Quebec City Motors,Robert Johnson,4 Series,Coupe,Pre-Owned,Cash,,Completed
SAL-1668,2023-02-12,Quebec,Laval Premium Cars,charles garcia,8 Series,Coupe,Pre-Owned,Cash,133611.9,Completed
SAL-1669,2024-01-22,Manitoba,Winnipeg Auto Centre,Karen Martinez,4 Series,Coupe,Pre-Owned,Lease,58194.35,Cancelled
SAL-1670,2024-07-22,Ontario,Northside Motors,charles garcia,i7,EV,Pre-Owned,Lease,141856.91,Completed
SAL-1671,2023-02-01,Quebec,Laval Premium Cars,Susan Jackson,5 Series,Sedan,Pre-Owned,Finance,66701.18,Completed
SAL-1672,2023-01-23,Quebec,Montreal Auto Group,Robert Johnson,X3,SUV,New,Finance,61507.6,Completed
SAL-1673,2023-11-06,Manitoba,Winnipeg Auto Centre,Robert Johnson,i4,EV,Pre-Owned,Cash,80052.01,Cancelled
SAL-1674,2023-05-01,Quebec,Quebec City Motors,Thomas Martin,8 Series,Coupe,Certified Pre-Owned,Finance,131118.51,Completed
SAL-1675,2023-04-09,Alberta,Edmonton Premier Cars,Karen Martinez,X3,SUV,Pre-Owned,Lease,60691.48,Cancelled
SAL-1676,2023-07-01,Quebec,Montreal Auto Group,Patricia Davis,iX,EV,New,Lease,89124.88,Pending
SAL-1677,2023-05-16,Alberta,Rocky Mountain Motors,MARY WILLIAMS,8 Series,Coupe,Pre-Owned,Finance,116618.39,Completed
SAL-1678,2024-08-14,Quebec,Laval Premium Cars,james BROWN,X3,SUV,New,Finance,57099.66,Pending
SAL-1679,2024-12-22,Ontario,Downtown Auto Group,Richard Thomas,i4,EV,Certified Pre-Owned,Finance,71650.95,Completed
SAL-1680,2024-09-17,Quebec,Montreal Auto Group,Richard Thomas,X7,SUV,Pre-Owned,Finance,105181.6,Completed
SAL-1681,2023-09-26,Manitoba,Winnipeg Auto Centre,Thomas Martin,X7,SUV,New,Cash,99488.35,Completed
SAL-1682,2023-03-09,Manitoba,Prairie Motors,jane doe,5 Series,Sedan,Certified Pre-Owned,Lease,73174.64,Completed
SAL-1683,2024-11-03,Manitoba,Winnipeg Auto Centre,Robert Johnson,i4,EV,Certified Pre-Owned,Cash,77305.2,Pending
SAL-1684,2023-05-20,British Columbia,Vancouver Motors,michael Wilson,7 Series,Sedan,New,Cash,120933.64,Pending
SAL-1685,2024-12-18,Ontario,Downtown Auto Group,Robert Johnson,iX,EV,Pre-Owned,Lease,90920.3,Completed
SAL-1686,2024-08-30,British Columbia,Westcoast Dealership,Karen Martinez,iX,EV,Pre-Owned,Cash,97328.85,Pending
SAL-1687,2023-04-01,Quebec,Montreal Auto Group,LISA CLARK,i7,EV,Pre-Owned,Lease,144131.56,Completed
SAL-1688,2023-03-14,Manitoba,Winnipeg Auto Centre,jane doe,X7,SUV,Certified Pre-Owned,Finance,101788.85,Completed
SAL-1689,2024-04-24,Quebec,Montreal Auto Group,barbara Anderson,X3,SUV,New,Lease,58986.03,Completed
SAL-1690,2024-06-26,British Columbia,Vancouver Motors,jane doe,X5,SUV,Certified Pre-Owned,Finance,81304.83,Cancelled
SAL-1691,2024-07-08,Manitoba,Winnipeg Auto Centre,charles garcia,8 Series,Coupe,New,Lease,118496.77,Completed
SAL-1692,2023-02-18,Alberta,Edmonton Premier Cars,Richard Thomas,X7,SUV,Certified Pre-Owned,Cash,102041.88,Pending
SAL-1693,2023-12-10,Quebec,Quebec City Motors,Susan Jackson,i7,EV,New,Finance,139451.68,Pending
SAL-1694,2023-04-20,Ontario,Downtown Auto Group,jane doe,8 Series,Coupe,Certified Pre-Owned,Lease,117927.48,Completed
SAL-1695,2024-04-18,British Columbia,Pacific Auto Centre,charles garcia,3 Series,Sedan,Certified Pre-Owned,Cash,50897.89,  completed 
SAL-1696,2024-02-03,Alberta,Rocky Mountain Motors,jane doe,i7,EV,Pre-Owned,Lease,125672.52,Completed
SAL-1697,2024-12-16,Alberta,Calgary Auto Hub,Robert Johnson,8 Series,Coupe,Pre-Owned,Cash,121292.05,Completed
SAL-1698,2023-01-11,Alberta,Rocky Mountain Motors,Patricia Davis,4 Series,Coupe,Certified Pre-Owned,Lease,58380.85,Completed
SAL-1699,2024-10-10,British Columbia,Vancouver Motors,LISA CLARK,8 Series,Coupe,Certified Pre-Owned,Cash,140975.42,Pending
SAL-1700,2024-04-19,Quebec,Laval Premium Cars,LISA CLARK,X3,SUV,Pre-Owned,Cash,58459.63,Completed
SAL-1701,2023-01-10,Ontario,Northside Motors,Joseph White,3 Series,Sedan,Certified Pre-Owned,Lease,55875.64,Cancelled
SAL-1702,2023-10-12,British Columbia,Westcoast Dealership,Susan Jackson,3 Series,Sedan,New,Cash,54010.3,Completed
SAL-1703,2023-11-04,Alberta,Calgary Auto Hub,LISA CLARK,7 Series,Sedan,New,Cash,117114.29,Completed
SAL-1704,2024-01-18,Manitoba,Prairie Motors,Daniel Robinson,4 Series,Coupe,Certified Pre-Owned,Cash,62060.93,Completed
SAL-1705,2023-01-20,Quebec,Laval Premium Cars,Joseph White,7 Series,Sedan,Pre-Owned,Finance,113887.02,Cancelled
SAL-1706,2023-09-05,Quebec,Quebec City Motors,SARAH THOMPSON,7 Series,Sedan,Pre-Owned,Finance,107744.23,Completed
SAL-1707,2023-08-19,Manitoba,Prairie Motors,JOHN SMITH,8 Series,Coupe,New,Finance,127816.53,Pending
SAL-1708,2023-06-14,Alberta,Edmonton Premier Cars,Susan Jackson,3 Series,Sedan,New,Cash,49637.44,Pending
SAL-1709,2024-04-15,Quebec,Montreal Auto Group,Karen Martinez,4 Series,Coupe,Certified Pre-Owned,Cash,63186.31,Cancelled
SAL-1710,2023-12-05,British Columbia,Pacific Auto Centre,MARY WILLIAMS,X5,SUV,New,Cash,83868.24,Completed
SAL-1711,2024-10-14,Ontario,Lakeview Cars,Karen Martinez,X3,SUV,Pre-Owned,Finance,57509.33,  completed 
SAL-1712,2024-03-30,Ontario,Downtown Auto Group,LINDA MOORE,iX,EV,New,Lease,85543.07,Completed
SAL-1713,2024-08-02,Quebec,Quebec City Motors,Patricia Davis,iX,EV,New,Cash,96132.81,Cancelled
SAL-1714,2024-03-05,Quebec,Montreal Auto Group,Patricia Davis,X3,SUV,New,Lease,57626.95,Completed
SAL-1715,2024-12-12,Alberta,Edmonton Premier Cars,LISA CLARK,i4,EV,New,Cash,70255.55,Pending
SAL-1716,2023-07-13,British Columbia,Westcoast Dealership,JESSICA HARRIS,3 Series,Sedan,Pre-Owned,Cash,56117.29,Completed
SAL-1717,2024-08-09,Ontario,Lakeview Cars,SARAH THOMPSON,7 Series,Sedan,Pre-Owned,Cash,106863.16,Completed
SAL-1718,2024-01-16,Manitoba,Prairie Motors,Richard Thomas,X7,SUV,Pre-Owned,Lease,105182.97,Completed
SAL-1719,2024-12-21,Quebec,Laval Premium Cars,MARY WILLIAMS,i4,EV,Certified Pre-Owned,Lease,81450.58,Cancelled
SAL-1720,2024-12-17,Alberta,Calgary Auto Hub,LISA CLARK,i7,EV,New,Cash,135834.6,Cancelled
SAL-1721,2023-10-10,Manitoba,Prairie Motors,Richard Thomas,X7,SUV,Certified Pre-Owned,Cash,100969.59,Completed
SAL-1722,2023-07-01,Quebec,Montreal Auto Group,Karen Martinez,3 Series,Sedan,New,Lease,48849.92,Completed
SAL-1723,2023-09-16,British Columbia,Pacific Auto Centre,Robert Johnson,X3,SUV,Certified Pre-Owned,Finance,56174.39,Pending
SAL-1724,2024-01-04,Manitoba,Winnipeg Auto Centre,Daniel Robinson,5 Series,Sedan,Pre-Owned,Lease,63659.38,Completed
SAL-1725,2023-08-01,Ontario,Northside Motors,jane doe,7 Series,Sedan,Certified Pre-Owned,Lease,118535.77,Completed
SAL-1726,2023-04-16,Quebec,Quebec City Motors,LINDA MOORE,X7,SUV,Certified Pre-Owned,Lease,94856.6,Completed
SAL-1727,2024-02-21,Ontario,Oakville Premium,David Taylor,4 Series,Coupe,Certified Pre-Owned,Cash,62093.47,Completed
SAL-1728,2024-04-15,Manitoba,Winnipeg Auto Centre,Susan Jackson,iX,EV,Certified Pre-Owned,Lease,99311.38,Completed
SAL-1729,2024-11-30,Ontario,Northside Motors,Robert Johnson,5 Series,Sedan,Certified Pre-Owned,Finance,74986.8,Pending
SAL-1730,2023-09-27,Manitoba,Winnipeg Auto Centre,LINDA MOORE,3 Series,Sedan,Pre-Owned,Lease,52958.63,Completed
SAL-1731,2024-03-05,Manitoba,Winnipeg Auto Centre,SARAH THOMPSON,X3,SUV,New,Lease,56202.03,Completed
SAL-1732,2024-01-28,Quebec,Quebec City Motors,LINDA MOORE,i4,EV,Pre-Owned,Finance,73427.28,Completed
SAL-1733,2023-09-18,Alberta,Calgary Auto Hub,barbara Anderson,8 Series,Coupe,Pre-Owned,Cash,125540.83,Pending
SAL-1734,2023-08-19,Alberta,Rocky Mountain Motors,Daniel Robinson,X7,SUV,Certified Pre-Owned,Finance,100793.68,Completed
SAL-1735,2023-05-18,British Columbia,Pacific Auto Centre,JESSICA HARRIS,X5,SUV,New,Cash,73391.27,Completed
SAL-1736,2023-09-30,British Columbia,Westcoast Dealership,james BROWN,8 Series,Coupe,New,Lease,132732.08,Cancelled
SAL-1737,2024-09-29,Manitoba,Prairie Motors,JESSICA HARRIS,7 Series,Sedan,New,Lease,114076.04,Completed
SAL-1738,2023-07-25,Manitoba,Prairie Motors,Karen Martinez,4 Series,Coupe,Certified Pre-Owned,Cash,58970.66,Completed
SAL-1739,2024-01-09,Quebec,Montreal Auto Group,Karen Martinez,4 Series,Coupe,New,Cash,60688.17,Completed
SAL-1740,2024-01-10,British Columbia,Pacific Auto Centre,charles garcia,7 Series,Sedan,Certified Pre-Owned,Finance,113419.99,Completed
SAL-1741,2024-07-31,Quebec,Laval Premium Cars,David Taylor,i7,EV,Certified Pre-Owned,Finance,142074.82,Pending
SAL-1742,2024-01-05,Alberta,Rocky Mountain Motors,LINDA MOORE,4 Series,Coupe,Certified Pre-Owned,Finance,64317.45,Cancelled
SAL-1743,2023-08-02,Manitoba,Prairie Motors,David Taylor,5 Series,Sedan,New,Cash,70930.04,Completed
SAL-1744,2023-12-16,Ontario,Lakeview Cars,Patricia Davis,4 Series,Coupe,Certified Pre-Owned,Lease,60006.9,Completed
SAL-1745,2023-04-26,Quebec,Quebec City Motors,LINDA MOORE,i4,EV,New,Finance,71034.09,Completed
SAL-1746,2023-05-06,Ontario,Lakeview Cars,barbara Anderson,X5,SUV,New,Lease,77767.18,Completed
SAL-1747,2023-11-21,British Columbia,Vancouver Motors,barbara Anderson,5 Series,Sedan,New,Lease,65907.25,Completed
SAL-1748,2023-01-19,Quebec,Montreal Auto Group,JOHN SMITH,7 Series,Sedan,Pre-Owned,Lease,110580.56,Completed
SAL-1749,2024-01-13,British Columbia,Pacific Auto Centre,Karen Martinez,3 Series,Sedan,Certified Pre-Owned,Cash,54165.61,Cancelled
SAL-1750,2024-06-01,Alberta,Rocky Mountain Motors,Thomas Martin,X5,SUV,Certified Pre-Owned,Finance,73471.13,Pending
SAL-1751,2024-06-25,British Columbia,Westcoast Dealership,JESSICA HARRIS,7 Series,Sedan,Certified Pre-Owned,Lease,115649.71,Completed
SAL-1752,2023-11-28,Manitoba,Prairie Motors,JESSICA HARRIS,i7,EV,New,Cash,,Pending
SAL-1753,2024-07-03,Ontario,Lakeview Cars,Robert Johnson,X5,SUV,New,Finance,71911.27,Completed
SAL-1754,2023-07-02,Ontario,Northside Motors,james BROWN,i7,EV,New,Finance,129409.95,Completed
SAL-1755,2023-11-05,Ontario,Oakville Premium,LINDA MOORE,7 Series,Sedan,Pre-Owned,Lease,129943.88,Completed
SAL-1756,2023-07-23,Ontario,Oakville Premium,MARY WILLIAMS,X3,SUV,New,Finance,60798.26,Cancelled
SAL-1757,2024-10-22,Quebec,Montreal Auto Group,Patricia Davis,7 Series,Sedan,Pre-Owned,Lease,129629.02,Pending
SAL-1758,2023-06-01,Manitoba,Prairie Motors,Patricia Davis,X3,SUV,New,Lease,57887.29,Pending
SAL-1759,2024-01-08,Manitoba,Winnipeg Auto Centre,SARAH THOMPSON,5 Series,Sedan,Pre-Owned,Lease,63753.93,Completed
SAL-1760,2024-04-25,Quebec,Montreal Auto Group,Joseph White,4 Series,Coupe,New,Cash,62475.76,Cancelled
SAL-1761,2023-06-12,Manitoba,Prairie Motors,michael Wilson,7 Series,Sedan,Certified Pre-Owned,Cash,,Completed
SAL-1762,2024-11-25,Alberta,Rocky Mountain Motors,Karen Martinez,X7,SUV,Pre-Owned,Cash,113000.9,Completed
SAL-1763,2024-02-17,Quebec,Laval Premium Cars,SARAH THOMPSON,8 Series,Coupe,New,Finance,116961.65,Pending
SAL-1764,2023-06-15,British Columbia,Westcoast Dealership,charles garcia,X3,SUV,New,Lease,57890.88,Completed
SAL-1765,2024-11-11,Alberta,Rocky Mountain Motors,Patricia Davis,X7,SUV,New,Lease,101103.23,Completed
SAL-1766,2024-11-02,Manitoba,Prairie Motors,jane doe,X5,SUV,Certified Pre-Owned,Cash,79602.55,Pending
SAL-1767,2024-12-01,Ontario,Downtown Auto Group,SARAH THOMPSON,8 Series,Coupe,Certified Pre-Owned,Cash,,Completed
SAL-1768,2024-07-29,Manitoba,Prairie Motors,Richard Thomas,7 Series,Sedan,New,Cash,114558.73,Completed
SAL-1769,2024-08-07,Ontario,Lakeview Cars,SARAH THOMPSON,i4,EV,Pre-Owned,Finance,70570.23,Pending
SAL-1770,2024-08-05,Ontario,Lakeview Cars,Robert Johnson,8 Series,Coupe,New,Lease,122889.53,Completed
SAL-1771,2024-03-14,Ontario,Downtown Auto Group,David Taylor,8 Series,Coupe,New,Lease,124188.94,Completed
SAL-1772,2024-05-23,Manitoba,Prairie Motors,Susan Jackson,i7,EV,New,Cash,141156.36,Pending
SAL-1773,2023-01-16,British Columbia,Vancouver Motors,Robert Johnson,X7,SUV,Pre-Owned,Lease,108398.82,Pending
SAL-1774,2023-09-07,Alberta,Calgary Auto Hub,JESSICA HARRIS,X7,SUV,Pre-Owned,Finance,109431.06,Pending
SAL-1775,2023-06-18,Manitoba,Prairie Motors,JESSICA HARRIS,X3,SUV,Certified Pre-Owned,Finance,60662.46,Completed
SAL-1776,2023-01-29,British Columbia,Vancouver Motors,Thomas Martin,i7,EV,Certified Pre-Owned,Lease,131012.79,Cancelled
SAL-1777,2024-10-14,Manitoba,Prairie Motors,michael Wilson,4 Series,Coupe,Pre-Owned,Lease,67059.61,Cancelled
SAL-1778,2023-11-13,Ontario,Downtown Auto Group,michael Wilson,iX,EV,New,Lease,95635.59,Cancelled
SAL-1779,2023-03-12,Ontario,Northside Motors,Susan Jackson,7 Series,Sedan,New,Finance,110485.94,Pending
SAL-1780,2024-12-29,Quebec,Quebec City Motors,jane doe,i4,EV,New,Cash,79723.18,Pending
SAL-1781,2023-11-01,Manitoba,Prairie Motors,Daniel Robinson,iX,EV,Certified Pre-Owned,Lease,89465.92,Pending
SAL-1782,2024-12-08,British Columbia,Vancouver Motors,jane doe,8 Series,Coupe,Certified Pre-Owned,Finance,,Completed
SAL-1783,2024-08-25,British Columbia,Vancouver Motors,Joseph White,X3,SUV,Certified Pre-Owned,Lease,57642.51,Pending
SAL-1784,2024-12-13,Ontario,Lakeview Cars,Joseph White,X7,SUV,New,Finance,109451.08,Completed
SAL-1785,2023-04-23,Ontario,Northside Motors,Patricia Davis,8 Series,Coupe,Pre-Owned,Cash,128187.08,Pending
SAL-1786,2024-09-18,Ontario,Lakeview Cars,Joseph White,8 Series,Coupe,Certified Pre-Owned,Finance,132902.35,Pending
SAL-1787,2024-12-27,Alberta,Edmonton Premier Cars,David Taylor,X5,SUV,New,Finance,83690.92,Cancelled
SAL-1788,2023-09-22,British Columbia,Westcoast Dealership,David Taylor,X7,SUV,Pre-Owned,Finance,103859.4,Completed
SAL-1789,2023-08-18,Alberta,Calgary Auto Hub,jane doe,X3,SUV,Pre-Owned,Finance,53978.53,Cancelled
SAL-1790,2023-09-13,British Columbia,Westcoast Dealership,Patricia Davis,4 Series,Coupe,New,Cash,62182.61,Cancelled
SAL-1791,2023-11-05,Quebec,Montreal Auto Group,charles garcia,iX,EV,Certified Pre-Owned,Cash,91193.01,Completed
SAL-1792,2023-02-08,Quebec,Laval Premium Cars,LINDA MOORE,X3,SUV,New,Cash,60203.39,Completed
SAL-1793,2023-02-25,Ontario,Northside Motors,JOHN SMITH,X7,SUV,New,Lease,102199.46,Completed
SAL-1794,2024-06-25,Quebec,Quebec City Motors,LISA CLARK,iX,EV,Certified Pre-Owned,Cash,94652.95,Completed
SAL-1795,2024-09-16,Ontario,Oakville Premium,michael Wilson,7 Series,Sedan,New,Finance,106566.78,Completed
SAL-1796,2023-03-16,Quebec,Quebec City Motors,LINDA MOORE,X3,SUV,Pre-Owned,Lease,54146.87,Completed
SAL-1797,2023-05-19,British Columbia,Vancouver Motors,jane doe,X7,SUV,New,Cash,105530.4,Completed
SAL-1798,2024-11-10,Ontario,Downtown Auto Group,Thomas Martin,4 Series,Coupe,Pre-Owned,Lease,60642.83,Pending
SAL-1799,2024-07-19,Quebec,Laval Premium Cars,Richard Thomas,3 Series,Sedan,Pre-Owned,Lease,48432.86,Completed
SAL-1800,2024-11-09,Ontario,Northside Motors,SARAH THOMPSON,7 Series,Sedan,Certified Pre-Owned,Finance,111323.94,Completed
SAL-1801,2023-08-22,British Columbia,Vancouver Motors,Karen Martinez,3 Series,Sedan,Certified Pre-Owned,Cash,55798.09,Completed
SAL-1802,2024-04-04,Quebec,Quebec City Motors,Richard Thomas,4 Series,Coupe,Pre-Owned,Cash,64356.08,Completed
SAL-1803,2023-05-18,British Columbia,Pacific Auto Centre,Richard Thomas,X3,SUV,Certified Pre-Owned,Lease,56638.17,Completed
SAL-1804,2024-04-24,British Columbia,Pacific Auto Centre,Thomas Martin,8 Series,Coupe,New,Lease,120930.71,Completed
SAL-1805,2024-05-04,Ontario,Oakville Premium,LISA CLARK,i4,EV,Pre-Owned,Finance,70268.58,Completed
SAL-1806,2023-06-27,Alberta,Calgary Auto Hub,LINDA MOORE,3 Series,Sedan,Pre-Owned,Lease,54285.12,Cancelled
SAL-1807,2023-02-17,Ontario,Northside Motors,james BROWN,4 Series,Coupe,Pre-Owned,Finance,63600.8,Pending
SAL-1808,2023-06-16,Ontario,Downtown Auto Group,Patricia Davis,i7,EV,Pre-Owned,Cash,128200.22,Completed
SAL-1809,2023-04-15,Quebec,Quebec City Motors,SARAH THOMPSON,i7,EV,Pre-Owned,Lease,127960.76,Pending
SAL-1810,2024-01-31,Manitoba,Winnipeg Auto Centre,Susan Jackson,4 Series,Coupe,Pre-Owned,Lease,58016.08,Completed
SAL-1811,2024-06-01,Quebec,Laval Premium Cars,Robert Johnson,X5,SUV,New,Cash,80000.58,Completed
SAL-1812,2023-10-16,Alberta,Edmonton Premier Cars,David Taylor,i7,EV,Pre-Owned,Lease,147745.97,Completed
SAL-1813,2023-04-13,Quebec,Laval Premium Cars,james BROWN,3 Series,Sedan,New,Cash,50045.19,Completed
SAL-1814,2024-09-20,British Columbia,Westcoast Dealership,jane doe,8 Series,Coupe,Pre-Owned,Cash,115418.9,Pending
SAL-1815,2023-04-17,Ontario,Northside Motors,Daniel Robinson,X5,SUV,Pre-Owned,Lease,72785.5,Completed
SAL-1816,2023-06-29,Ontario,Oakville Premium,james BROWN,3 Series,Sedan,Certified Pre-Owned,Finance,55892.6,Completed
SAL-1817,2023-05-28,Ontario,Lakeview Cars,MARY WILLIAMS,4 Series,Coupe,Certified Pre-Owned,Cash,59970.81,Pending
SAL-1818,2023-01-02,Quebec,Montreal Auto Group,Karen Martinez,X7,SUV,New,Cash,106393.72,Completed
SAL-1819,2024-09-05,Ontario,Lakeview Cars,Daniel Robinson,i7,EV,Certified Pre-Owned,Cash,137692.73,Completed
SAL-1820,2024-12-01,Alberta,Rocky Mountain Motors,Susan Jackson,i7,EV,New,Lease,139072.39,Completed
SAL-1821,2024-10-11,Manitoba,Winnipeg Auto Centre,michael Wilson,iX,EV,New,Lease,92051.1,Completed
SAL-1822,2023-06-13,Quebec,Quebec City Motors,Susan Jackson,4 Series,Coupe,Pre-Owned,Cash,58244.15,Completed
SAL-1823,2024-10-31,Ontario,Northside Motors,Susan Jackson,X3,SUV,Pre-Owned,Lease,62020.69,Completed
SAL-1824,2024-08-28,Quebec,Montreal Auto Group,Richard Thomas,3 Series,Sedan,Certified Pre-Owned,Lease,54284.95,Cancelled
SAL-1825,2024-09-29,British Columbia,Westcoast Dealership,barbara Anderson,i4,EV,Pre-Owned,Cash,73657.78,Completed
SAL-1826,2023-07-19,Manitoba,Winnipeg Auto Centre,michael Wilson,4 Series,Coupe,Pre-Owned,Cash,62300.6,Completed
SAL-1827,2023-06-10,Alberta,Rocky Mountain Motors,Robert Johnson,X7,SUV,Pre-Owned,Cash,94524.64,Completed
SAL-1828,2024-12-29,Ontario,Lakeview Cars,Susan Jackson,4 Series,Coupe,Pre-Owned,Cash,69979.78,Pending
SAL-1829,2023-04-23,Alberta,Calgary Auto Hub,charles garcia,7 Series,Sedan,Certified Pre-Owned,Finance,120496.34,Cancelled
SAL-1830,2024-02-02,British Columbia,Westcoast Dealership,Patricia Davis,3 Series,Sedan,Pre-Owned,Lease,50276.28,Pending
SAL-1831,2024-10-15,Alberta,Rocky Mountain Motors,Joseph White,8 Series,Coupe,Certified Pre-Owned,Finance,141329.38,Completed
SAL-1832,2023-04-25,British Columbia,Pacific Auto Centre,LISA CLARK,4 Series,Coupe,New,Lease,63010.67,Pending
SAL-1833,2023-10-19,Ontario,Lakeview Cars,Patricia Davis,3 Series,Sedan,Pre-Owned,Finance,55320.04,Cancelled
SAL-1834,2024-04-27,Quebec,Laval Premium Cars,LISA CLARK,3 Series,Sedan,Certified Pre-Owned,Cash,54063.97,Pending
SAL-1835,2024-12-16,Manitoba,Winnipeg Auto Centre,michael Wilson,X7,SUV,New,Lease,,Cancelled
SAL-1836,2023-01-03,Quebec,Montreal Auto Group,jane doe,X7,SUV,New,Finance,104553.73,Completed
SAL-1837,2023-11-26,Quebec,Montreal Auto Group,jane doe,3 Series,Sedan,Certified Pre-Owned,Cash,51351.04,Completed
SAL-1838,2024-09-22,Ontario,Lakeview Cars,Patricia Davis,X5,SUV,Pre-Owned,Lease,75981.58,Cancelled
SAL-1839,2023-09-07,Quebec,Montreal Auto Group,LINDA MOORE,iX,EV,New,Lease,98301.39,Completed
SAL-1840,2023-03-27,British Columbia,Pacific Auto Centre,charles garcia,iX,EV,Certified Pre-Owned,Lease,87946.34,Completed
SAL-1841,2023-04-18,Quebec,Montreal Auto Group,LINDA MOORE,iX,EV,Certified Pre-Owned,Lease,90118.3,Completed
SAL-1842,2023-08-20,British Columbia,Pacific Auto Centre,LISA CLARK,X3,SUV,New,Cash,57369.67,Cancelled
SAL-1843,2024-05-03,British Columbia,Vancouver Motors,Richard Thomas,7 Series,Sedan,Pre-Owned,Lease,113885.05,Completed
SAL-1844,2024-01-15,Ontario,Downtown Auto Group,Daniel Robinson,i7,EV,New,Cash,137439.49,Cancelled
SAL-1845,2024-09-13,British Columbia,Pacific Auto Centre,Thomas Martin,X5,SUV,Certified Pre-Owned,Cash,83529.59,Pending
SAL-1846,2024-12-10,Manitoba,Prairie Motors,barbara Anderson,X7,SUV,Certified Pre-Owned,Lease,102656.51,Pending
SAL-1847,2024-01-13,British Columbia,Westcoast Dealership,Joseph White,iX,EV,Pre-Owned,Finance,86428.5,Completed
SAL-1848,2023-11-12,British Columbia,Vancouver Motors,LISA CLARK,i4,EV,Pre-Owned,Lease,71940.6,Cancelled
SAL-1849,2024-10-13,Manitoba,Prairie Motors,JOHN SMITH,i7,EV,Certified Pre-Owned,Lease,150525.46,Completed
SAL-1850,2024-09-24,Quebec,Quebec City Motors,JESSICA HARRIS,i4,EV,Certified Pre-Owned,Lease,73679.74,Completed
SAL-1851,2024-09-01,Quebec,Montreal Auto Group,Thomas Martin,7 Series,Sedan,Certified Pre-Owned,Lease,111060.68,Pending
SAL-1852,2023-03-19,Manitoba,Prairie Motors,charles garcia,iX,EV,New,Lease,96650.74,Cancelled
SAL-1853,2024-02-13,Alberta,Edmonton Premier Cars,Daniel Robinson,4 Series,Coupe,Pre-Owned,Lease,65584.79,Completed
SAL-1854,2023-01-11,Ontario,Lakeview Cars,LISA CLARK,8 Series,Coupe,New,Lease,131930.29,Cancelled
SAL-1855,2024-02-13,British Columbia,Pacific Auto Centre,james BROWN,3 Series,Sedan,Certified Pre-Owned,Cash,55485.47,Pending
SAL-1856,2024-01-03,Ontario,Northside Motors,charles garcia,8 Series,Coupe,New,Cash,120044.82,Completed
SAL-1857,2024-11-13,Ontario,Lakeview Cars,Karen Martinez,iX,EV,Pre-Owned,Cash,100541.93,Cancelled
SAL-1858,2023-01-15,Ontario,Lakeview Cars,james BROWN,i4,EV,Certified Pre-Owned,Finance,71545.42,Completed
SAL-1859,2024-08-29,Quebec,Laval Premium Cars,LISA CLARK,i4,EV,Certified Pre-Owned,Lease,,Completed
SAL-1860,2024-03-24,Alberta,Calgary Auto Hub,Karen Martinez,4 Series,Coupe,Pre-Owned,Finance,64266.63,Pending
SAL-1861,2024-02-29,Ontario,Downtown Auto Group,jane doe,i4,EV,New,Cash,75184.67,Completed
SAL-1862,2023-09-16,British Columbia,Vancouver Motors,james BROWN,8 Series,Coupe,Pre-Owned,Lease,128123.24,Completed
SAL-1863,2023-06-18,Quebec,Laval Premium Cars,barbara Anderson,iX,EV,New,Finance,87251.75,Completed
SAL-1864,2023-05-21,Alberta,Rocky Mountain Motors,Richard Thomas,iX,EV,Certified Pre-Owned,Cash,92662.8,Completed
SAL-1865,2024-10-25,Alberta,Calgary Auto Hub,barbara Anderson,X7,SUV,Certified Pre-Owned,Cash,115405.3,Completed
SAL-1866,2024-09-03,Manitoba,Prairie Motors,LINDA MOORE,8 Series,Coupe,Pre-Owned,Finance,133747.76,Completed
SAL-1867,2024-05-15,Manitoba,Winnipeg Auto Centre,Robert Johnson,4 Series,Coupe,New,Finance,57468.28,Completed
SAL-1868,2023-09-13,Manitoba,Winnipeg Auto Centre,Joseph White,7 Series,Sedan,New,Lease,108832.59,Completed
SAL-1869,2024-04-19,Quebec,Montreal Auto Group,SARAH THOMPSON,X7,SUV,New,Finance,95989.81,Completed
SAL-1870,2024-07-21,Alberta,Rocky Mountain Motors,Richard Thomas,8 Series,Coupe,New,Cash,129519.6,Cancelled
SAL-1871,2024-02-20,British Columbia,Westcoast Dealership,MARY WILLIAMS,4 Series,Coupe,Pre-Owned,Finance,65152.43,Pending
SAL-1872,2023-11-12,Alberta,Calgary Auto Hub,LISA CLARK,5 Series,Sedan,New,Finance,68127.15,Pending
SAL-1873,2023-05-25,Alberta,Rocky Mountain Motors,barbara Anderson,X5,SUV,Certified Pre-Owned,Lease,78073.04,Completed
SAL-1874,2023-07-24,Alberta,Rocky Mountain Motors,David Taylor,8 Series,Coupe,Certified Pre-Owned,Lease,,Completed
SAL-1875,2024-06-26,Ontario,Northside Motors,michael Wilson,X3,SUV,Certified Pre-Owned,Cash,60160.4,Completed
SAL-1876,2024-06-09,Manitoba,Winnipeg Auto Centre,SARAH THOMPSON,i4,EV,Pre-Owned,Lease,72486.57,Completed
SAL-1877,2023-01-10,British Columbia,Vancouver Motors,barbara Anderson,i4,EV,Pre-Owned,Finance,73040.81,Completed
SAL-1878,2023-12-01,Quebec,Laval Premium Cars,michael Wilson,8 Series,Coupe,Certified Pre-Owned,Lease,131425.57,Completed
SAL-1879,2024-12-03,Ontario,Downtown Auto Group,SARAH THOMPSON,8 Series,Coupe,New,Finance,126998.52,Completed
SAL-1880,2024-08-29,Quebec,Laval Premium Cars,Joseph White,i4,EV,Pre-Owned,Cash,72749.05,Completed
SAL-1881,2024-03-16,Manitoba,Prairie Motors,David Taylor,i7,EV,Certified Pre-Owned,Cash,139079.92,Cancelled
SAL-1882,2024-09-01,Ontario,Downtown Auto Group,Karen Martinez,7 Series,Sedan,Certified Pre-Owned,Finance,121869.14,Completed
SAL-1883,2023-03-29,Alberta,Calgary Auto Hub,Karen Martinez,7 Series,Sedan,Pre-Owned,Finance,117507.76,Cancelled
SAL-1884,2024-08-19,Quebec,Quebec City Motors,Susan Jackson,8 Series,Coupe,Certified Pre-Owned,Cash,130222.43,Cancelled
SAL-1885,2024-06-14,Quebec,Quebec City Motors,MARY WILLIAMS,4 Series,Coupe,Pre-Owned,Cash,58627.91,Completed
SAL-1886,2024-06-25,Manitoba,Winnipeg Auto Centre,Karen Martinez,X5,SUV,New,Lease,77520.24,Cancelled
SAL-1887,2023-12-03,Ontario,Lakeview Cars,MARY WILLIAMS,8 Series,Coupe,Certified Pre-Owned,Cash,120945.96,Pending
SAL-1888,2023-07-06,Quebec,Laval Premium Cars,michael Wilson,3 Series,Sedan,Pre-Owned,Cash,49892.37,Completed
SAL-1889,2023-09-09,Manitoba,Winnipeg Auto Centre,LISA CLARK,7 Series,Sedan,Certified Pre-Owned,Lease,119166.9,Completed
SAL-1890,2024-04-24,Ontario,Northside Motors,Daniel Robinson,5 Series,Sedan,New,Finance,73350.89,Completed
SAL-1891,2023-04-02,Manitoba,Winnipeg Auto Centre,Richard Thomas,X5,SUV,Pre-Owned,Lease,72997.74,Cancelled
SAL-1892,2024-11-20,Ontario,Lakeview Cars,Joseph White,X3,SUV,New,Lease,59940.16,Completed
SAL-1893,2024-04-30,Ontario,Northside Motors,barbara Anderson,X7,SUV,New,Lease,106897.16,Completed
SAL-1894,2024-05-29,Manitoba,Winnipeg Auto Centre,MARY WILLIAMS,4 Series,Coupe,New,Finance,59064.03,Completed
SAL-1895,2023-12-18,Quebec,Montreal Auto Group,charles garcia,i4,EV,Certified Pre-Owned,Cash,76266.31,Pending
SAL-1896,2024-08-04,British Columbia,Westcoast Dealership,LINDA MOORE,8 Series,Coupe,New,FINANCE,129661.43,Completed
SAL-1897,2023-04-03,Alberta,Rocky Mountain Motors,Susan Jackson,8 Series,Coupe,Pre-Owned,Finance,127319.71,Pending
SAL-1898,2024-05-14,Quebec,Quebec City Motors,Daniel Robinson,X7,SUV,New,Finance,96908.56,Completed
SAL-1899,2023-05-18,British Columbia,Vancouver Motors,charles garcia,7 Series,Sedan,New,Finance,112339.08,Pending
SAL-1900,2023-01-05,Manitoba,Prairie Motors,Richard Thomas,iX,EV,New,Finance,96177.42,Completed
SAL-1901,2023-04-18,Ontario,Oakville Premium,LISA CLARK,3 Series,Sedan,Pre-Owned,Finance,52451.16,Completed
SAL-1902,2024-01-18,Alberta,Edmonton Premier Cars,MARY WILLIAMS,4 Series,Coupe,New,Cash,57091.88,Cancelled
SAL-1903,2024-03-05,Ontario,Lakeview Cars,michael Wilson,X5,SUV,Certified Pre-Owned,Cash,81257.16,Cancelled
SAL-1904,2024-08-15,Alberta,Edmonton Premier Cars,LINDA MOORE,7 Series,Sedan,Pre-Owned,Finance,106449.73,Completed
SAL-1905,2023-09-24,Ontario,Oakville Premium,LISA CLARK,iX,EV,Pre-Owned,Lease,95617.2,Completed
SAL-1906,2023-11-24,Alberta,Rocky Mountain Motors,Susan Jackson,iX,EV,New,Lease,92001.54,Completed
SAL-1907,2024-04-09,Quebec,Montreal Auto Group,David Taylor,i4,EV,New,Cash,77277.01,Pending
SAL-1908,2023-07-27,Ontario,Oakville Premium,barbara Anderson,4 Series,Coupe,New,Lease,60689.97,Cancelled
SAL-1909,2024-10-29,British Columbia,Westcoast Dealership,Susan Jackson,iX,EV,Pre-Owned,Cash,93925.06,Completed
SAL-1910,2023-01-09,Ontario,Lakeview Cars,LISA CLARK,3 Series,Sedan,New,Lease,49078.75,Completed
SAL-1911,2023-05-11,Quebec,Montreal Auto Group,Joseph White,X7,SUV,New,Finance,98827.46,Completed
SAL-1912,2024-09-17,Ontario,Northside Motors,jane doe,X3,SUV,Pre-Owned,Lease,61495.32,Completed
SAL-1913,2024-12-25,Alberta,Calgary Auto Hub,SARAH THOMPSON,3 Series,Sedan,Pre-Owned,Lease,58935.98,Completed
SAL-1914,2024-09-28,British Columbia,Westcoast Dealership,SARAH THOMPSON,3 Series,Sedan,Pre-Owned,Lease,50904.34,Completed
SAL-1915,2024-08-24,Alberta,Rocky Mountain Motors,Karen Martinez,i4,EV,Certified Pre-Owned,Cash,71407.99,Pending
SAL-1916,2023-03-22,British Columbia,Pacific Auto Centre,SARAH THOMPSON,X5,SUV,Certified Pre-Owned,Cash,80771.45,Completed
SAL-1917,2023-04-21,British Columbia,Pacific Auto Centre,Karen Martinez,i4,EV,Pre-Owned,Cash,76448.98,Completed
SAL-1918,2023-01-13,Quebec,Montreal Auto Group,james BROWN,5 Series,Sedan,Pre-Owned,Finance,69012.32,Pending
SAL-1919,2023-12-10,British Columbia,Pacific Auto Centre,LINDA MOORE,7 Series,Sedan,Certified Pre-Owned,Finance,118654.28,Completed
SAL-1920,2024-04-21,Manitoba,Winnipeg Auto Centre,SARAH THOMPSON,5 Series,Sedan,Pre-Owned,Finance,67049.33,Completed
SAL-1921,2023-08-10,Manitoba,Winnipeg Auto Centre,LISA CLARK,5 Series,Sedan,Certified Pre-Owned,Cash,70128.33,Completed
SAL-1922,2024-07-07,British Columbia,Pacific Auto Centre,Joseph White,3 Series,Sedan,Pre-Owned,Cash,47866.78,Cancelled
SAL-1923,2023-09-17,British Columbia,Pacific Auto Centre,Richard Thomas,3 Series,Sedan,Pre-Owned,Finance,52994.98,Pending
SAL-1924,2023-01-07,British Columbia,Westcoast Dealership,Thomas Martin,5 Series,Sedan,Certified Pre-Owned,Finance,66427.76,Completed
SAL-1925,2023-07-08,British Columbia,Vancouver Motors,Susan Jackson,4 Series,Coupe,New,Cash,,Pending
SAL-1926,2024-11-11,Manitoba,Prairie Motors,JOHN SMITH,3 Series,Sedan,Pre-Owned,Finance,51044.37,Completed
SAL-1927,2024-11-21,British Columbia,Vancouver Motors,Patricia Davis,3 Series,Sedan,Certified Pre-Owned,Lease,55370.54,Completed
SAL-1928,2023-11-04,Quebec,Montreal Auto Group,Karen Martinez,i7,EV,New,Lease,141318.47,Completed
SAL-1929,2023-02-07,Manitoba,Prairie Motors,james BROWN,5 Series,Sedan,New,Cash,69548.5,Cancelled
SAL-1930,2024-07-07,Manitoba,Winnipeg Auto Centre,Joseph White,X5,SUV,Pre-Owned,Finance,72569.37,Cancelled
SAL-1931,2023-08-08,Manitoba,Prairie Motors,Thomas Martin,i4,EV,Certified Pre-Owned,Cash,72921.41,Completed
SAL-1932,2024-07-24,Ontario,Northside Motors,Robert Johnson,i7,EV,Pre-Owned,Cash,,Cancelled
SAL-1933,2023-02-14,British Columbia,Pacific Auto Centre,jane doe,iX,EV,Certified Pre-Owned,Lease,92892.92,Cancelled
SAL-1934,2023-11-30,British Columbia,Vancouver Motors,LINDA MOORE,X3,SUV,Certified Pre-Owned,Lease,61908.38,Completed
SAL-1935,2024-08-10,Ontario,Northside Motors,charles garcia,3 Series,Sedan,Certified Pre-Owned,Finance,53468.21,Completed
SAL-1936,2024-05-18,British Columbia,Pacific Auto Centre,james BROWN,X3,SUV,New,Finance,,Completed
SAL-1937,2024-06-15,Ontario,Downtown Auto Group,Joseph White,7 Series,Sedan,New,Finance,110764.7,Pending
SAL-1938,2023-05-02,Ontario,Downtown Auto Group,Joseph White,5 Series,Sedan,New,Cash,71536.54,Cancelled
SAL-1939,2024-05-21,British Columbia,Pacific Auto Centre,michael Wilson,X7,SUV,Certified Pre-Owned,Lease,101971.53,Cancelled
SAL-1940,2023-01-10,Quebec,Laval Premium Cars,Karen Martinez,5 Series,Sedan,Pre-Owned,Finance,63398.39,Completed
SAL-1941,2024-02-02,Manitoba,Prairie Motors,LINDA MOORE,iX,EV,New,Cash,85501.87,Completed
SAL-1942,2024-03-20,Manitoba,Prairie Motors,MARY WILLIAMS,X3,SUV,New,Lease,56461.73,Completed
SAL-1943,2024-09-10,Ontario,Lakeview Cars,Karen Martinez,7 Series,Sedan,Pre-Owned,Finance,120242.1,Completed
SAL-1944,2024-10-13,Alberta,Calgary Auto Hub,David Taylor,3 Series,Sedan,Pre-Owned,Cash,56414.3,Completed
SAL-1945,2023-11-26,Quebec,Quebec City Motors,Joseph White,5 Series,Sedan,Pre-Owned,Lease,74697.14,Cancelled
SAL-1946,2023-02-24,Quebec,Quebec City Motors,MARY WILLIAMS,i4,EV,New,Lease,72198.94,Completed
SAL-1947,2024-06-03,British Columbia,Westcoast Dealership,james BROWN,7 Series,Sedan,New,Lease,113899.66,Completed
SAL-1948,2023-02-04,Ontario,Northside Motors,charles garcia,i4,EV,Certified Pre-Owned,Lease,67938.65,Completed
SAL-1949,2024-02-26,Quebec,Montreal Auto Group,barbara Anderson,4 Series,Coupe,New,Cash,60295.67,  completed 
SAL-1950,2023-05-23,British Columbia,Westcoast Dealership,Karen Martinez,7 Series,Sedan,Pre-Owned,Finance,113785.96,Completed
SAL-1951,2024-08-01,British Columbia,Westcoast Dealership,JOHN SMITH,8 Series,Coupe,Certified Pre-Owned,Lease,116772.01,Pending
SAL-1952,2024-03-12,British Columbia,Pacific Auto Centre,JESSICA HARRIS,5 Series,Sedan,New,Cash,64960.26,Completed
SAL-1953,2023-06-29,Ontario,Downtown Auto Group,michael Wilson,7 Series,Sedan,New,Lease,116807.35,Pending
SAL-1954,2024-05-24,Alberta,Rocky Mountain Motors,JESSICA HARRIS,4 Series,Coupe,Certified Pre-Owned,Finance,64337.78,Completed
SAL-1955,2023-02-17,Alberta,Edmonton Premier Cars,barbara Anderson,i7,EV,Pre-Owned,Cash,145764.31,Completed
SAL-1956,2024-09-28,Alberta,Edmonton Premier Cars,Robert Johnson,3 Series,Sedan,Certified Pre-Owned,Cash,55603.5,Completed
SAL-1957,2023-06-02,British Columbia,Westcoast Dealership,David Taylor,8 Series,Coupe,New,Finance,127851.3,Cancelled
SAL-1958,2023-04-14,Manitoba,Winnipeg Auto Centre,james BROWN,X5,SUV,Certified Pre-Owned,Lease,77017.18,Completed
SAL-1959,2024-12-16,Quebec,Laval Premium Cars,Joseph White,iX,EV,New,Cash,98704.76,Completed
SAL-1960,2023-10-04,Quebec,Quebec City Motors,LISA CLARK,i7,EV,Certified Pre-Owned,Finance,148228.58,Pending
SAL-1961,2024-02-27,British Columbia,Vancouver Motors,MARY WILLIAMS,3 Series,Sedan,Pre-Owned,Finance,48824.56,Cancelled
SAL-1962,2023-08-03,British Columbia,Pacific Auto Centre,barbara Anderson,8 Series,Coupe,New,Finance,123198.1,Pending
SAL-1963,2024-10-14,Ontario,Northside Motors,JESSICA HARRIS,5 Series,Sedan,Certified Pre-Owned,Lease,75281.9,Completed
SAL-1964,2024-10-20,Ontario,Oakville Premium,Robert Johnson,8 Series,Coupe,New,Cash,128810.49,Cancelled
SAL-1965,2023-01-03,Manitoba,Winnipeg Auto Centre,JESSICA HARRIS,i4,EV,New,Finance,72827.97,Completed
SAL-1966,2024-06-13,Manitoba,Winnipeg Auto Centre,David Taylor,7 Series,Sedan,Pre-Owned,Finance,,Cancelled
SAL-1967,2023-02-14,Ontario,Lakeview Cars,Patricia Davis,3 Series,Sedan,New,Cash,49374.84,Completed
SAL-1968,2024-12-26,British Columbia,Pacific Auto Centre,Joseph White,3 Series,Sedan,New,FINANCE,53396.49,Cancelled
SAL-1969,2024-12-31,British Columbia,Vancouver Motors,charles garcia,X3,SUV,Certified Pre-Owned,Cash,59287.48,Completed
SAL-1970,2023-04-02,Ontario,Oakville Premium,David Taylor,3 Series,Sedan,New,Cash,48057.96,Completed
SAL-1971,2023-04-12,British Columbia,Pacific Auto Centre,Daniel Robinson,i7,EV,Certified Pre-Owned,Lease,124722.54,Cancelled
SAL-1972,2024-06-03,Quebec,Montreal Auto Group,David Taylor,4 Series,Coupe,New,Lease,65290.43,Completed
SAL-1973,2023-05-04,Alberta,Edmonton Premier Cars,Robert Johnson,7 Series,Sedan,New,Finance,110824.5,Completed
SAL-1974,2024-06-25,Ontario,Oakville Premium,Thomas Martin,X7,SUV,Pre-Owned,Lease,102295.05,Completed
SAL-1975,2024-03-01,Ontario,Northside Motors,MARY WILLIAMS,i4,EV,Certified Pre-Owned,Cash,69681.32,Cancelled
SAL-1976,2024-09-02,British Columbia,Pacific Auto Centre,Daniel Robinson,X7,SUV,Pre-Owned,Finance,109191.89,Completed
SAL-1977,2024-04-03,Quebec,Quebec City Motors,JESSICA HARRIS,X3,SUV,Pre-Owned,Cash,55766.27,Completed
SAL-1978,2024-05-27,Manitoba,Prairie Motors,jane doe,8 Series,Coupe,New,Cash,123593.14,Completed
SAL-1979,2023-06-16,British Columbia,Pacific Auto Centre,MARY WILLIAMS,i4,EV,Certified Pre-Owned,Lease,76293.85,Completed
SAL-1980,2023-09-23,Quebec,Laval Premium Cars,Joseph White,8 Series,Coupe,Pre-Owned,Finance,131838.67,Completed
SAL-1981,2024-08-14,Ontario,Oakville Premium,Susan Jackson,3 Series,Sedan,Pre-Owned,Lease,49388.36,Completed
SAL-1982,2023-03-16,Quebec,Quebec City Motors,JOHN SMITH,X5,SUV,Certified Pre-Owned,Cash,81776.99,Completed
SAL-1983,2023-08-05,Manitoba,Prairie Motors,MARY WILLIAMS,X5,SUV,Pre-Owned,Lease,77478.17,Completed
SAL-1984,2023-01-11,Manitoba,Winnipeg Auto Centre,barbara Anderson,X3,SUV,New,Lease,57841.95,Pending
SAL-1985,2023-04-14,Alberta,Calgary Auto Hub,Susan Jackson,3 Series,Sedan,New,Finance,48950.55,Pending
SAL-1986,2024-12-31,Quebec,Laval Premium Cars,LINDA MOORE,8 Series,Coupe,New,Lease,122442.63,Cancelled
SAL-1987,2023-05-02,Ontario,Downtown Auto Group,David Taylor,4 Series,Coupe,Certified Pre-Owned,Finance,64261.16,Completed
SAL-1988,2024-04-28,Manitoba,Prairie Motors,LINDA MOORE,5 Series,Sedan,Pre-Owned,Finance,67961.5,Completed
SAL-1989,2023-12-04,Manitoba,Winnipeg Auto Centre,MARY WILLIAMS,iX,EV,New,Cash,95623.96,Cancelled
SAL-1990,2024-01-21,Alberta,Edmonton Premier Cars,jane doe,4 Series,Coupe,Pre-Owned,Lease,64276.72,Pending
SAL-1991,2024-01-14,Alberta,Edmonton Premier Cars,David Taylor,i7,EV,Certified Pre-Owned,Finance,140735.08,Pending
SAL-1992,2024-05-27,Ontario,Oakville Premium,Thomas Martin,X3,SUV,New,Finance,54834.67,Pending
SAL-1993,2023-04-11,British Columbia,Vancouver Motors,SARAH THOMPSON,3 Series,Sedan,Certified Pre-Owned,Finance,52917.07,Completed
SAL-1994,2024-12-23,Alberta,Calgary Auto Hub,Thomas Martin,8 Series,Coupe,Pre-Owned,Cash,123592.44,Pending
SAL-1995,2024-04-06,Quebec,Laval Premium Cars,Patricia Davis,i4,EV,Pre-Owned,Lease,74895.84,Completed
SAL-1996,2024-01-22,British Columbia,Pacific Auto Centre,michael Wilson,i7,EV,New,Finance,138390.23,Completed
SAL-1997,2024-03-03,British Columbia,Westcoast Dealership,james BROWN,iX,EV,Certified Pre-Owned,Lease,98721.37,Completed
SAL-1998,2024-11-18,Quebec,Laval Premium Cars,JOHN SMITH,5 Series,Sedan,Certified Pre-Owned,Lease,66475.78,Cancelled
SAL-1999,2023-09-23,Ontario,Lakeview Cars,JOHN SMITH,4 Series,Coupe,Certified Pre-Owned,Cash,57605.98,Cancelled
SAL-2000,2023-03-27,British Columbia,Westcoast Dealership,Richard Thomas,i7,EV,Pre-Owned,Finance,130295.24,Pending
